Free,Money,Credit,Remove,Business,Email,You,Your,Internet,Order,ExclamationMark,DollarSign,CapitalAverage,CapitalLongest,CapitalTotal,SpamScore,Spam
0.0,0.0,0.0,0.0,0.0,0.0,0.0,0.0,0.0,0.0,0.0,0.0,0.002610077167498865,0.012256014525646846,0.005808080808080807,0.0,0
0.10800000000000001,0.0,0.0,0.0,0.0,0.035110533159947985,0.14880000000000002,0.04950495049504951,0.0,0.0,0.0,0.0,0.00017703132092601007,0.0022696323195642307,0.003409090909090909,0.09857612267250823,0
0.036,0.0,0.0,0.0,0.0,0.0,0.019733333333333335,0.016201620162016202,0.0,0.17870722433460076,0.0,0.012266928361138373,0.0031175669541534273,0.03903767589650477,0.057323232323232325,0.04198612632347572,0
0.18000000000000002,0.0,0.0,0.0,0.0,0.0,0.096,0.4473447344734473,0.04050405040504051,0.0,0.6199163816039529,0.11972522080471051,0.0575724012709941,0.3209260099863822,0.04873737373737374,0.8488499452354875,1
0.012,0.0,0.0,0.0,0.0,0.0,0.024,0.018001800180018002,0.015301530153015303,0.032319391634980994,0.011022424933485368,0.005397448478900883,0.0016459373581479801,0.011348161597821153,0.15839646464646465,0.02555677254472435,1
0.0,0.0,0.0,0.028885832187070155,0.0,0.05461638491547463,0.0224,0.0576057605760576,0.0,0.0,0.011782592170277462,0.6226692836113837,0.010909668633681344,0.082614616432138,0.09362373737373739,0.47462577583059506,1
0.0,0.0,0.0,0.0,0.0,0.0,0.0,0.0,0.0,0.0,0.0,0.0,0.0007898320472083524,0.01044030866999546,0.010921717171717171,0.0,0
0.032,0.03265306122448979,0.0,0.0,0.0,0.010403120936280883,0.009066666666666667,0.022502250225022502,0.0,0.0,0.004561003420752566,0.005888125613346419,0.0009596005447117566,0.031320926009986386,0.038131313131313134,0.06717780211756116,0
0.0,0.0,0.0,0.0,0.0,0.04161248374512353,0.0,0.0,0.05850585058505851,0.0,0.0,0.0,0.002807989105764866,0.03903767589650477,0.016477272727272726,0.0,0
0.0,0.0,0.0,0.0,0.0,0.0,0.0,0.0,0.0,0.0,0.0,0.0,0.0017022242396731728,0.004993191103041307,0.002840909090909091,0.0,0
0.0,0.0,0.0,0.0,0.0,0.0,0.1616,0.0,0.0,0.0,0.0,0.0,0.0016059918293236494,0.009078529278256923,0.0022095959595959595,0.0,0
0.0,0.0,0.0,0.0,0.0,0.0,0.11093333333333334,0.0,0.0,0.0,0.0,0.0,0.0,0.0,0.0006313131313131314,0.0,0
0.068,0.0,0.0,0.0,0.033203125,0.0,0.009066666666666667,0.0,0.0,0.0,0.0,0.013248282630029442,0.0009741261915569677,0.004539264639128461,0.010669191919191919,0.07192405987586711,1
0.0,0.03673469387755102,0.0,0.0,0.0,0.0,0.10666666666666667,0.29432943294329433,0.016201620162016202,0.017110266159695818,0.09578107183580388,0.015210991167811582,0.002556513844757149,0.03086699954607354,0.0341540404040404,0.1361810879883169,1
0.22400000000000003,0.0,0.0,0.0,0.0,0.0,0.12000000000000001,0.10081008100810082,0.0,0.0,0.233751425313569,0.0,0.001273717657739446,0.008170676350431231,0.008585858585858586,0.4289886820007302,1
0.0,0.0,0.0,0.0,0.0,0.0,0.0,0.0,0.0,0.0,0.4173318129988598,0.0,0.0010367680435769406,0.0036314117113027695,0.0008838383838383839,0.40087623220153346,0
0.0,0.0,0.0,0.0,0.0,0.0,0.17173333333333335,0.1935193519351935,0.0,0.0,0.0,0.0,0.001193826600090785,0.002723558783477077,0.0027146464646464648,0.0,0
0.0,0.0,0.0,0.0,0.0,0.0,0.0,0.0,0.0,0.0,0.16799695933105285,0.0,0.0010213345438039039,0.0040853381752156154,0.00101010101010101,0.16137276378240234,0
0.0,0.4653061224489795,0.0,0.0,0.0,0.0,0.0,0.3096309630963096,0.0,0.21673003802281368,0.0,0.09666339548577038,0.002433953699500681,0.01543349977303677,0.00505050505050505,0.4881343556042351,1
0.0,0.0,0.0,0.0,0.0,0.0,0.128,0.0,0.0,0.0,0.2694792854427974,0.0,0.006191556967771222,0.017249205628688154,0.01919191919191919,0.2588535962029938,1
0.0,0.0,0.0,0.0,0.0,0.0,0.013866666666666668,0.0,0.0,0.0,0.01710376282782212,0.0,0.0007598729005901043,0.004539264639128461,0.009911616161616161,0.01642935377875137,0
0.0,0.0,0.0,0.0,0.0,0.0,0.0,0.0,0.0,0.0,0.0,0.17369970559371933,0.002766227871084884,0.012709940989559692,0.0053030303030303025,0.12924424972617743,1
0.0,0.0,0.0,0.0,0.0,0.0,0.0,0.025202520252025205,0.0,0.0,0.0,0.0,0.0017267362687244667,0.024512029051293693,0.014962121212121211,0.0,0
0.0,0.0,0.0,0.0,0.0,0.0,0.12373333333333333,0.0,0.0,0.0,0.0,0.0,0.0004230594643667725,0.0013617793917385383,0.0013257575757575758,0.0,0
0.0,0.0,0.0,0.0,0.0,0.0,0.1264,0.09090909090909091,0.0,0.0,0.0,0.0,0.0007725828415796641,0.005447117566954153,0.0062499999999999995,0.0,0
0.0,0.0,0.0,0.09215955983493812,0.0,0.0,0.03573333333333334,0.06030603060306031,0.0,0.0,0.08665906499429875,0.11187438665358196,0.0016768043576940537,0.006808896958692692,0.010542929292929293,0.1664841182913472,1
0.0,0.0,0.0,0.0,0.0,0.0,0.0,0.0,0.0,0.0,0.0676548840744964,0.0,0.000604630049931911,0.002723558783477077,0.0030934343434343434,0.06498722161372764,0
0.0,0.0,0.0,0.0,0.0,0.0,0.05493333333333334,0.0,0.0,0.0,0.0,0.0,0.0004802541988197911,0.0018157058556513845,0.0015782828282828283,0.0,0
0.0,0.0,0.0,0.0,0.0,0.0,0.0,0.0,0.0,0.0,0.0790573926263778,0.30716388616290485,0.002783477076713572,0.007262823422605538,0.003787878787878788,0.3044906900328587,1
0.9,0.0,0.0,0.15405777166437418,0.0,0.14564369310793238,0.12000000000000001,0.2538253825382538,0.10081008100810082,0.0,0.0,0.0,0.0003776668179754878,0.0018157058556513845,0.0031565656565656565,0.8214676889375685,1
0.284,0.0,0.0,0.0,0.0,0.0,0.26666666666666666,0.0,0.0,0.0,0.0,0.0,0.0003513390830685428,0.0018157058556513845,0.0026515151515151517,0.2592186929536327,0
0.0,0.0,0.0,0.0,0.0,0.0,0.026133333333333335,0.021602160216021602,0.0,0.21102661596958178,0.0,0.016192345436702654,0.0020072628234226054,0.01407172038129823,0.030555555555555555,0.012048192771084338,0
0.32000000000000006,0.0,0.0,0.0,0.15625,0.0,0.08533333333333334,0.21602160216021601,0.0,0.0,0.5952109464082098,0.1771344455348381,0.0014870630957784835,0.009532455742169769,0.007765151515151515,0.9956188389923332,1
0.0,0.0,0.0,0.0,0.0,0.0,0.0,0.0,0.09990999099909992,0.0,0.0790573926263778,0.20412168792934252,0.0026781661370857924,0.009986382206082615,0.004924242424242424,0.22782037239868566,1
0.8320000000000001,0.0,0.0,0.14305364511691887,0.0,0.0,0.11093333333333334,0.09360936093609361,0.09360936093609361,0.0,0.0,0.0,0.00879891057648661,0.029051293690422152,0.008712121212121211,0.7594012413289523,1
0.0,0.0,0.0,0.22008253094910596,0.0,0.06892067620286085,0.1136,0.04770477047704771,0.0,0.0,0.0604332953249715,0.0,0.0032274171584203352,0.022696323195642305,0.007702020202020201,0.05805038335158817,1
0.7200000000000001,0.0,0.0,0.0,0.0,0.2860858257477243,0.096,0.25292529252925294,0.018001800180018002,0.0,0.02280501710376283,0.0,0.0014071720381298226,0.019064911484339538,0.014267676767676768,0.67907995618839,0
0.0,0.0,0.0,0.0,0.0,0.0,0.0,0.11971197119711972,0.0,0.0,0.0,0.0,0.0005873808443032229,0.004993191103041307,0.0017045454545454547,0.0,0
0.012,0.07346938775510203,0.0,0.0,0.013671875000000002,0.009102730819245773,0.2336,0.1341134113411341,0.006300630063006301,0.18441064638783272,0.026225769669327256,0.10843964671246321,0.0022024512029051296,0.03222877893781208,0.05164141414141414,0.18254837531945967,1
0.0,0.0,0.0,0.0,0.0,0.0,0.10346666666666667,0.0,0.0,0.0,0.14785252755606235,0.0,0.00023604176123467999,0.0009078529278256922,0.0017676767676767678,0.14202263599853962,0
0.21600000000000003,0.0,0.0,0.14993122420907845,0.642578125,0.0,0.2048,0.1476147614761476,0.0,0.0,0.39718738122386926,0.15750736015701672,0.003674080798910576,0.06309577848388562,0.01332070707070707,0.6958744067177802,1
1.0,0.0,0.0,0.171939477303989,0.0,0.1625487646293888,0.26666666666666666,0.11251125112511251,0.0,0.0,0.08551881413911061,0.0,0.0012256014525646847,0.012709940989559692,0.008396464646464647,0.9948886454910552,1
0.0,0.0,0.0,0.0,0.0,0.0,0.0,0.0,0.0,0.0,0.0,0.0,0.0012482977757603268,0.0018157058556513845,0.0011363636363636363,0.0,0
0.0,0.0,0.0,0.0,0.0,0.0,0.0368,0.0,0.0,0.0,0.10794374762447738,0.04612365063788028,0.0009078529278256923,0.004539264639128461,0.003724747474747475,0.1380065717415115,0
0.0,0.0,0.0,0.0,0.0,0.0,0.0,0.0,0.0,0.0,0.0,0.0,0.0011593281888334092,0.004993191103041307,0.0025252525252525255,0.0,0
0.0,0.0,0.0,0.0,0.0,0.014304291287386214,0.0432,0.041404140414041404,0.0,0.020912547528517112,0.006461421512732802,0.03336604514229637,0.0022160689968225146,0.01543349977303677,0.03143939393939394,0.031033223804308147,0
0.164,0.42448979591836733,0.0,0.056396148555708396,0.080078125,0.0,0.2112,0.20612061206120613,0.0,0.0,0.32915241353097685,0.05053974484789009,0.0036786200635497046,0.09668633681343623,0.030555555555555555,0.8831690397955458,0
0.0,0.16734693877551018,0.0,0.056396148555708396,0.0,0.0,0.10933333333333332,0.1107110711071107,0.0,0.0,0.02546560243253516,0.0,0.0007834770767135723,0.005901044030867,0.0025252525252525255,0.1741511500547645,1
0.27599999999999997,0.13877551020408163,0.0,0.09491059147180193,0.0,0.0,0.3146666666666667,0.1242124212421242,0.0,0.0,0.14405169137210186,0.030912659470068698,0.0009459827507943712,0.004993191103041307,0.005997474747474747,0.5374224169404892,1
0.0,0.0,0.0,0.0,0.0,0.0,0.07733333333333334,0.0,0.0,0.0,0.04713036868110985,0.0,0.001235587834770767,0.013163867453472538,0.0053030303030303025,0.045271997079225995,0
0.18400000000000002,0.0,0.0,0.0,0.0,0.0,0.14933333333333335,0.08370837083708371,0.0,0.0,0.2519954389965793,0.0,0.00038856105310939627,0.008624602814344077,0.007512626262626262,0.4100036509675064,1
0.0,0.0,0.0,0.0,0.0,0.11833550065019505,0.04853333333333334,0.04050405040504051,0.0,0.0,0.0,0.0,0.0010512936904221513,0.008624602814344077,0.008522727272727272,0.0,0
0.13999999999999999,0.0,0.0,0.0,0.0,0.0,0.21013333333333334,0.12871287128712872,0.0,0.0,0.0,0.0,0.006433045846572856,0.06899682251475261,0.011679292929292928,0.12778386272362177,1
0.084,0.14285714285714282,0.0,0.006877579092159561,0.07421875,0.0,0.176,0.135013501350135,0.021602160216021602,0.08745247148288975,0.12238692512352718,0.30716388616290485,0.005352700862460282,0.08715388107126645,0.2063131313131313,0.5505658999634904,1
0.0,0.0,0.0,0.0,0.0,0.0,0.0,0.0,0.0,0.0,0.0,0.0,0.0006954153427144804,0.0013617793917385383,0.0032828282828282827,0.0,0
0.04000000000000001,0.16734693877551018,0.0,0.027510316368638245,0.0390625,0.013003901170351105,0.22240000000000001,0.12151215121512152,0.0,0.0,0.03610794374762448,0.0,0.0015587834770767134,0.01044030866999546,0.020012626262626263,0.22088353413654618,1
0.0,0.0,0.0,0.0,0.0,0.0,0.0,0.0,0.0,0.17300380228136883,0.0,0.0,0.0023658647299137536,0.053563322741715845,0.022474747474747474,0.0,0
0.0,0.0,0.0,0.0,0.0,0.0,0.0,0.0,0.0,0.0,0.0,0.0,0.0004539264639128461,0.0013617793917385383,0.000505050505050505,0.0,0
0.196,0.0,0.059259259259259255,0.1348005502063274,0.126953125,0.0,0.05226666666666667,0.11701170117011701,0.0882088208820882,0.06083650190114069,0.06803496769289244,0.330225711481845,0.0017448933272809805,0.05083976395823877,0.04034090909090909,0.5483753194596568,1
0.0,0.0,0.0,0.0,0.1484375,0.0,0.0,0.0,0.0,0.0,0.0,0.0,0.0011802088061733996,0.002723558783477077,0.0086489898989899,0.0,0
0.052000000000000005,0.0,0.0,0.0,0.0,0.0,0.20533333333333334,0.16741674167416742,0.0,0.024714828897338406,0.0,0.0,0.00046663640490240586,0.009078529278256923,0.009974747474747475,0.047462577583059516,0
0.0,0.0,0.0,0.0,0.0,0.23146944083224966,0.09493333333333334,0.0,0.0,0.0,0.0,0.0,0.001262823422605538,0.0040853381752156154,0.003409090909090909,0.0,0
0.0,0.11836734693877549,0.2518518518518519,0.02613480055020633,0.0,0.1521456436931079,0.20320000000000002,0.15751575157515751,0.08730873087308731,0.16539923954372626,0.15279361459521096,0.1138370951913641,0.002991375397185656,0.021788470267816613,0.05498737373737374,0.5856151880248266,1
0.0,0.0,0.0,0.0,0.0,0.0,0.023466666666666667,0.009900990099009901,0.0,0.0,0.0,0.0,0.0009695869269178394,0.004539264639128461,0.024873737373737374,0.0,0
0.128,0.13061224489795917,0.0,0.04401650618982119,0.0625,0.0,0.12106666666666667,0.29162916291629165,0.0576057605760576,0.0,0.0,0.07703631010794898,0.00044847934634589207,0.0040853381752156154,0.008712121212121211,0.2909821102592187,1
0.0,0.0,0.0,0.0,0.0,0.0,0.0,0.0,0.0,0.0,0.0,0.0,0.0,0.0,0.000505050505050505,0.0,0
0.0,0.0,0.0,0.0,0.0,0.007802340702210662,0.0128,0.016201620162016202,0.0,0.10266159695817492,0.0,0.008341511285574093,0.0018293236495687698,0.016795279164775308,0.08484848484848485,0.006206644760861629,0
0.132,0.0,0.0,0.0,0.0,0.0,0.10773333333333335,0.06030603060306031,0.0,0.0,0.1839604713036868,0.0,0.0007226509305492511,0.008170676350431231,0.012752525252525251,0.29718875502008035,1
0.44400000000000006,0.0,0.0,0.020632737276478682,0.0,0.165149544863459,0.042133333333333335,0.0,0.0,0.11977186311787073,0.32763207905739267,0.34690873405299316,0.004015433499773037,0.022696323195642305,0.0711489898989899,0.9780941949616649,1
0.0,0.27755102040816326,0.14074074074074072,0.0,0.037109375,0.1898569570871261,0.09333333333333334,0.06930693069306931,0.052205220522052204,0.11026615969581749,0.21626757886735082,0.10157016683022572,0.01004448479346346,0.31320926009986383,0.10656565656565657,0.6703176341730559,1
0.0,0.0,0.0,0.0,0.0,0.0,0.0,0.0,0.09720972097209722,0.0,0.0,0.19087340529931307,0.0023604176123467996,0.006808896958692692,0.004482323232323232,0.14202263599853962,1
0.0,0.0,0.0,0.0,0.0,0.0,0.0,0.0,0.0,0.0,0.0,0.0,0.002621879255560599,0.005447117566954153,0.0021464646464646464,0.0,0
0.0,0.0,0.0,0.0,0.0,0.0,0.06826666666666667,0.1152115211521152,0.0,0.0,0.0,0.0,0.001005901044030867,0.006354970494779846,0.006060606060606061,0.0,0
0.0,0.0,0.0,0.0,0.0,0.11443433029908971,0.11840000000000002,0.19981998199819984,0.0,0.0,0.01900418091980236,0.0,0.002516568315932819,0.01997276441216523,0.015656565656565657,0.018254837531945966,0
0.388,0.0,0.0,0.13342503438789546,0.0,0.0,0.0,0.17461746174617462,0.0,0.0,0.3169897377423033,0.0,0.0018629142078983203,0.03041307308216069,0.00726010101010101,0.6586345381526104,1
0.04000000000000001,0.12244897959183672,0.18518518518518517,0.05502063273727649,0.0,0.14434330299089726,0.11893333333333334,0.1827182718271827,0.009000900090009001,0.2699619771863118,0.37058152793614596,0.19430814524043183,0.0019845665002269633,0.02496595551520654,0.06571969696969697,0.8291347207009858,1
0.08000000000000002,0.0,0.0,0.0,0.078125,0.02600780234070221,0.04266666666666667,0.036003600360036005,0.0,0.0,0.0,0.14818449460255154,0.0006600090785292783,0.004539264639128461,0.01193181818181818,0.1832785688207375,1
0.0,0.0,0.0,0.0,0.0,0.0,0.0,0.0,0.2646264626462646,0.0,0.0,0.0,0.012256014525646846,0.01861098502042669,0.005429292929292929,0.0,1
0.128,0.0,0.0,0.0,0.0,0.16775032509752924,0.13813333333333333,0.11611161116111611,0.0,0.0,0.20182440136830104,0.0,0.0030295052201543345,0.05447117566954154,0.021022727272727273,0.31069733479372036,1
0.0,0.0,0.0,0.0,0.0,0.11963589076723016,0.19733333333333336,0.08280828082808281,0.0,0.0,0.0,0.0,0.0013935542442124376,0.004993191103041307,0.004419191919191919,0.0,0
0.0,0.0,0.0,0.0,0.0,0.04161248374512353,0.034133333333333335,0.0288028802880288,0.0,0.0,0.035727860129228434,0.0,0.0008343168406718112,0.005447117566954153,0.01047979797979798,0.03431909456005842,0
0.22400000000000003,0.0,0.0,0.038514442916093544,0.0,0.07282184655396619,0.13440000000000002,0.025202520252025205,0.0,0.05323193916349811,0.01900418091980236,0.0,0.000983204720835225,0.014979573309123922,0.009406565656565656,0.22270901788974082,1
0.0,0.0,0.0,0.0,0.0,0.0,0.34400000000000003,0.0,0.0,0.0,0.0,0.0,0.0006600090785292783,0.0018157058556513845,0.0011363636363636363,0.0,0
0.0,0.06530612244897958,0.0,0.0,0.0,0.0,0.12053333333333333,0.043204320432043204,0.0,0.06083650190114069,0.021664766248574687,0.0,0.0006336813436223333,0.022696323195642305,0.009911616161616161,0.0792259948886455,0
0.21600000000000003,0.0,0.0,0.14855570839064652,0.10546875,0.0,0.23040000000000002,0.09720972097209722,0.0,0.0,0.4484986697073356,0.12365063788027479,0.003924648206990468,0.03041307308216069,0.011363636363636364,0.7199707922599489,1
0.0,0.0,0.0,0.0,0.0,0.0,0.0,0.2142214221422142,0.0,0.0,0.14215127328012164,0.0,0.0016795279164775307,0.006354970494779846,0.0035353535353535356,0.13654618473895583,0
0.0,0.0,0.0,0.0,0.0,0.0,0.0,0.0,0.0,0.0,0.0,0.0,0.0005556059918293237,0.004539264639128461,0.0030934343434343434,0.0,0
0.13999999999999999,0.0,0.0,0.0,0.0,0.18595578673602078,0.09546666666666667,0.09630963096309632,0.0,0.0,0.47776510832383123,0.0,0.002628234226055379,0.02723558783477077,0.016414141414141412,0.5867104782767433,1
0.0,0.0,0.0,1.0,0.0,0.0,0.0,0.0,0.0,0.0,0.112884834663626,0.0,0.0009078529278256923,0.003177485247389923,0.0032196969696969696,0.10843373493975904,1
0.0,0.0,0.0,0.0,0.0,0.0,0.12266666666666666,0.13771377137713772,0.0,0.0,0.0,0.0,0.00017793917385383574,0.0018157058556513845,0.004166666666666667,0.0,0
0.0,0.0,0.0,0.0,0.0,0.07152145643693107,0.088,0.1485148514851485,0.0,0.10456273764258557,0.0,0.025515210991167814,0.005350885156604631,0.04357694053563323,0.024747474747474747,0.018985031033223805,0
0.0,0.0,0.0,0.0,0.0,0.0,0.09813333333333335,0.05490549054905491,0.0,0.0,0.12428734321550743,0.0,6.173399909214713e-05,0.00045392646391284613,0.002904040404040404,0.11938663745892662,0
0.0,0.0,0.0,0.0,0.0,0.0,0.0,0.034203420342034205,0.0,0.0,0.0,0.0,0.0007262823422605537,0.0018157058556513845,0.006755050505050504,0.0,0
0.0,0.0,0.0,0.0,0.0,0.36020806241872555,0.0,0.0,0.0,0.0,0.08285822881033827,0.0,0.0006236949614162507,0.0040853381752156154,0.0016414141414141414,0.07959109163928442,0
0.0,0.0,0.0,0.0,0.0,0.0,0.13653333333333334,0.0,0.0,0.0,0.08817939946788295,0.0,0.0002687244666364049,0.003177485247389923,0.0021464646464646464,0.08470244614822929,0
0.144,0.0,0.0,0.04951856946354884,0.0,0.0,0.176,0.0,0.0,0.0,0.0201444317749905,0.026005888125613347,0.015769405356332276,0.060372219700408535,0.03125,0.1701350857977364,1
0.09200000000000001,0.1877551020408163,0.0,0.0,0.08203125,0.0,0.16640000000000002,0.12241224122412242,0.0315031503150315,0.11026615969581749,0.12314709236031927,0.23846908734052996,0.004639128461189288,0.05220154334997731,0.1399621212121212,0.5476451259583791,1
0.0,0.0,0.0,0.0,0.0,0.0,0.0736,0.16651665166516652,0.0,0.0,0.0,0.0,0.0017993645029505223,0.012256014525646846,0.01047979797979798,0.0,0
0.36000000000000004,0.06530612244897958,0.059259259259259255,0.0674002751031637,0.015625,0.2028608582574772,0.12693333333333334,0.09630963096309632,0.0288028802880288,0.12357414448669203,0.09160015203344736,0.11187438665358196,0.005033136631865638,0.30957784838856106,0.09248737373737374,0.6166484118291348,1
0.04000000000000001,0.16734693877551018,0.0,0.027510316368638245,0.0390625,0.013003901170351105,0.22240000000000001,0.12151215121512152,0.0,0.0,0.03610794374762448,0.0,0.0015587834770767134,0.01044030866999546,0.020012626262626263,0.22088353413654618,1
0.0,0.29387755102040813,0.15185185185185182,0.0,0.0390625,0.2028608582574772,0.09973333333333334,0.0747074707470747,0.0558055805580558,0.11787072243346008,0.20828582288103387,0.09764474975466145,0.012075351793009533,0.31048570131638675,0.0956439393939394,0.6852866009492515,1
0.0,0.0,0.0,0.05914718019257222,0.0,0.0,0.046400000000000004,0.0,0.0387038703870387,0.0,0.15013302926643862,0.0,0.006339536995006809,0.03222877893781208,0.031186868686868686,0.14421321650237315,1
0.0,0.0,0.0,0.0,0.0,0.0,0.0,0.1899189918991899,0.0,0.0,0.7506651463321932,0.18155053974484792,0.03128551974580118,0.042669087607807535,0.02904040404040404,0.8561518802482659,1
0.23199999999999998,0.47346938775510194,0.0,0.0797799174690509,0.11328124999999999,0.07542262678803639,0.030933333333333334,0.1566156615661566,0.052205220522052204,0.0,0.09083998479665527,0.11727183513248284,0.0021225601452564686,0.05537902859736723,0.013005050505050504,0.8097845929171229,1
0.22400000000000003,0.0,0.0,0.07702888583218709,0.66015625,0.0,0.2106666666666667,0.15211521152115212,0.0,0.0,0.4625617635879894,0.1702649656526006,0.003726736268724467,0.06309577848388562,0.012184343434343435,0.7754654983570647,1
0.0,0.0,0.0,0.0,0.0,0.0,0.0,0.0,0.0,0.0,0.0,0.0,0.00032955061280072636,0.0009078529278256922,0.0008838383838383839,0.0,0
0.0,0.0,0.0,0.0,0.0,0.0,0.16906666666666667,0.0,0.0,0.0,0.0,0.0,0.0030576486609169315,0.022696323195642305,0.005176767676767676,0.0,0
0.0,0.5959183673469387,0.0,0.01788170563961486,0.0,0.0,0.2122666666666667,0.04770477047704771,0.0,0.12547528517110268,0.1573546180159635,0.010304219823356234,0.004498411257376306,0.029051293690422152,0.042045454545454546,0.6918583424607521,1
0.0,0.0,0.0,0.0,0.0,0.0,0.0,0.0,0.16021602160216022,0.0,0.0,0.0,0.0004030866999546074,0.0018157058556513845,0.0007575757575757576,0.0,0
0.05600000000000001,0.0,0.05185185185185186,0.019257221458046772,0.0,0.09362808842652795,0.022933333333333333,0.052205220522052204,0.0,0.0,0.22234891676168758,0.022571148184494606,0.0036495687698592824,0.05946436677258284,0.061742424242424244,0.3326031398320555,1
0.0,0.0,0.0,0.0,0.005859375,0.015604681404421323,0.0016,0.0,0.0,0.011406844106463879,0.04865070315469404,0.0,0.0022033590558329552,0.021788470267816613,0.11527777777777778,0.046732384081781674,0
0.09200000000000001,0.09387755102040815,0.0,0.0,0.044921875,0.0,0.37866666666666665,0.1701170117011701,0.0,0.0,0.06651463321930824,0.0,0.00026690876078075355,0.004539264639128461,0.004103535353535353,0.23183643665571377,1
0.0,0.0,0.0,0.0,0.0,0.0,0.0,0.0,0.0,0.0,0.0,0.04906771344455349,0.003221062187925556,0.026327734906945077,0.008838383838383838,0.03650967506389193,1
0.0,0.0,0.0,0.0,0.0,0.0,0.09173333333333333,0.0,0.0,0.0,0.0,0.0,0.001053109396277803,0.004539264639128461,0.003345959595959596,0.0,0
0.0,0.24489795918367344,0.0,0.08253094910591473,0.0,0.07802340702210663,0.19466666666666668,0.10891089108910891,0.0,0.0,0.039908779931584946,0.1545632973503435,0.00201270994098956,0.013163867453472538,0.004608585858585858,0.3723986856516977,1
0.0,0.0,0.0,0.0,0.0,0.0,0.39840000000000003,0.09540954095409541,0.0,0.0,0.0,0.0,0.0,0.0,0.002462121212121212,0.0,0
0.0,0.0,0.0,0.0,0.0,0.0,0.0,0.0,0.0,0.0,0.0,0.0,0.0005510667271901951,0.003177485247389923,0.002777777777777778,0.0,0
0.0,0.0,0.0,0.0,0.0,0.0,0.0624,0.0,0.0,0.0,0.137210186240973,0.08832188420019628,0.0005919201089423512,0.0013617793917385383,0.0023358585858585857,0.19751734209565533,0
0.0,0.0,0.0,0.0,0.0,0.0,0.10026666666666667,0.25472547254725475,0.0,0.0,0.16837704294944889,0.0,0.003315478892419428,0.013617793917385384,0.006691919191919192,0.16173786053304126,1
0.0,0.0,0.0,0.0,0.0,0.0,0.0,0.14491449144914492,0.0,0.0,0.20258456860509313,0.0,0.003177485247389923,0.013617793917385384,0.003914141414141413,0.19459656809054401,0
0.0,0.0,0.0,0.1444291609353508,0.0,0.0,0.0,0.0,0.0,0.0,0.0,0.0,0.003177485247389923,0.014979573309123922,0.006755050505050504,0.0,1
0.124,0.0,0.0,0.0,0.0,0.0,0.13226666666666667,0.08370837083708371,0.0,0.0,0.016343595591030026,0.0,0.000672719019518838,0.005901044030867,0.009722222222222222,0.1288791529755385,1
0.0,0.0,0.0,0.04264099037138928,0.0,0.04031209362808842,0.10133333333333333,0.0279027902790279,0.0,0.0,0.04941087039148613,0.08488714425907753,0.0020372219700408537,0.026781661370857923,0.01755050505050505,0.11062431544359255,1
0.0,0.0,0.0,0.0,0.0,0.010403120936280883,0.018133333333333335,0.022502250225022502,0.0,0.14638783269961977,0.0,0.011776251226692838,0.0014834316840671808,0.015887426236949616,0.03768939393939394,0.008762322015334063,0
0.0,0.0,0.0,0.0,0.0,0.08452535760728218,0.0,0.0,0.0,0.0,0.0,0.0,0.0014434861552428506,0.03086699954607354,0.024305555555555556,0.0,0
0.0,0.0,0.0,0.0,0.0,0.0,0.09013333333333334,0.0,0.0,0.0,0.0,0.0,0.0005619609623241036,0.004993191103041307,0.004229797979797979,0.0,0
0.0,0.0,0.0,0.0,0.0,0.09882964889466839,0.08106666666666668,0.0,0.0,0.0,0.10110224249334855,0.0,0.0,0.0,0.001388888888888889,0.09711573566995255,0
0.0,0.29387755102040813,0.15185185185185182,0.0,0.0390625,0.2028608582574772,0.09973333333333334,0.0747074707470747,0.0558055805580558,0.11787072243346008,0.20828582288103387,0.09764474975466145,0.012075351793009533,0.31048570131638675,0.0956439393939394,0.6852866009492515,1
0.0,0.17551020408163262,0.0,0.028885832187070155,0.013671875000000002,0.036410923276983094,0.18506666666666668,0.14311431143114312,0.006300630063006301,0.0,0.14139110604332955,0.08832188420019628,0.0037349069450748978,0.04539264639128461,0.0648358585858586,0.3585250091274188,1
0.0,0.0,0.0,0.0,0.0,0.006501950585175552,0.011733333333333333,0.0144014401440144,0.0,0.09505703422053233,0.0,0.007850834151128559,0.0016223331820245119,0.02088061733999092,0.06875,0.005841548010222709,0
0.248,0.0,0.0,0.08528198074277855,0.12109375,0.0,0.06666666666666667,0.2259225922592259,0.0,0.0,0.1733181299885975,0.13395485770363103,0.0013799364502950521,0.009532455742169769,0.007575757575757575,0.4925155166119022,1
0.0,0.0,0.0,0.0,0.0,0.0,0.12000000000000001,0.0,0.0,0.14258555133079848,0.0,0.0,0.00015978211529732173,0.0009078529278256922,0.0011994949494949494,0.0,0
0.0,0.0,0.0,0.0,0.0,0.0,0.0624,0.21152115211521152,0.0,0.0,0.0,0.0,0.0006899682251475262,0.004993191103041307,0.00505050505050505,0.0,0
0.0,0.0,0.0,0.0,0.0,0.0,0.19253333333333333,0.0,0.0,0.0,0.04561003420752566,0.0,0.0008715388107126645,0.0036314117113027695,0.0030303030303030303,0.04381161007667032,0
0.236,0.024489795918367342,0.02222222222222222,0.008253094910591473,0.037109375,0.04291287386215865,0.18666666666666668,0.13681368136813682,0.029702970297029705,0.13688212927756654,0.03838844545800076,0.04955839057899903,0.0030848842487517015,0.035406264185202,0.0807449494949495,0.3329682365826944,1
0.0,0.0,0.24814814814814815,0.0,0.0,0.0,0.07146666666666668,0.12061206120612061,0.0,0.0,0.0,0.0,0.00020154334997730375,0.0018157058556513845,0.00202020202020202,0.24461482292807596,0
0.0,0.0,0.0,0.0,0.0,0.0,0.0,0.0,0.0,0.0,0.0,0.0,0.001420789832047208,0.0040853381752156154,0.0036616161616161618,0.0,0
0.0,0.0,0.0,0.0,0.0,0.0,0.0,0.29432943294329433,0.0,0.0,0.0999619916381604,0.0,0.0010167952791647755,0.009532455742169769,0.0032828282828282827,0.09602044541803578,0
0.0,0.0,0.36296296296296293,0.04401650618982119,0.0,0.0,0.017066666666666667,0.05850585058505851,0.0,0.12357414448669203,0.3261117445838084,0.04955839057899903,0.305265546981389,0.5197458011802089,0.08510101010101011,0.7079225994888646,1
0.0,0.0,0.0,0.0,0.05664062499999999,0.009102730819245773,0.0037333333333333337,0.006300630063006301,0.012601260126012603,0.0,0.011782592170277462,0.0,0.0008279618701770313,0.009532455742169769,0.03579545454545455,0.011317999269806499,0
0.0,0.0,0.0,0.3067400275103164,0.0,0.07152145643693107,0.1786666666666667,0.09990999099909992,0.0,0.0,0.18206005321170657,0.0,0.014288697231048572,0.06627326373127554,0.024242424242424242,0.17488134355604235,1
0.0,0.0,0.0,0.0,0.072265625,0.048114434330299084,0.168,0.08280828082808281,0.0,0.0,0.1763587989357659,0.0,0.00035587834770767137,0.0013617793917385383,0.00486111111111111,0.16940489229645858,1
0.0,0.15918367346938775,0.2185185185185185,0.02613480055020633,0.037109375,0.024707412223667097,0.031466666666666664,0.0351035103510351,0.0,0.036121673003802285,0.0661345496009122,0.26889106967615317,0.0035996368588288694,0.04357694053563323,0.06262626262626263,0.6213946695874407,1
0.0,0.0,0.0,0.0,0.0,0.0,0.11200000000000002,0.063006300630063,0.0,0.0,0.0,0.0,0.0006772582841579664,0.005447117566954153,0.00909090909090909,0.0,0
0.0,0.0,0.0,0.0,0.0,0.0,0.0,0.0,0.0,0.0,0.0,0.0,0.0011838402178847023,0.0040853381752156154,0.0032828282828282827,0.0,0
0.0,0.0,0.0,0.0,0.0,0.0,0.0,0.10891089108910891,0.0,0.0,0.0,0.0,0.00030231502496595546,0.0009078529278256922,0.001452020202020202,0.0,0
0.0,0.0,0.0,0.0,0.0,0.0,0.1616,0.13591359135913592,0.0,0.0,0.020904599011782595,0.0,0.0008597367226509306,0.002723558783477077,0.004608585858585858,0.020080321285140562,0
0.0,0.0,0.0,0.0,0.0,0.0,0.15093333333333334,0.0279027902790279,0.0,0.0,0.036488027366020526,0.0,0.0012419428052655467,0.01997276441216523,0.01130050505050505,0.03504928806133625,0
0.0,0.0,0.0,0.0,0.0,0.0,0.4037333333333334,0.13591359135913592,0.0,0.0,0.0,0.0,0.0016059918293236494,0.006354970494779846,0.0022095959595959595,0.0,1
0.0,0.048979591836734684,0.0,0.0,0.0,0.0,0.06453333333333333,0.08640864086408641,0.0,0.0,0.26339794754846063,0.0,0.0003041307308216068,0.004539264639128461,0.012247474747474747,0.2968236582694414,1
0.0,0.0,0.0,0.0,0.0,0.0,0.0,0.0,0.0,0.0,0.24515393386545042,0.0,0.000604630049931911,0.002723558783477077,0.0008838383838383839,0.23548740416210298,0
0.15600000000000003,0.0,0.0,0.0,0.15234375,0.0,0.1456,0.1053105310531053,0.0,0.0,0.33029266438616495,0.09126594700686949,0.0027235587834770767,0.03495233772128915,0.016098484848484848,0.5275648046732384,1
0.43200000000000005,0.2204081632653061,0.0,0.0,0.0,0.035110533159947985,0.057600000000000005,0.024302430243024305,0.04860486048604861,0.0,0.1740782972253896,0.24730127576054958,0.001755787562414889,0.028597367226509306,0.036426767676767675,0.9426798101496898,1
0.0,0.0,0.0,0.0,0.052734375,0.0,0.07413333333333333,0.0,0.0,0.0,0.0,0.0,0.0001788470267816614,0.0022696323195642307,0.006818181818181818,0.0,0
0.0,0.0,0.0,0.0,0.0,0.0,0.09493333333333334,0.0,0.0,0.0,0.5134929684530597,0.0,0.02814344076259646,0.033590558329550615,0.010037878787878787,0.49324571011318,1
0.0,0.0,0.0,0.0,0.0,0.0,0.0,0.0,0.0,0.0,0.06993538578487267,0.0,0.001664094416704494,0.004539264639128461,0.0031565656565656565,0.06717780211756115,0
0.0,0.016326530612244896,0.0,0.0,0.0,0.0,0.0074666666666666675,0.0018001800180018,0.0,0.0,0.011402508551881414,0.0,0.014202451202905128,0.06945074897866546,0.5736742424242425,0.025556772544724354,1
0.6880000000000001,0.0,0.0,0.0,0.0,0.1118335500650195,0.04586666666666667,0.0,0.0,0.0,0.09540098821740783,0.12315996074582926,0.0009278256922378574,0.004993191103041307,0.005681818181818181,0.8112449799196787,1
0.0,0.5224489795918367,0.0,0.0,0.0,0.0,0.06826666666666667,0.576957695769577,0.0,0.0,0.0,0.10009813542688911,0.0037957330912392197,0.010894235133908307,0.0035353535353535356,0.5418035779481563,1
0.0,0.0,0.0,0.0,0.0,0.0,0.0,0.0,0.0,0.0,0.0,0.0,0.0,0.0,0.0008207070707070708,0.0,0
0.0,0.0,0.0,0.0,0.08984375,0.0,0.14773333333333336,0.2079207920792079,0.041404140414041404,0.0,0.031166856708475868,0.4038272816486752,0.0021788470267816613,0.004993191103041307,0.006376262626262626,0.33041255932822194,1
0.0,0.0,0.0,0.0,0.0,0.0,0.027733333333333336,0.041404140414041404,0.0,0.0,0.017863930064614217,0.013738959764474978,0.0008606445755787562,0.009986382206082615,0.052714646464646464,0.02738225629791895,0
0.0,0.0,0.0,0.0,0.0,0.0,0.4101333333333334,0.0,0.0,0.0,0.2481946028126188,0.0,0.000604630049931911,0.0018157058556513845,0.0005681818181818182,0.23840817816721432,0
0.020000000000000004,0.09387755102040815,0.12962962962962962,0.0,0.0,0.06892067620286085,0.06346666666666667,0.04770477047704771,0.004500450045004501,0.020912547528517112,0.01216267578867351,0.06869479882237489,0.000330458465728552,0.005901044030867,0.019065656565656564,0.2928075940124133,1
0.0,0.0,0.0,0.0,0.0,0.0,0.05333333333333334,0.09000900090009001,0.0,0.0,0.0,0.0,0.000604630049931911,0.0022696323195642307,0.003409090909090909,0.0,0
0.0,0.0,0.0,0.0,0.0,0.0,0.2906666666666667,0.32673267326732675,0.0,0.0,0.0,0.0,0.0001134816159782116,0.00045392646391284613,0.000505050505050505,0.0,0
0.0,0.0,0.0,0.0,0.0,0.6280884265279583,0.2576,0.0,0.0,0.0,0.0,0.14818449460255154,0.0006354970494779846,0.0018157058556513845,0.00101010101010101,0.11025921869295363,1
0.0,0.0,0.0,0.0,0.0,0.0,0.1568,0.0,0.0,0.0,0.19194222729000382,0.0,0.0012482977757603268,0.0013617793917385383,0.0011363636363636363,0.18437385907265427,0
0.0,0.0,0.37777777777777777,0.0,0.0,0.0,0.018133333333333335,0.06120612061206121,0.0,0.12927756653992398,0.3416951729380464,0.05152109911678116,0.604630049931911,0.604630049931911,0.08415404040404041,0.7389558232931728,1
0.0,0.0,0.0,0.0,0.0,0.0,0.15466666666666667,0.052205220522052204,0.0,0.0,0.0,0.0,0.0007208352246935997,0.0022696323195642307,0.0043560606060606055,0.0,0
0.0,0.0,0.0,0.0,0.0,0.0,0.18346666666666667,0.0,0.0,0.0,0.0,0.0,0.0009078529278256923,0.0018157058556513845,0.0015782828282828283,0.0,0
0.0,0.3795918367346939,0.1962962962962963,0.0,0.05078125,0.29388816644993493,0.128,0.09540954095409541,0.07200720072007201,0.15209125475285173,0.22538958570885595,0.10647693817468107,0.009498865183840218,0.23785746709033137,0.07013888888888889,0.8287696239503469,1
0.0,0.0,0.0,0.0,0.0,0.08192457737321196,0.050666666666666665,0.0423042304230423,0.0,0.0,0.0661345496009122,0.0,0.0027471629596005445,0.044938719927371765,0.03832070707070707,0.06352683461117196,0
0.124,0.12653061224489795,0.0,0.04264099037138928,0.060546875,0.0,0.136,0.2871287128712871,0.0279027902790279,0.0,0.0,0.07948969578017666,0.0004675442578302315,0.0040853381752156154,0.009027777777777777,0.2855056589996349,1
0.0,0.0,0.0,0.0,0.0,0.006501950585175552,0.012266666666666669,0.015301530153015303,0.0,0.10076045627376427,0.0,0.007850834151128559,0.0016822514752610077,0.02088061733999092,0.056502525252525256,0.005841548010222709,0
0.0,0.0,0.0,0.0,0.0,0.0,0.08693333333333333,0.036003600360036005,0.0,0.0,0.0,0.0,0.00014162505674080795,0.0009078529278256922,0.0036616161616161618,0.0,0
0.0,0.0,0.0,0.0,0.0,0.0,0.057600000000000005,0.0,0.0,0.0,0.0,0.0,0.0012900590104403084,0.005447117566954153,0.005744949494949495,0.0,0
0.0,0.0,0.0,0.0,0.0,0.0,0.0,0.0,0.0,0.0,0.17027746104142913,0.0,0.0009078529278256923,0.0013617793917385383,0.0017045454545454547,0.16356334428623587,0
0.196,0.0,0.059259259259259255,0.1348005502063274,0.126953125,0.0,0.05226666666666667,0.11701170117011701,0.0882088208820882,0.06083650190114069,0.06803496769289244,0.33071638861629055,0.0017448933272809805,0.05083976395823877,0.04034090909090909,0.5487404162102958,1
0.0,0.0,0.0,0.0,0.0,0.0,0.0,0.0,0.0,0.0,0.0,0.0,0.0004539264639128461,0.0013617793917385383,0.001452020202020202,0.0,0
0.0,0.0,0.0,0.0,0.0,0.0,0.0,0.0,0.0,0.0,0.0,0.0,0.0002414888788016342,0.0013617793917385383,0.0011363636363636363,0.0,1
0.0,0.0,0.0,0.06877579092159561,0.0,0.0,0.06666666666666667,0.022502250225022502,0.022502250225022502,0.0,0.01710376282782212,0.0,0.00029414434861552445,0.0018157058556513845,0.006123737373737373,0.01642935377875137,0
0.0,0.29387755102040813,0.0,0.0,0.0,0.0,0.038400000000000004,0.09810981098109811,0.0,0.0,0.02394526795895097,0.061825318940137396,0.001418066273263731,0.01543349977303677,0.007702020202020201,0.3318729463307777,0
0.132,0.0,0.0,0.045392022008253104,0.0,0.0858257477243173,0.1424,0.09000900090009001,0.029702970297029705,0.252851711026616,0.021664766248574687,0.11285574092247304,0.003884702678166137,0.03676804357694054,0.014267676767676768,0.22526469514421327,1
0.0,0.0,0.0,0.0,0.0,0.0,0.0,0.0,0.0,0.0,0.0,0.0,0.000604630049931911,0.002723558783477077,0.0015151515151515152,0.0,0
0.0,0.0,0.0,0.0,0.0,0.0,0.0,0.0,0.0,0.0,0.15849486887115166,0.10206084396467126,0.0025528824330458464,0.006808896958692692,0.003787878787878788,0.22818546914932458,1
0.1,0.03265306122448979,0.06296296296296297,0.034387895460797804,0.015625,0.12093628088426527,0.08586666666666667,0.037803780378037805,0.015301530153015303,0.11216730038022814,0.1497529456480426,0.05593719332679098,0.005937358147980028,0.3032228778937812,0.08895202020202021,0.3680175246440307,1
0.0,0.0,0.0,0.0,0.0,0.0,0.19733333333333336,0.0,0.0,0.0,0.0,0.0,0.0001697684975034045,0.0013617793917385383,0.0011363636363636363,0.0,0
0.0,0.0,0.0,0.0,0.0,0.0,0.03573333333333334,0.0,0.0,0.0,0.08247814519194223,0.0,0.00030866999546073535,0.005901044030867,0.004166666666666667,0.0792259948886455,0
0.0,0.0,0.24814814814814815,0.2764786795048143,0.0,0.26137841352405716,0.07146666666666668,0.1809180918091809,0.0,0.0,0.11592550361079437,0.0,0.0010549251021334544,0.005901044030867,0.005808080808080807,0.3559693318729464,1
0.0,0.0,0.0,0.0,0.0,0.0,0.0,0.0,0.0,0.0,0.0,0.0,0.0009078529278256923,0.002723558783477077,0.0006944444444444445,0.0,0
0.0,0.0,0.0,0.13755158184319122,0.0,0.0,0.16053333333333333,0.0,0.0,0.0,0.0668947168377043,0.0,0.003155696777122106,0.008624602814344077,0.005871212121212121,0.0642570281124498,1
0.0,0.0,0.0,0.0,0.0,0.0,0.3045333333333334,0.1278127812781278,0.0,0.0,0.0,0.0,0.0010213345438039039,0.0018157058556513845,0.00101010101010101,0.0,0
0.0,0.0,0.0,0.0,0.0,0.0,0.2,0.0558055805580558,0.0,0.0,0.0,0.0,0.0015469813890149797,0.02088061733999092,0.007449494949494949,0.0,0
0.0,0.0,0.0,0.0,0.13671875,0.0,0.07466666666666667,0.126012601260126,0.0,0.0,0.0,0.0,0.015389922832501138,0.09033136631865638,0.023737373737373738,0.0,0
0.0,0.0,0.0,0.0,0.0,0.16775032509752924,0.10293333333333334,0.08640864086408641,0.0,0.0,0.2957050551121247,0.0,0.0025020426690876077,0.02723558783477077,0.017487373737373735,0.28404527199707924,1
0.0,0.0,0.0,0.0,0.0,0.0,0.033600000000000005,0.0,0.0,0.0,0.0,0.0,0.0005083976395823877,0.0036314117113027695,0.003977272727272727,0.0,0
0.0,0.0,0.0,0.0,0.0,0.2548764629388816,0.0,0.0,0.0,0.0,0.0,0.0,0.0017703132092601,0.004539264639128461,0.0036616161616161618,0.0,0
0.21600000000000003,0.310204081632653,0.05185185185185186,0.004126547455295736,0.0703125,0.04161248374512353,0.16266666666666665,0.1305130513051305,0.09090909090909091,0.07604562737642587,0.13036868110984418,0.06918547595682041,0.0021134816159782115,0.0817067635043123,0.10227272727272728,0.7024461482292808,1
0.0,0.0,0.0,0.0,0.0,0.0,0.0,0.0,0.0,0.0,0.0,0.0,0.0007262823422605537,0.0018157058556513845,0.0022095959595959595,0.0,0
0.0,0.0,0.0,0.0,0.0,0.0,0.019733333333333335,0.0,0.0,0.0,0.02242493348536678,0.0,0.0036459373581479797,0.019064911484339538,0.019570707070707072,0.02154070828769624,0
0.0,0.0,0.0,0.0,0.0,0.0,0.19893333333333335,0.0333033303330333,0.0,0.0,0.025085518814139115,0.0,0.0005038583749432591,0.0013617793917385383,0.0008207070707070708,0.024096385542168676,0
0.0,0.0,0.0,0.0,0.0,0.0,0.0,0.0,0.0,0.0,0.0,0.0,0.0,0.0,0.00031565656565656563,0.0,1
0.264,0.0,0.0,0.0,0.0,0.0,0.08106666666666668,0.1278127812781278,0.008100810081008101,0.0,0.22462941847206386,0.0,0.002069904675442578,0.013617793917385384,0.04861111111111111,0.45673603504928806,1
0.576,0.0,0.0,0.0,0.0,0.0,0.3088,0.12961296129612962,0.0,0.0,0.20600532117065756,0.13297350343473996,0.0010503858374943257,0.004539264639128461,0.0025252525252525255,0.8225629791894853,1
0.20800000000000002,0.0,0.0,0.1444291609353508,0.0,0.0,0.05600000000000001,0.046804680468046804,0.0,0.0,0.0,0.0,0.0016522923286427598,0.009986382206082615,0.0068813131313131305,0.18985031033223806,1
0.0,0.0,0.0,0.0,0.0,0.0,0.15786666666666668,0.0,0.0,0.0,0.14329152413530977,0.0,0.0,0.0,0.00202020202020202,0.1376414749908726,0
0.7280000000000001,0.0,0.0,0.0,0.0,0.0,0.2272,0.0,0.054005400540054004,0.0,0.0733561383504371,0.0,0.000781661370857921,0.011348161597821153,0.004166666666666667,0.7349397590361446,1
0.0,0.0,0.0,0.0,0.0,0.0,0.33333333333333337,0.0,0.0,0.0,0.0,0.0,6.899682251475258e-05,0.00045392646391284613,0.0008207070707070708,0.0,0
0.0,0.0,0.0,0.0,0.0,0.0,0.11466666666666667,0.0639063906390639,0.0,0.0,0.0,0.0,0.0017603268270540173,0.022696323195642305,0.006060606060606061,0.0,0
0.0,0.0,0.0,0.0,0.0,0.0,0.06453333333333333,0.0,0.0,0.0,0.0,0.0,0.00015070358601906484,0.00045392646391284613,0.0012626262626262627,0.0,0
0.0,0.0,0.0,0.0,0.0,0.0,0.4037333333333334,0.13591359135913592,0.0,0.0,0.0,0.0,0.0016059918293236494,0.006354970494779846,0.0022095959595959595,0.0,1
0.0,0.0,0.0,0.0,0.0,0.0,0.0,0.0,0.0,0.17870722433460076,0.0,0.0,0.0003776668179754878,0.0022696323195642307,0.0020833333333333333,0.0,0
0.168,0.0,0.0,0.0,0.0,0.05461638491547463,0.0896,0.037803780378037805,0.0,0.0,0.0,0.0,0.0004421243758511122,0.003177485247389923,0.003787878787878788,0.15334063526834613,0
0.0,0.0,0.0,0.0,0.0,0.0,0.08373333333333334,0.0,0.0,0.0,0.0,0.0,0.0,0.0,0.000946969696969697,0.0,0
0.15200000000000002,0.0,0.0,0.0,0.0,0.049414824447334194,0.1232,0.06930693069306931,0.0,0.0,0.06157354618015964,0.0,0.0036949614162505675,0.031320926009986386,0.01818181818181818,0.19788243884629428,0
0.0,0.0,0.0,0.0,0.0,0.0,0.0864,0.0,0.0,0.0,0.0,0.0,0.0018511121198365866,0.005447117566954153,0.009722222222222222,0.0,0
0.0,0.0,0.0,0.0,0.0,0.0,0.0,0.0,0.0,0.0,0.04522995058912961,0.02894995093228656,0.004670903313663186,0.05174761688606446,0.021275252525252523,0.06498722161372764,0
0.08800000000000001,0.0,0.0,0.030261348005502068,0.0,0.0,0.10826666666666666,0.019801980198019802,0.0,0.0,0.24591410110224252,0.0,0.0007889241942805265,0.009078529278256923,0.01351010101010101,0.31653888280394304,1
0.0,0.0,0.7925925925925926,0.019257221458046772,0.0,0.0,0.15253333333333333,0.18001800180018002,0.0,0.0,0.09160015203344736,0.03532875368007851,0.004755333635950976,0.016341352700862462,0.07752525252525252,0.8955823293172692,1
0.0,0.0,0.0,0.0,0.0,0.0,0.0,0.0,0.0,0.0,0.0,0.0,0.0024965955515206537,0.0036314117113027695,0.0008838383838383839,0.0,0
0.0,0.0,0.0,0.0,0.0,0.0,0.0,0.0576057605760576,0.0,0.0,0.08855948308627899,0.0,0.007716749886518385,0.03767589650476623,0.020328282828282827,0.08506754289886821,1
0.068,0.0,0.06296296296296297,0.02338376891334251,0.0,0.1118335500650195,0.018133333333333335,0.04590459045904591,0.0,0.0,0.11972633979475486,0.0,0.004869723104857013,0.06718111665910123,0.05940656565656566,0.23913837166849217,1
0.0,0.0,0.0,0.0,0.0,0.0,0.053866666666666674,0.0,0.0,0.0,0.0,0.0,0.0018547435315478893,0.006354970494779846,0.0043560606060606055,0.0,0
0.128,0.13061224489795917,0.0,0.04401650618982119,0.0625,0.0,0.1216,0.2934293429342934,0.0288028802880288,0.0,0.0,0.07752698724239451,0.00044847934634589207,0.0040853381752156154,0.008712121212121211,0.29134720700985767,1
0.0,0.0,0.0,0.0,0.01171875,0.019505851755526656,0.032,0.030603060306030605,0.0036003600360036,0.007604562737642586,0.011782592170277462,0.01913640824337586,0.0011311847480708122,0.024058102587380847,0.189520202020202,0.025556772544724354,0
0.0,0.03673469387755102,0.0,0.0,0.017578125,0.0,0.06773333333333334,0.30423042304230424,0.032403240324032405,0.017110266159695818,0.011402508551881414,0.007360157016683023,0.0028978665456196096,0.021334543803903767,0.03566919191919192,0.049288061336254116,1
0.044000000000000004,0.0,0.0,0.0,0.021484375,0.0,0.14986666666666668,0.08100810081008102,0.0,0.0,0.019384264538198404,0.0,0.0017648660916931456,0.02814344076259646,0.026893939393939394,0.058780576852866015,0
0.0,0.0,0.0,0.0,0.0,0.0,0.13813333333333333,0.0,0.0,0.0,0.0,0.0,0.00031774852473899246,0.0013617793917385383,0.0016414141414141414,0.0,0
0.0,0.0,0.0,0.0,0.0,0.6840052015604681,0.28053333333333336,0.0,0.0,0.0,0.0,0.1658488714425908,0.000604630049931911,0.0018157058556513845,0.0005681818181818182,0.12340270171595474,1
0.0,0.0,0.0,0.06877579092159561,0.197265625,0.13133940182054615,0.16213333333333335,0.09090909090909091,0.0,0.0,0.0676548840744964,0.0,0.0007190195188379484,0.007262823422605538,0.0059343434343434335,0.06498722161372764,1
0.0,0.0,0.0,0.0,0.0,0.0,0.0,0.0,0.0,0.0,0.0,0.0,0.0009959146618247843,0.005447117566954153,0.005366161616161616,0.0,0
0.11200000000000002,0.0,0.0,0.0,0.0,0.0,0.06026666666666666,0.025202520252025205,0.05040504050405041,0.0,0.017483846446218167,0.0,0.0006000907852927827,0.0022696323195642307,0.007386363636363636,0.1190215407082877,1
0.0,0.0,0.0,0.0,0.0,0.0,0.0,0.0,0.0,0.0,0.5100722158874953,0.0,0.0001815705855651384,0.00045392646391284613,0.0006944444444444445,0.48995983935742976,0
0.164,0.16734693877551018,0.0,0.0,0.0,0.10663198959687904,0.19893333333333335,0.1116111611161116,0.0,0.0,0.18244013683010263,0.2693817468105987,0.0019664094416704495,0.008170676350431231,0.007133838383838384,0.6750638919313618,1
0.5,0.0,0.0,0.171939477303989,0.244140625,0.1625487646293888,0.06666666666666667,0.33753375337533753,0.0,0.0,0.11326491828202205,0.0,0.00270177031320926,0.01407172038129823,0.010732323232323232,0.5651697699890471,1
0.0,0.2040816326530612,0.0,0.0,0.0,0.0,0.02666666666666667,0.09000900090009001,0.0,0.47528517110266166,0.0,0.13101079489695783,0.008508397639582388,0.051293690422151615,0.028093434343434344,0.28002920774005113,1
0.0,0.0,0.0,0.0,0.0,0.0,0.0,0.0,0.0,0.0,0.0,0.0,0.0006981389014979572,0.0022696323195642307,0.001388888888888889,0.0,0
0.0,0.0,0.0,0.12929848693259974,0.0,0.0,0.1008,0.0423042304230423,0.0,0.0,0.0,0.0,0.0010213345438039039,0.004539264639128461,0.006376262626262626,0.0,1
0.43200000000000005,0.2204081632653061,0.0,0.0,0.0,0.035110533159947985,0.057600000000000005,0.024302430243024305,0.04860486048604861,0.0,0.17141771189661728,0.24337585868498532,0.001755787562414889,0.028597367226509306,0.036426767676767675,0.937203358890106,1
0.0,0.0,0.0,0.0,0.052734375,0.0,0.0,0.0,0.008100810081008101,0.0,0.0,0.06133464180569186,0.0012310485701316383,0.009078529278256923,0.0404040404040404,0.045637093829864916,0
0.0,0.0,0.0,0.0,0.0,0.0,0.12373333333333333,0.0,0.0,0.0,0.0,0.0,0.0,0.0,0.0006313131313131314,0.0,0
0.0,0.0,0.0,0.0,0.0,0.0,0.064,0.0,0.0,0.0,0.07981755986316989,0.0,0.0004121652292328643,0.0018157058556513845,0.001957070707070707,0.07667031763417306,0
0.0,0.0,0.0,0.0,0.0,0.0,0.07466666666666667,0.31503150315031503,0.0,0.06653992395437262,0.0,0.0,0.0013463458919655016,0.007262823422605538,0.014204545454545454,0.0,0
0.0,0.0,0.0,0.0,0.0,0.0,0.10026666666666667,0.0,0.0,0.0,0.10528316229570507,0.0,0.0018157058556513843,0.007262823422605538,0.0031565656565656565,0.10113179992698067,0
0.0,0.03265306122448979,0.0,0.011004126547455298,0.033203125,0.010403120936280883,0.064,0.2853285328532853,0.037803780378037805,0.015209125475285173,0.03762827822120867,0.006869479882237489,0.0027871084884248756,0.021334543803903767,0.03617424242424242,0.07046367287331143,1
0.0,0.0,0.0,0.0,0.0,0.0,0.0256,0.0,0.0,0.0,0.0,0.0,0.0009841125737630506,0.0036314117113027695,0.007702020202020201,0.0,0
0.0,0.0,0.0,0.0,0.0,0.0,0.0,0.0,0.0,0.0,0.1676168757126568,0.3248282630029441,0.002783477076713572,0.007262823422605538,0.003787878787878788,0.40270171595472803,1
0.148,0.0,0.0,0.0,0.0,0.0,0.12106666666666667,0.40864086408640865,0.0333033303330333,0.07034220532319392,0.47358418852147477,0.09617271835132485,0.055832955061280075,0.3831139355424421,0.06306818181818183,0.6615553121577219,1
0.128,0.13061224489795917,0.0,0.08803301237964238,0.0625,0.04161248374512353,0.12106666666666667,0.29162916291629165,0.0288028802880288,0.0,0.0,0.0814524043179588,0.0006246028143440761,0.008170676350431231,0.009848484848484848,0.294267981014969,1
0.0,0.0,0.0,0.013755158184319122,0.01953125,0.0,0.0,0.0,0.046804680468046804,0.019011406844106467,0.006081337894336755,0.031403336604514234,0.0008306854289605086,0.012709940989559692,0.021338383838383837,0.029207740051113547,1
0.0,0.0,0.0,0.0,0.0,0.006501950585175552,0.010666666666666668,0.013501350135013501,0.0,0.09695817490494298,0.0,0.006869479882237489,0.002509305492510213,0.038129822968679075,0.08977272727272728,0.005111354508944871,0
0.0,0.0,0.0,0.0,0.0,0.0,0.014933333333333335,0.0,0.0,0.0,0.0,0.0,0.00038674534725374494,0.002723558783477077,0.006060606060606061,0.0,0
0.096,0.24081632653061222,0.0,0.004126547455295736,0.080078125,0.003901170351105331,0.1594666666666667,0.11251125112511251,0.0054005400540054005,0.09885931558935362,0.16153553781832003,0.28115799803729147,0.004322287789378121,0.05901044030867,0.14034090909090907,0.6673968601679445,1
0.18400000000000002,0.0,0.0,0.015130674002751034,0.044921875,0.044213263979193757,0.030933333333333334,0.052205220522052204,0.0,0.06463878326996199,0.12238692512352718,0.04612365063788028,0.0014307762142532908,0.021334543803903767,0.024494949494949493,0.31982475355969336,1
0.0,0.18367346938775508,0.0,0.0,0.087890625,0.014304291287386214,0.18826666666666667,0.11251125112511251,0.009900990099009901,0.19391634980988595,0.1007221588749525,0.06476938174681061,0.0029187471629596004,0.064911484339537,0.04198232323232323,0.30923694779116473,1
0.0,0.0,0.0,0.0,0.0,0.0,0.432,0.0,0.0,0.0,0.0,0.0,0.0013962778029959146,0.009078529278256923,0.00202020202020202,0.0,0
0.0,0.0,0.0,0.0,0.0,0.0,0.0,0.052205220522052204,0.0,0.0,0.040668947168377045,0.0,0.0004820699046754424,0.0022696323195642307,0.0030303030303030303,0.03906535231836437,0
0.0,0.0,0.0,0.15268225584594228,0.0,0.0,0.11840000000000002,0.09990999099909992,0.0,0.0,0.07677689091600153,0.0,0.0027235587834770767,0.006808896958692692,0.002462121212121212,0.0737495436290617,1
0.144,0.4489795918367347,0.0,0.15130674002751035,0.359375,0.09492847854356305,0.1376,0.09900990099009901,0.0,0.0,0.16533637400228052,0.030421982335623165,0.0030966863368134356,0.08579210167952792,0.018876262626262626,0.7144943410003651,1
0.0,0.11020408163265305,0.0,0.008253094910591473,0.0,0.0,0.1962666666666667,0.07290729072907291,0.018001800180018002,0.0,0.18015963511972635,0.09666339548577038,0.0020753517930095326,0.023604176123467997,0.03832070707070707,0.3435560423512231,1
0.248,0.08163265306122448,0.0,0.0,0.244140625,0.0,0.24533333333333332,0.207020702070207,0.0,0.0,0.13112884834663627,0.16928361138370954,0.0037512482977757598,0.016341352700862462,0.02683080808080808,0.5512960934647682,1
0.0,0.22448979591836735,0.04814814814814815,0.03713892709766163,0.0,0.0,0.20853333333333335,0.23852385238523852,0.011701170117011701,0.21102661596958178,0.49182820220448503,0.08930323846908735,0.0033999092147072173,0.10485701316386746,0.04577020202020202,0.7871485943775102,1
0.0,0.0,0.0,0.0,0.0,0.20416124837451233,0.0,0.0,0.0,0.0,0.0,0.09028459273797843,0.0065011348161597825,0.013617793917385384,0.015909090909090907,0.06717780211756115,1
0.21600000000000003,0.310204081632653,0.05185185185185186,0.004126547455295736,0.0703125,0.046814044213263975,0.16266666666666665,0.1269126912691269,0.09090909090909091,0.07604562737642587,0.1280881793994679,0.06918547595682041,0.0020926009986382207,0.0817067635043123,0.10176767676767677,0.7002555677254473,1
0.0,0.0,0.0,0.0,0.0,0.0,0.0,0.0513051305130513,0.025202520252025205,0.05323193916349811,0.0,0.0,0.0008016341352700863,0.0036314117113027695,0.013257575757575758,0.0,0
0.09200000000000001,0.09387755102040815,0.0,0.0,0.0,0.061118335500650184,0.14026666666666668,0.0423042304230423,0.0,0.04372623574144487,0.12428734321550743,0.6658488714425909,0.0043295506128007265,0.03222877893781208,0.028345959595959595,0.7827674333698431,1
0.17600000000000002,0.17959183673469387,0.0,0.0,0.0,0.0,0.23786666666666667,0.16021602160216022,0.0,0.0,0.42987457240592936,0.07360157016683024,0.0012964139809350885,0.012256014525646846,0.009595959595959595,0.7889740781307046,1
0.44400000000000006,0.0,0.0,0.0,0.0,0.0,0.08906666666666667,0.15031503150315031,0.0,0.0,0.03268719118206005,0.042198233562316,0.002874262369496142,0.007716749886518385,0.007828282828282828,0.46805403431909465,1
0.128,0.0,0.36296296296296293,0.0,0.0,0.0,0.10453333333333334,0.2646264626462646,0.0,0.0,0.10490307867730903,0.40726202158979397,0.002541988197911938,0.014525646845211076,0.014330808080808081,0.8784227820372398,1
0.0,0.0,0.0,0.0,0.0,0.0,0.015466666666666667,0.0,0.0,0.0,0.016723679209426075,0.0,0.000604630049931911,0.0040853381752156154,0.01130050505050505,0.01606425702811245,0
0.392,0.0,0.0,0.2696011004126548,0.0,0.0,0.05226666666666667,0.0882088208820882,0.0,0.0,0.3842645381984036,0.0,0.001714026327734907,0.004993191103041307,0.0032196969696969696,0.7269076305220884,1
0.128,0.3428571428571428,0.1074074074074074,0.0,0.10546875,0.028608582574772428,0.18506666666666668,0.11881188118811882,0.0036003600360036,0.055133079847908745,0.2424933485366781,0.08096172718351326,0.002448479346345892,0.05265546981389015,0.220770202020202,0.8225629791894853,1
0.0,0.0,0.0,0.0,0.0,0.0,0.0,0.0,0.0,0.0,0.0,0.05152109911678116,0.0007862006354970495,0.009532455742169769,0.007007575757575758,0.03833515881708653,1
0.0,0.0,0.0,0.0,0.0,0.0,0.0,0.0,0.11431143114311432,0.0,0.0,0.0,0.00012709940989559683,0.0018157058556513845,0.00404040404040404,0.0,0
0.0,0.024489795918367342,0.11851851851851851,0.02613480055020633,0.01171875,0.13394018205461636,0.07253333333333334,0.04590459045904591,0.010801080108010801,0.12167300380228138,0.10490307867730903,0.09028459273797843,0.00800817067635043,0.21970040853381753,0.14255050505050504,0.30668127053669225,1
0.044000000000000004,0.436734693877551,0.0,0.0,0.115234375,0.061118335500650184,0.17120000000000002,0.1494149414941494,0.0531053105310531,0.1349809885931559,0.1588749524895477,0.12463199214916587,0.007902859736722652,0.06672719019518839,0.09551767676767678,0.6761591821832786,1
0.0,0.0,0.0,0.0,0.0,0.0,0.21333333333333335,0.0,0.0,0.0,0.0,0.0,0.0009078529278256923,0.0013617793917385383,0.0005681818181818182,0.0,0
0.248,0.0,0.0,0.0,0.0,0.0,0.10026666666666667,0.0558055805580558,0.0,0.0,0.0,0.0,0.0006463912846118928,0.005447117566954153,0.009343434343434343,0.22635998539612998,0
0.148,0.30204081632653057,0.0,0.15405777166437418,0.0,0.19375812743823145,0.2394666666666667,0.16831683168316833,0.0,0.0,0.08475864690231852,0.10942100098135428,0.0009269178393100317,0.0040853381752156154,0.005808080808080807,0.5680905439941585,1
0.128,0.13061224489795917,0.0,0.04401650618982119,0.0625,0.0,0.12106666666666667,0.29162916291629165,0.0288028802880288,0.0,0.0,0.0814524043179588,0.00044847934634589207,0.0040853381752156154,0.008712121212121211,0.294267981014969,1
0.0,0.0,0.0,0.0,0.0,0.0,0.04106666666666667,0.20882088208820881,0.0,0.0,0.0,0.0,0.000554698138901498,0.004993191103041307,0.0017676767676767678,0.0,0
0.0,0.0,0.0,0.0,0.0703125,0.0,0.019200000000000002,0.06480648064806481,0.0,0.0,0.0,0.0,0.0009759418974126193,0.002723558783477077,0.0068813131313131305,0.0,0
0.0,0.0,0.0,0.0,0.0,0.0,0.024533333333333338,0.020702070207020702,0.0,0.21863117870722434,0.0,0.015210991167811582,0.0019936450295052204,0.01407172038129823,0.031818181818181815,0.011317999269806499,0
0.0,0.0,0.3296296296296296,0.0,0.0,0.0,0.23786666666666667,0.08010801080108011,0.039603960396039604,0.0,0.0,0.0,0.0004911484339536995,0.0018157058556513845,0.0022727272727272726,0.3249361080686382,1
0.0,0.0,0.0,0.0,0.0,0.0,0.26133333333333336,0.10981098109810981,0.0657065706570657,0.0,0.20676548840744965,0.037782139352306184,0.0009577848388561055,0.009532455742169769,0.006944444444444444,0.2267250821467689,1
0.0,0.0,0.0,0.0,0.0,0.0,0.0,0.0,0.0,0.0,0.0,0.04906771344455349,0.003221062187925556,0.026327734906945077,0.008838383838383838,0.03650967506389193,1
0.30400000000000005,0.0,0.0,0.31636863823933975,0.0,0.09882964889466839,0.16373333333333334,0.207020702070207,0.0,0.0,0.19688331432915243,0.0,0.009361779391738538,0.06400363141171131,0.011363636363636364,0.4665936473165389,1
0.42800000000000005,0.0,0.0,0.0,0.0,0.0,0.20053333333333334,0.09630963096309632,0.04770477047704771,0.0,0.1394906879513493,0.0,0.0010540172492056288,0.009078529278256923,0.004166666666666667,0.5246440306681271,0
0.0,0.11836734693877549,0.2518518518518519,0.02613480055020633,0.0,0.1521456436931079,0.20320000000000002,0.15751575157515751,0.08730873087308731,0.16539923954372626,0.15279361459521096,0.1138370951913641,0.002991375397185656,0.021788470267816613,0.05498737373737374,0.5856151880248266,1
0.0,0.0,0.0,0.0,0.0,0.0,0.256,0.14401440144014402,0.0,0.0,0.0,0.0,0.0,0.0,0.0006313131313131314,0.0,0
0.096,0.09795918367346937,0.0,0.0,0.0,0.0,0.1552,0.10891089108910891,0.0,0.32129277566539927,0.3880653743823641,0.14278704612365065,0.005530640036314117,0.029959146618247844,0.02904040404040404,0.6542533771449434,1
0.0,0.0,0.0,0.0,0.0,0.0,0.018133333333333335,0.030603060306030605,0.0,0.0,0.0,0.0,0.0012256014525646847,0.005901044030867,0.011805555555555555,0.0,0
0.0,0.0,0.0,0.0,0.0,0.0,0.25653333333333334,0.32493249324932494,0.0,0.0,0.0,0.0,0.0002723558783477078,0.0009078529278256922,0.0007575757575757576,0.0,0
0.292,0.0,0.0,0.10041265474552959,0.0,0.0,0.0784,0.0,0.0,0.0,0.33257316609654125,0.0534838076545633,0.0009804811620517475,0.004993191103041307,0.0032196969696969696,0.6257758305951078,1
0.06,0.22857142857142856,0.0,0.008253094910591473,0.048828125,0.0,0.13706666666666667,0.1269126912691269,0.010801080108010801,0.09505703422053233,0.13112884834663627,0.20608439646712465,0.006369496141625057,0.08034498411257376,0.20845959595959596,0.538517707192406,1
0.244,0.39999999999999997,0.0,0.0,0.0234375,0.0,0.24266666666666667,0.1548154815481548,0.0,0.045627376425855515,0.0395286963131889,0.11236506378802749,0.0024557421697684973,0.024058102587380847,0.030113636363636363,0.7020810514786419,1
0.0,0.0,0.0,0.0,0.0,0.0,0.34026666666666666,0.0,0.0,0.0,0.0,0.0,0.0004030866999546074,0.0018157058556513845,0.0007575757575757576,0.0,0
0.0,0.28571428571428564,0.0,0.0,0.13671875,0.04551365409622886,0.1408,0.1827182718271827,0.046804680468046804,0.11596958174904944,0.21132649182820223,0.03385672227674191,0.016553790285973674,0.5306400363141172,0.1966540404040404,0.4837531945965681,1
0.0,0.0,0.0,0.0,0.0,0.0,0.296,0.0,0.0,0.0,0.0,0.0,0.0,0.0,0.0002525252525252525,0.0,0
0.524,0.0,0.0,0.0,0.0,0.0,0.06986666666666667,0.2367236723672367,0.0,0.0,0.0,0.0,0.0034661824784384923,0.020426690876078075,0.006628787878787878,0.47827674333698433,1
0.0,0.0,0.0,0.0,0.0,0.0,0.016533333333333334,0.0,0.0,0.0,0.04256936526035728,0.0,0.0017548797094870628,0.009986382206082615,0.019570707070707072,0.04089083607155897,0
0.404,0.0,0.0,0.0,0.0,0.0,0.10773333333333335,0.0,0.0,0.0,0.12428734321550743,0.0,0.000238765320018157,0.0022696323195642307,0.001452020202020202,0.4881343556042351,0
0.0,0.0,0.0,0.0,0.0,0.0,0.0,0.0,0.06030603060306031,0.0,0.1942227290003801,0.0,0.0032837040399455284,0.011802088061734,0.013636363636363636,0.18656443957648777,1
0.0,0.0,0.0,0.0,0.0,0.0,0.17973333333333336,0.0,0.0,0.0,0.08285822881033827,0.0,0.0007507943713118474,0.004539264639128461,0.0032828282828282827,0.07959109163928442,1
0.0,0.0,0.0,0.0,0.51953125,0.6931079323797138,0.1418666666666667,0.23942394239423945,0.0,0.0,0.6837704294944889,0.25220804710500494,0.0007471629596005447,0.004539264639128461,0.003851010101010101,0.8444687842278203,1
0.0,0.0,0.0,0.0,0.0,0.17295188556566968,0.0,0.0,0.0,0.0,0.05473204104903079,0.0,0.0007780299591466183,0.0040853381752156154,0.002398989898989899,0.05257393209200438,0
0.0,0.0,0.0,0.0,0.0,0.447334200260078,0.0,0.3096309630963096,0.0,0.0,0.0,0.0,0.0006600090785292783,0.0013617793917385383,0.0011363636363636363,0.0,0
0.0,0.0,0.0,0.0,0.0,0.0,0.0,0.0,0.0,0.0,0.0,0.17369970559371933,0.002766227871084884,0.012709940989559692,0.0053030303030303025,0.12924424972617743,1
0.27599999999999997,0.13877551020408163,0.0,0.09491059147180193,0.0,0.0,0.3146666666666667,0.1242124212421242,0.0,0.0,0.14405169137210186,0.030912659470068698,0.0009459827507943712,0.004993191103041307,0.005997474747474747,0.5374224169404892,1
0.0,0.0,0.0,0.0,0.0,0.14434330299089726,0.23733333333333337,0.0747074707470747,0.0,0.0,0.0,0.0,0.0001815705855651384,0.0013617793917385383,0.003345959595959596,0.0,0
0.0,0.0,0.28148148148148144,0.0,0.0,0.0,0.02026666666666667,0.0,0.0,0.07224334600760457,0.3831242873432155,0.02894995093228656,0.26690876078075354,0.5338175215615071,0.07443181818181818,0.6670317634173056,1
0.0,0.0,0.0,0.0,0.0,0.11443433029908971,0.2112,0.27722772277227725,0.0,0.0,0.2542759407069556,0.14573110893032387,0.0024203359055832954,0.03676804357694054,0.010353535353535353,0.35268346111719606,1
0.0,0.0,0.0,0.0,0.0,0.0,0.1904,0.0,0.0,0.0,0.19878373242113268,0.0,0.0011547889241942805,0.0036314117113027695,0.0015151515151515152,0.19094560058415483,0
0.264,0.0,0.0,0.0,0.1953125,0.0,0.05333333333333334,0.05940594059405941,0.029702970297029705,0.0,0.04142911440516914,0.0,0.0016568315932818886,0.014979573309123922,0.00707070707070707,0.280759401241329,1
0.44400000000000006,0.0,0.0,0.020632737276478682,0.0,0.165149544863459,0.042133333333333335,0.0,0.0,0.11977186311787073,0.32763207905739267,0.34690873405299316,0.004015433499773037,0.022696323195642305,0.0711489898989899,0.9780941949616649,1
0.0,0.0,0.0,0.04264099037138928,0.0,0.0,0.16960000000000003,0.0279027902790279,0.05670567056705671,0.05893536121673004,0.05131128848346637,0.0,0.0023032228778937813,0.017703132092601,0.011994949494949494,0.049288061336254116,1
0.0,0.5346938775510204,0.0,0.0,0.0,0.0,0.06986666666666667,0.4734473447344734,0.0,0.0,0.0,0.10304219823356232,0.003177485247389923,0.010894235133908307,0.003345959595959596,0.5549470609711574,1
0.11200000000000002,0.0,0.0,0.0,0.0,0.0,0.06026666666666666,0.025202520252025205,0.05040504050405041,0.0,0.017483846446218167,0.0,0.0006000907852927827,0.0022696323195642307,0.007386363636363636,0.1190215407082877,1
0.0,0.0,0.0,0.0,0.0,0.0,0.3232,0.0,0.5454545454545454,0.0,0.18244013683010263,0.23552502453385674,0.0006209714026327735,0.0040853381752156154,0.001957070707070707,0.35049288061336253,1
0.0,0.0,0.0,0.0,0.0,0.0,0.0128,0.0,0.0,0.0,0.0,0.0,0.0021080344984112575,0.019518837948252384,0.020075757575757577,0.0,0
0.0,0.0,0.0,0.0,0.0,0.4187256176853056,0.17173333333333335,0.0,0.0,0.0,0.0,0.0,7.535179300953247e-05,0.00045392646391284613,0.0007575757575757576,0.0,0
0.07600000000000001,0.3142857142857143,0.4259259259259259,0.0,0.037109375,0.24967490247074117,0.11253333333333333,0.1035103510351035,0.0513051305130513,0.21863117870722434,0.16647662485746864,0.09371933267909717,0.012364049024058103,0.23785746709033137,0.05808080808080808,1.0,1
0.0,0.0,0.0,0.0,0.0,0.0,0.0,0.1152115211521152,0.0,0.0,0.07943747624477385,0.0,0.0008061733999092147,0.009532455742169769,0.006376262626262626,0.07630522088353414,0
0.12,0.16326530612244897,0.0,0.0,0.0390625,0.0,0.1392,0.10801080108010801,0.0,0.038022813688212934,0.1337894336754086,0.027477919528949957,0.00780844303222878,0.06672719019518839,0.07146464646464647,0.40452719970792267,1
0.0,0.0,0.0,0.060522696011004136,0.0,0.0,0.046933333333333334,0.039603960396039604,0.0,0.0,0.07221588749524896,0.0,0.006384929641398094,0.03222877893781208,0.02986111111111111,0.06936838262139468,1
0.0,0.0,0.0,0.0,0.0,0.03381014304291287,0.0,0.0,0.0,0.0,0.0,0.017664376840039256,0.0005737630503858375,0.004539264639128461,0.019318181818181818,0.013143483023001095,0
0.9880000000000001,0.0,0.0,0.22696011004126548,0.0,0.10663198959687904,0.13173333333333334,0.0738073807380738,0.0738073807380738,0.0,0.07563664006081339,0.0,0.013519745801180209,0.10213345438039038,0.02803030303030303,0.9744432274552757,1
0.10400000000000001,0.13877551020408163,0.0,0.006877579092159561,0.0859375,0.0,0.17333333333333334,0.135013501350135,0.020702070207020702,0.08365019011406845,0.1307487647282402,0.3846908734052994,0.004624602814344077,0.08715388107126645,0.19116161616161614,0.6308871851040527,1
0.0,0.0,0.0,0.0,0.0,0.0,0.7616,0.6426642664266426,0.0,0.0,0.0,0.0,0.0,0.0,0.00012626262626262626,0.0,0
0.0,0.0,0.0,0.0,0.0,0.0,0.0,0.0,0.0,0.0,0.0,0.0,0.001084884248751702,0.007262823422605538,0.0056186868686868684,0.0,0
0.0,0.0,0.0,0.0,0.0,0.0,0.11306666666666668,0.19081908190819083,0.0,0.0,0.0,0.0,0.011196550158874264,0.032682705401724924,0.010037878787878787,0.0,0
0.0,0.0,0.36666666666666664,0.045392022008253104,0.0,0.0,0.0176,0.05940594059405941,0.0,0.12547528517110268,0.3264918282022045,0.04955839057899903,0.305265546981389,0.5197458011802089,0.08510101010101011,0.7119386637458927,1
0.20800000000000002,0.0,0.0,0.1444291609353508,0.0,0.0,0.05600000000000001,0.046804680468046804,0.0,0.0,0.0,0.0,0.0016522923286427598,0.009986382206082615,0.0068813131313131305,0.18985031033223806,1
0.0,0.0,0.0,0.0,0.0,0.0,0.0,0.0,0.0,0.0,0.0,0.0,0.000651838402178847,0.004993191103041307,0.007638888888888889,0.0,0
0.04000000000000001,0.04081632653061224,0.0,0.0,0.0,0.027308192457737315,0.09493333333333334,0.05670567056705671,0.0,0.019011406844106467,0.026605853287723302,0.026005888125613347,0.000675442578302315,0.012709940989559692,0.026262626262626262,0.11792625045637095,0
0.0,0.12244897959183672,0.0,0.0,0.0,0.0,0.21706666666666669,0.13591359135913592,0.1629162916291629,0.11406844106463879,0.5009502090459902,0.03336604514229637,0.0039046754425783024,0.05855651384475715,0.04880050505050505,0.615553121577218,1
0.336,0.0,0.0,0.0,0.05468750000000001,0.5864759427828348,0.13546666666666668,0.22862286228622863,0.025202520252025205,0.0,0.4359559103002661,0.02208047105004907,0.005608715388107127,0.04675442578302315,0.033017676767676765,0.7418765972982841,1
0.0,0.048979591836734684,0.0,0.0,0.0,0.0,0.06453333333333333,0.08640864086408641,0.0,0.0,0.26339794754846063,0.0,0.0003041307308216068,0.004539264639128461,0.012247474747474747,0.2968236582694414,1
0.0,0.0,0.0,0.0,0.0,0.0,0.0,0.0,0.0,0.0,0.12656784492588372,0.0,0.000604630049931911,0.0013617793917385383,0.0015151515151515152,0.12157721796276015,0
0.0,0.0,0.0,0.0,0.0,0.0,0.0,0.0,0.0,0.0,0.0,0.0,0.0005374489332728099,0.003177485247389923,0.0026515151515151517,0.0,0
0.23199999999999998,0.0,0.4296296296296296,0.0,0.3984375,0.037711313394018196,0.10880000000000001,0.1314131413141314,0.1314131413141314,0.0,0.15963511972633979,0.022571148184494606,0.0011148433953699502,0.014979573309123922,0.014709595959595959,0.8054034319094561,1
0.132,0.1877551020408163,0.0,0.0027510316368638244,0.08203125,0.0026007802340702207,0.16266666666666665,0.12871287128712872,0.0315031503150315,0.06653992395437262,0.12352717597871533,0.25662414131501476,0.005195642305946437,0.2015433499773037,0.2605429292929293,0.5980284775465499,1
0.0,0.0,0.0,0.0,0.0,0.0,0.18880000000000002,0.063006300630063,0.0,0.0,0.0,0.0,0.0003404448479346346,0.0018157058556513845,0.003409090909090909,0.0,0
0.0,0.0,0.0,0.0,0.0,0.0,0.0,0.0,0.0,0.0,0.0,0.0,0.0002351339083068541,0.0009078529278256922,0.0020833333333333333,0.0,0
0.536,0.0,0.0,0.0,0.0,0.0,0.11946666666666668,0.4032403240324033,0.0,0.0,0.0,0.0,0.00087880163413527,0.004539264639128461,0.007765151515151515,0.4892296458561519,1
0.0,0.0,0.0,0.0,0.0,0.0,0.04746666666666667,0.08010801080108011,0.0,0.0,0.0,0.0,0.0005292782569223787,0.0036314117113027695,0.004734848484848484,0.0,0
0.0,0.0,0.0,0.0,0.0,0.0,0.0,0.0,0.0,0.0,0.0,0.0,0.0011665910122560146,0.0040853381752156154,0.000946969696969697,0.0,0
0.0,0.0,0.0,0.0,0.0,0.0,0.0,0.3852385238523853,0.0,0.0,0.0,0.0,0.0010285973672265092,0.004993191103041307,0.003977272727272727,0.0,0
0.0,0.0,0.0,0.0,0.0,0.0,0.0,0.0,0.0,0.0,0.5370581527936147,0.0,0.002766227871084884,0.009532455742169769,0.0053030303030303025,0.515881708652793,1
0.0,0.0,0.0,0.06189821182943605,0.087890625,0.058517555266579965,0.04853333333333334,0.04050405040504051,0.0819081908190819,0.0855513307984791,0.02394526795895097,0.062315996074582936,0.0033908306854289606,0.020426690876078075,0.0101010101010101,0.06936838262139468,1
0.0,0.0,0.0,0.0,0.0,0.0,0.08533333333333334,0.0,0.0,0.0,0.0,0.0,0.0013073082160689965,0.0040853381752156154,0.003787878787878788,0.0,0
0.27599999999999997,0.0,0.25555555555555554,0.0,0.0,0.0,0.2234666666666667,0.0621062106210621,0.0,0.0,0.09654123907259597,0.0,0.0009078529278256923,0.005447117566954153,0.003977272727272727,0.5965680905439942,0
0.0,0.07346938775510203,0.0,0.0,0.072265625,0.0,0.13066666666666668,0.0846084608460846,0.0333033303330333,0.07034220532319392,0.1121246674268339,0.052502453385672235,0.0013999092147072172,0.014979573309123922,0.015025252525252525,0.21248630887185105,1
0.0,0.0,0.0,0.0,0.0,0.019505851755526656,0.0736,0.05490549054905491,0.0,0.0,0.0,0.0,0.0007598729005901043,0.005447117566954153,0.01919191919191919,0.0,0
0.0,0.0,0.0,0.0,0.0,0.0,0.4442666666666667,0.0,0.0,0.0,0.35157734701634363,0.0,0.0007562414888788016,0.0022696323195642307,0.0006313131313131314,0.33771449434100037,0
0.564,0.0,0.0,0.07702888583218709,0.05468750000000001,0.0,0.10506666666666667,0.10081008100810082,0.0,0.0,0.058152793614595216,0.0,0.007489786654561962,0.17839310031774852,0.03497474747474747,0.5706462212486308,1
0.128,0.13061224489795917,0.0,0.04401650618982119,0.0625,0.0,0.1216,0.2925292529252925,0.0288028802880288,0.0,0.0,0.07752698724239451,0.00044847934634589207,0.0040853381752156154,0.008712121212121211,0.29134720700985767,1
0.0,0.0,0.0,0.0,0.0,0.0,0.013866666666666668,0.023402340234023402,0.0,0.0,0.012542759407069557,0.0,0.0036395823876532005,0.024512029051293693,0.03188131313131313,0.012048192771084338,1
0.0,0.0,0.0,0.0,0.0,0.0,0.09333333333333334,0.15751575157515751,0.0,0.0,0.0,0.0,0.000749886518384022,0.005447117566954153,0.0025883838383838386,0.0,0
0.06,0.32653061224489793,0.0,0.0,0.05859375,0.0,0.26666666666666666,0.15751575157515751,0.0,0.019011406844106467,0.056632459141011025,0.06427870461236508,0.002386745347253745,0.05719473445301861,0.03888888888888889,0.4490690032858708,1
0.0,0.11428571428571428,0.3185185185185185,0.0,0.05468750000000001,0.07412223667100129,0.15413333333333334,0.1557155715571557,0.025202520252025205,0.0,0.5264158114785253,0.0,0.00230140717203813,0.028597367226509306,0.024936868686868688,0.9218692953632714,1
0.332,0.0,0.0,0.027510316368638245,0.0390625,0.0,0.11146666666666667,0.0558055805580558,0.0,0.0,0.05017103762827823,0.0,0.0005901044030866999,0.006354970494779846,0.010984848484848484,0.3512230741146404,1
0.268,0.0,0.0,0.18431911966987624,0.130859375,0.04291287386215865,0.03573333333333334,0.09000900090009001,0.029702970297029705,0.0,0.0201444317749905,0.0,0.0009405356332274172,0.004993191103041307,0.01047979797979798,0.2639649507119387,1
0.0,0.0,0.0,0.0,0.0,0.0,0.0,0.14491449144914492,0.0,0.0,0.0,0.0,0.00031774852473899246,0.0009078529278256922,0.003345959595959596,0.0,0
0.0,0.0,0.0,0.0,0.0,0.0,0.07093333333333335,0.034203420342034205,0.0,0.0,0.011402508551881414,0.0,0.001681343622333182,0.004993191103041307,0.024431818181818183,0.01095290251916758,0
0.0,0.0,0.0,0.0,0.0,0.0,0.0,0.0,0.0657065706570657,0.0,0.0,0.0,0.0006309577848388563,0.0036314117113027695,0.00486111111111111,0.0,0
0.0,0.4653061224489795,0.0,0.0,0.0,0.04161248374512353,0.1264,0.1107110711071107,0.0144014401440144,0.0,0.2797415431394907,0.12561334641805694,0.002835224693599637,0.03767589650476623,0.04419191919191919,0.778386272362176,1
0.0,0.0,0.0,0.0,0.16796875,0.0,0.0,0.0774077407740774,0.0,0.0,0.0,0.0,0.0008570131638674534,0.003177485247389923,0.0021464646464646464,0.0,0
0.0,0.07346938775510203,0.0,0.0,0.072265625,0.0,0.14133333333333334,0.0846084608460846,0.016201620162016202,0.07034220532319392,0.11782592170277462,0.05495583905789991,0.0014053563322741717,0.014979573309123922,0.014898989898989898,0.21978824388462942,1
0.0,0.0,0.0,0.18982118294360387,0.0,0.0,0.0,0.1242124212421242,0.0,0.0,0.08931965032307107,0.11530912659470069,0.004780753517930096,0.018157058556513846,0.005871212121212121,0.17159547280029208,1
0.0,0.0,0.0,0.0,0.0,0.0,0.08693333333333333,0.07290729072907291,0.0,0.0,0.11174458380843785,0.07212953876349362,0.001210167952791648,0.004539264639128461,0.003914141414141413,0.16100766703176342,1
0.0,0.2530612244897959,0.0,0.08528198074277855,0.0,0.08062418725617684,0.19840000000000002,0.1116111611161116,0.0,0.0,0.040668947168377045,0.15799803729146225,0.0021044030866999544,0.013163867453472538,0.004545454545454545,0.38298649142022634,1
0.0,0.03265306122448979,0.0,0.011004126547455298,0.033203125,0.010403120936280883,0.064,0.2853285328532853,0.037803780378037805,0.015209125475285173,0.04104903078677309,0.006378802747791954,0.0027871084884248756,0.021334543803903767,0.03617424242424242,0.07338444687842278,1
0.0,0.03673469387755102,0.0,0.0,0.0,0.0,0.10719999999999999,0.30423042304230424,0.016201620162016202,0.017110266159695818,0.0935005701254276,0.014720314033366046,0.002515660463004993,0.03086699954607354,0.03327020202020202,0.13362541073384449,1
0.0,0.0,0.0,0.0,0.0,0.0,0.1024,0.2763276327632763,0.0,0.0,0.04713036868110985,0.0,0.08070812528370405,0.33318202451202905,0.05669191919191919,0.045271997079225995,1
0.128,0.13061224489795917,0.0,0.04401650618982119,0.0625,0.0,0.1216,0.2925292529252925,0.0288028802880288,0.0,0.0,0.07703631010794898,0.00044847934634589207,0.0040853381752156154,0.008712121212121211,0.2909821102592187,1
0.0,0.0,0.0,0.0,0.0,0.0,0.0,0.0,0.0,0.0,0.0,0.0,0.000483885610531094,0.002723558783477077,0.002840909090909091,0.0,0
0.2,0.0,0.0,0.0,0.0,0.0,0.10773333333333335,0.0,0.0,0.0,0.06879513492968453,0.0,0.0009078529278256923,0.004993191103041307,0.007638888888888889,0.2486308871851041,0
0.0,0.0,0.0,0.0,0.0,0.0,0.0,0.0,0.0,0.0,0.0,0.0,0.0004121652292328643,0.0018157058556513845,0.000946969696969697,0.0,0
0.54,0.2204081632653061,0.0,0.03713892709766163,0.0,0.0,0.057600000000000005,0.21962196219621963,0.0,0.0,0.12504751045229953,0.06918547595682041,0.03969133000453926,0.11393554244212438,0.07051767676767677,0.8616283315078498,1
0.18000000000000002,0.0,0.0,0.0,0.0,0.0,0.096,0.4473447344734473,0.04050405040504051,0.0,0.6199163816039529,0.11972522080471051,0.0575724012709941,0.3209260099863822,0.04873737373737374,0.8488499452354875,1
0.42000000000000004,0.0,0.0,0.0,0.0,0.0,0.11253333333333333,0.126012601260126,0.0,0.0,0.48802736602052454,0.0,0.0023958238765320015,0.02723558783477077,0.019696969696969695,0.8521358159912378,1
0.0,0.0,0.0,0.0,0.0,0.6280884265279583,0.2576,0.0,0.0,0.0,0.0,0.14818449460255154,0.0006354970494779846,0.0018157058556513845,0.00101010101010101,0.11025921869295363,1
0.0,0.0,0.0,0.0,0.0,0.0,0.06720000000000001,0.0,0.0,0.0,0.018244013683010263,0.0,0.0008987743985474354,0.005901044030867,0.01351010101010101,0.017524644030668127,0
0.0,0.03673469387755102,0.0,0.0,0.0,0.0,0.10719999999999999,0.30423042304230424,0.016201620162016202,0.017110266159695818,0.09464082098061574,0.015210991167811582,0.0024412165229232862,0.03086699954607354,0.033712121212121214,0.13508579773640014,1
0.0,0.0,0.0,0.0,0.0,0.0,0.0,0.0,0.0,0.0,0.0,0.0,0.0020989559691330004,0.004539264639128461,0.0032828282828282827,0.0,0
0.0,0.0,0.0,0.0,0.0,0.0,0.0,0.0,0.0,0.21292775665399244,0.0,0.0,0.0017022242396731728,0.006808896958692692,0.0071969696969696965,0.0,0
0.0,0.0,0.0,0.0,0.0703125,0.046814044213263975,0.0,0.0,0.0,0.0,0.01900418091980236,0.0,0.00117385383567862,0.004539264639128461,0.013257575757575758,0.018254837531945966,0
0.096,0.2571428571428571,0.0,0.004126547455295736,0.087890625,0.0,0.16960000000000003,0.1323132313231323,0.009000900090009001,0.10646387832699622,0.1717977955150133,0.25907752698724246,0.004677258284157967,0.11756695415342715,0.13781565656565656,0.6754289886820007,1
0.0,0.0,0.0,0.0,0.0,0.0,0.0,0.0,0.2808280828082808,0.0,0.07525655644241734,0.09715407262021591,0.0025937358147980027,0.010894235133908307,0.00505050505050505,0.14457831325301207,1
0.0,0.0,0.0,0.0,0.0,0.0,0.296,0.0,0.0,0.0,0.0,0.0,0.0,0.0,0.00037878787878787884,0.0,0
0.6080000000000001,0.0,0.0,0.022008253094910595,0.064453125,0.020806241872561766,0.15360000000000001,0.21332133213321333,0.029702970297029705,0.0,0.01064234131508932,0.041216879293424935,0.0036050839763958242,0.017703132092601,0.033522727272727273,0.5958378970427164,1
0.44400000000000006,0.0,0.0,0.0,0.0,0.0,0.08906666666666667,0.15031503150315031,0.0,0.0,0.03268719118206005,0.042198233562316,0.002874262369496142,0.007716749886518385,0.007828282828282828,0.46805403431909465,1
0.0,0.0,0.0,0.13204951856946356,0.0,0.12483745123537059,0.2048,0.08640864086408641,0.0,0.0,0.1755986316989738,0.0,0.000283250113481616,0.0022696323195642307,0.0012626262626262627,0.16867469879518074,1
0.0,0.1714285714285714,0.0,0.05777166437414031,0.0,0.0,0.136,0.19081908190819083,0.0,0.2414448669201521,0.06727480045610035,0.10843964671246321,0.007060372219700408,0.024058102587380847,0.03484848484848485,0.29864914202263604,1
0.0,0.0,0.0,0.0,0.0,0.0,0.176,0.0,0.0,0.0,0.0,0.0,0.0013454380390376759,0.006808896958692692,0.009027777777777777,0.0,0
0.07600000000000001,0.0,0.07037037037037036,0.0,0.0,0.024707412223667097,0.02026666666666667,0.0,0.0,0.0,0.008361839604713038,0.021589793915603533,0.0006890603722197003,0.009078529278256923,0.02537878787878788,0.16283315078495803,0
0.128,0.13061224489795917,0.0,0.04401650618982119,0.0625,0.0,0.1216,0.2925292529252925,0.0288028802880288,0.0,0.0,0.07703631010794898,0.00044847934634589207,0.0040853381752156154,0.008712121212121211,0.2909821102592187,1
0.0,0.0,0.0,0.0,0.0,0.0,0.0,0.0,0.0,0.0,0.0,0.0,0.0004820699046754424,0.004539264639128461,0.0030303030303030303,0.0,0
0.0,0.33061224489795915,0.17037037037037037,0.015130674002751034,0.021484375,0.0,0.19840000000000002,0.1566156615661566,0.020702070207020702,0.19771863117870725,0.04979095400988218,0.027477919528949957,0.003150249659555152,0.03313663186563777,0.04255050505050505,0.5319459656809055,1
0.484,0.0,0.0,0.16643741403026135,0.0,0.0,0.25973333333333337,0.0,0.0,0.0,0.0,0.0,0.0006137085792101679,0.006354970494779846,0.0035353535353535356,0.44176706827309237,1
0.0,0.03673469387755102,0.0,0.0,0.0,0.0,0.10666666666666667,0.29432943294329433,0.016201620162016202,0.017110266159695818,0.09578107183580388,0.015210991167811582,0.002556513844757149,0.03086699954607354,0.0341540404040404,0.1361810879883169,1
0.0,0.0,0.0,0.0,0.0,0.0,0.0,0.0,0.0,0.0,0.0,0.0,0.0013163867453472537,0.004539264639128461,0.0030303030303030303,0.0,0
0.0,0.0,0.0,0.0,0.0,0.0,0.3552,0.0,0.0,0.0,0.40858988977575067,0.0,0.0001815705855651384,0.0009078529278256922,0.0006944444444444445,0.3924790069368383,0
0.0,0.0,0.0,0.0,0.0,0.0,0.022933333333333333,0.0,0.0,0.0,0.030026605853287727,0.0,0.0030966863368134356,0.008170676350431231,0.018876262626262626,0.02884264330047463,0
0.0,0.0,0.0,0.0,0.0,0.05981794538361508,0.049600000000000005,0.0,0.013501350135013501,0.0,0.03610794374762448,0.011285574092247303,0.0560599182932365,0.6827054017249206,0.17424242424242423,0.04308141657539248,1
0.0,0.0,0.0,0.0,0.05078125,0.0,0.0,0.0,0.0,0.0,0.0,0.0,0.0005764866091693147,0.0022696323195642307,0.008712121212121211,0.0,0
0.0,0.1877551020408163,0.0,0.0,0.0,0.0,0.19733333333333336,0.0,0.0,0.0,0.1797795515013303,0.0,0.0013617793917385383,0.01044030866999546,0.002462121212121212,0.34063526834611174,0
0.0,0.0,0.0,0.0,0.0,0.0,0.20106666666666667,0.1692169216921692,0.0,0.0,0.0,0.0,0.0011865637766681797,0.006808896958692692,0.0018308080808080809,0.0,1
0.6240000000000001,0.0,0.0,0.2145804676753783,0.0,0.0,0.0,0.0,0.0,0.0,0.26605853287723297,0.0,0.0010213345438039039,0.004993191103041307,0.0020833333333333333,0.8251186564439577,1
0.0,0.0,0.0,0.0,0.0,0.0,0.3808,0.0,0.0,0.0,0.0,0.0,0.0001134816159782116,0.00045392646391284613,0.000505050505050505,0.0,0
0.0,0.0,0.0,0.0,0.0,0.0,0.0704,0.0,0.0,0.0,0.03876852907639681,0.0,0.001389922832501135,0.013163867453472538,0.00505050505050505,0.03723986856516977,0
0.0,0.0,0.0,0.0,0.0,0.0,0.0,0.2727272727272727,0.0,0.0,0.0,0.0,0.00012074443940081716,0.0009078529278256922,0.00101010101010101,0.0,0
0.6280000000000001,0.0,0.0,0.0,0.15234375,0.0,0.08373333333333334,0.2124212421242124,0.0,0.0,0.25921702774610417,0.1673209028459274,0.0014117113027689514,0.009532455742169769,0.0071969696969696965,0.9466958744067178,1
0.38,0.0,0.0,0.0,0.185546875,0.0,0.07573333333333333,0.0423042304230423,0.0,0.08935361216730038,0.15241353097681493,0.13101079489695783,0.002232410349523377,0.02723558783477077,0.016098484848484848,0.5907265425337715,1
0.0,0.0,0.0,0.0,0.0,0.0,0.0,0.0,0.0,0.0,0.0,0.0,0.0,0.0,0.00031565656565656563,0.0,1
0.20400000000000001,0.2897959183673469,0.04814814814814815,0.004126547455295736,0.06640625,0.044213263979193757,0.14666666666666667,0.12241224122412242,0.0855085508550855,0.07034220532319392,0.14405169137210186,0.06673209028459275,0.0021252837040399456,0.0817067635043123,0.12335858585858586,0.6809054399415846,1
0.0,0.0,0.0,0.0,0.0,0.006501950585175552,0.011733333333333333,0.0144014401440144,0.0,0.09505703422053233,0.0,0.007850834151128559,0.0017902859736722652,0.020426690876078075,0.060732323232323235,0.005841548010222709,0
0.0,0.0,0.37777777777777777,0.0,0.0,0.0,0.018133333333333335,0.06120612061206121,0.0,0.12927756653992398,0.3416951729380464,0.05152109911678116,0.604630049931911,0.604630049931911,0.08415404040404041,0.7389558232931728,1
0.06,0.0,0.05555555555555555,0.020632737276478682,0.0,0.09882964889466839,0.008,0.06840684068406841,0.0,0.0,0.21550741163055873,0.011776251226692838,0.004017249205628688,0.05946436677258284,0.059532828282828285,0.32530120481927716,1
0.0,0.21632653061224488,0.0,0.022008253094910595,0.0,0.05331599479843952,0.19946666666666668,0.1476147614761476,0.018001800180018002,0.0,0.1927023945267959,0.2419038272816487,0.00418338629142079,0.05991829323649569,0.12563131313131312,0.5585980284775467,1
0.0,0.0,0.0,0.0,0.0,0.0,0.0,0.0,0.0,0.0,0.0,0.0,0.0011520653654108035,0.014525646845211076,0.007386363636363636,0.0,1
0.0,0.0,0.0,0.0,0.0,0.0,0.0,0.0,0.2646264626462646,0.0,0.0,0.0,0.012256014525646846,0.01861098502042669,0.005429292929292929,0.0,1
0.0,0.0,0.0,0.0,0.203125,0.0,0.1952,0.1881188118811881,0.0,0.0,0.233751425313569,0.02993130520117763,0.0021044030866999544,0.026327734906945077,0.009154040404040404,0.24680540343190943,1
0.32000000000000006,0.0,0.0,0.11004126547455298,0.15625,0.10403120936280884,0.08586666666666667,0.14491449144914492,0.0,0.0,0.10224249334853669,0.0,0.0019201089423513391,0.008170676350431231,0.00505050505050505,0.39028842643300476,1
0.0,0.0,0.0,0.0,0.0,0.0,0.3136,0.0,0.0,0.0,0.0,0.0,0.0,0.0,0.0001893939393939394,0.0,0
0.044000000000000004,0.436734693877551,0.0,0.0,0.115234375,0.061118335500650184,0.17120000000000002,0.1494149414941494,0.0531053105310531,0.1349809885931559,0.1588749524895477,0.12463199214916587,0.007902859736722652,0.06672719019518839,0.09551767676767678,0.6761591821832786,1
0.0,0.024489795918367342,0.08888888888888888,0.008253094910591473,0.140625,0.007802340702210662,0.23893333333333336,0.1035103510351035,0.0054005400540054005,0.011406844106463879,0.0038008361839604716,0.08194308145240434,0.0006654561960962325,0.004993191103041307,0.02784090909090909,0.1741511500547645,1
0.0,0.0,0.0,0.0,0.0,0.0,0.020800000000000003,0.0351035103510351,0.0,0.0,0.049030786773090085,0.0,0.0017203812982296866,0.006808896958692692,0.015656565656565657,0.047097480832420595,0
0.0,0.0,0.0,0.0,0.0,0.0,0.020800000000000003,0.0,0.0711071107110711,0.0,0.0,0.0,0.0002805265546981388,0.003177485247389923,0.003409090909090909,0.0,0
0.0,0.0,0.0,0.0,0.0,0.0,0.0,0.0,0.0,0.0,0.27708095781071834,0.0,0.0025719473445301863,0.0036314117113027695,0.001388888888888889,0.2661555312157722,1
0.10400000000000001,0.13877551020408163,0.0,0.006877579092159561,0.0859375,0.0,0.17333333333333334,0.135013501350135,0.020702070207020702,0.08365019011406845,0.1307487647282402,0.3846908734052994,0.004624602814344077,0.08715388107126645,0.19116161616161614,0.6308871851040527,1
0.0,0.0,0.0,0.0,0.0,0.0,0.020800000000000003,0.017101710171017102,0.0,0.16539923954372626,0.0,0.02011776251226693,0.0020862460281434406,0.018157058556513846,0.043244949494949496,0.014968966776195693,0
0.0,0.0,0.0,0.0,0.013671875000000002,0.009102730819245773,0.016,0.020702070207020702,0.041404140414041404,0.1311787072243346,0.0,0.010304219823356234,0.0018220608261461644,0.026781661370857923,0.049873737373737376,0.007667031763417306,0
0.0,0.03265306122448979,0.0,0.011004126547455298,0.033203125,0.010403120936280883,0.064,0.2853285328532853,0.037803780378037805,0.015209125475285173,0.03610794374762448,0.006378802747791954,0.0027871084884248756,0.021334543803903767,0.03617424242424242,0.06863818912011684,1
0.05600000000000001,0.05714285714285714,0.0,0.0,0.0,0.0,0.16746666666666668,0.1476147614761476,0.0,0.08365019011406845,0.031546940326871914,0.024533856722276745,0.0018837948252383115,0.026781661370857923,0.020517676767676768,0.1507849580138737,1
0.0,0.0,0.0,0.3026134800550207,0.0,0.07152145643693107,0.17653333333333335,0.09900990099009901,0.0,0.0,0.1885214747244394,0.0,0.014367680435769406,0.06672719019518839,0.02436868686868687,0.18108798831690398,1
0.0,0.0,0.0,0.0,0.0,0.0,0.0688,0.0387038703870387,0.0,0.0,0.05549220828582288,0.0,0.000309577848388561,0.0022696323195642307,0.003409090909090909,0.053304125593282216,0
0.0,0.0,0.0,0.0,0.0,0.0,0.0,0.0,0.0,0.0,0.0,0.0,0.002334089877439855,0.004539264639128461,0.0046717171717171714,0.0,0
0.32400000000000007,0.0,0.0,0.0,0.0,0.0,0.13066666666666668,0.0,0.0,0.0,0.0,0.0,0.0006209714026327735,0.0018157058556513845,0.003977272727272727,0.29572836801752467,0
0.0,0.0,0.0,0.0,0.0,0.0,0.05600000000000001,0.0,0.0,0.0,0.06879513492968453,0.0,0.0009078529278256923,0.002723558783477077,0.0013257575757575758,0.0660825118656444,0
0.0,0.0,0.0,0.0,0.03125,0.0,0.0,0.0,0.0072007200720072,0.015209125475285173,0.0,0.005397448478900883,0.0013073082160689965,0.007716749886518385,0.03768939393939394,0.004016064257028112,0
0.132,0.0,0.0,0.045392022008253104,0.0,0.0858257477243173,0.1424,0.09000900090009001,0.029702970297029705,0.252851711026616,0.021664766248574687,0.11285574092247304,0.003884702678166137,0.03676804357694054,0.014267676767676768,0.22526469514421327,1
0.0,0.0,0.0,0.0,0.0,0.0,0.021866666666666666,0.0,0.0,0.0,0.020524515393386546,0.0,0.0007135724012709942,0.005901044030867,0.008396464646464647,0.019715224534501644,0
0.0,0.0,0.0,0.0,0.0,0.0,0.0,0.0,0.0,0.0,0.0,0.0,0.001005901044030867,0.009532455742169769,0.00486111111111111,0.0,0
0.18400000000000002,0.0,0.0,0.12792297111416784,0.08984375,0.0,0.09973333333333334,0.126012601260126,0.0,0.0,0.05131128848346637,0.0,0.0027235587834770767,0.020426690876078075,0.005997474747474747,0.217232566630157,1
0.0,0.0,0.0,0.0,0.0,0.0,0.272,0.0,0.0,0.0,0.05853287723299126,0.0,0.0020916931457103946,0.021334543803903767,0.004734848484848484,0.05622489959839358,0
0.0,0.0,0.0,0.0,0.0,0.0,0.0,0.0,0.0,0.0,0.0,0.0,0.0017330912392192464,0.004539264639128461,0.001957070707070707,0.0,0
0.0,0.0,0.0,0.0,0.0,0.0,0.14293333333333336,0.0,0.0,0.0,0.0,0.0,0.0014561960962324104,0.007262823422605538,0.007007575757575758,0.0,0
0.0,0.0,0.0,0.0,0.0,0.13263979193758127,0.10880000000000001,0.0,0.0,0.0,0.0,0.0,0.0026327734906945073,0.005447117566954153,0.00486111111111111,0.0,0
0.20800000000000002,0.0,0.0,0.0,0.0,0.0,0.0,0.0,0.0,0.0,0.02926643861649563,0.0,0.0003522469359963685,0.004539264639128461,0.0046717171717171714,0.21796276013143484,1
0.0,0.0,0.0,0.0,0.0,0.0,0.0,0.0,0.0,0.0,0.0,0.038763493621197256,0.0006527462551066727,0.006354970494779846,0.006123737373737373,0.02884264330047463,0
0.0,0.0,0.0,0.14718019257221462,0.0,0.2093628088426528,0.057066666666666675,0.0,0.0,0.0,0.0,0.0,0.001210167952791648,0.005901044030867,0.007449494949494949,0.0,1
0.064,0.0,0.059259259259259255,0.022008253094910595,0.0,0.10403120936280884,0.008533333333333334,0.0576057605760576,0.0,0.0,0.10300266058532878,0.011776251226692838,0.004275079437131185,0.06718111665910123,0.06193181818181818,0.2245345016429354,1
0.21600000000000003,0.310204081632653,0.05185185185185186,0.004126547455295736,0.0703125,0.046814044213263975,0.16266666666666665,0.1269126912691269,0.09090909090909091,0.07604562737642587,0.12694792854427975,0.06820412168792936,0.0020926009986382207,0.0817067635043123,0.10176767676767677,0.6984300839722527,1
0.0,0.5346938775510204,0.0,0.0,0.0,0.0,0.06986666666666667,0.4734473447344734,0.0,0.0,0.0,0.10304219823356232,0.003177485247389923,0.010894235133908307,0.003345959595959596,0.5549470609711574,1
0.0,0.0,0.0,0.0,0.0,0.0,0.08693333333333333,0.07290729072907291,0.0,0.0,0.11174458380843785,0.07212953876349362,0.001210167952791648,0.004539264639128461,0.003914141414141413,0.16100766703176342,1
0.0,0.0,0.0,0.0,0.0,0.0,0.02986666666666667,0.10081008100810082,0.0,0.0,0.0,0.0,0.00013617793917385373,0.0013617793917385383,0.002840909090909091,0.0,0
0.0,0.0,0.0,0.0,0.0,0.0,0.296,0.0,0.0,0.0,0.0,0.0,0.0,0.0,0.0005681818181818182,0.0,0
0.0,0.0,0.0,0.0,0.0,0.0,0.0,0.0,0.0,0.0,0.0,0.0,0.0006808896958692693,0.0018157058556513845,0.0012626262626262627,0.0,0
0.0,0.0,0.0,0.0,0.0,0.0,0.07253333333333334,0.4923492349234923,0.0,0.0,0.0,0.0,0.0011865637766681797,0.003177485247389923,0.0018308080808080809,0.0,0
0.8880000000000001,0.0,0.0,0.1017881705639615,0.0,0.0,0.07893333333333334,0.1332133213321332,0.0,0.0,0.03344735841885215,0.0,0.0018592827961870177,0.012709940989559692,0.007828282828282828,0.8426433004746259,1
0.248,0.0,0.0,0.0,0.0,0.0,0.06613333333333334,0.0558055805580558,0.0,0.0,0.4009882174078297,0.0,0.0009378120744439399,0.006808896958692692,0.007512626262626262,0.6115370573201898,1
0.05600000000000001,0.17959183673469387,0.05185185185185186,0.0,0.0,0.018205461638491547,0.12533333333333335,0.07920792079207921,0.0,0.22243346007604564,0.07753705815279362,0.062315996074582936,0.001781207444394008,0.032682705401724924,0.02518939393939394,0.3837166849215043,1
0.44800000000000006,0.0,0.0,0.05089408528198075,0.0,0.023407022106631988,0.16960000000000003,0.08370837083708371,0.05040504050405041,0.0,0.21398707715697451,0.08096172718351326,0.0019119382660009077,0.014979573309123922,0.01837121212121212,0.674698795180723,1
0.0,0.0,0.0,0.0,0.0,0.0,0.2538666666666667,0.8568856885688568,0.0,0.0,0.30406689471683773,0.0,0.0004539264639128461,0.0013617793917385383,0.000505050505050505,0.29207740051113545,0
0.0,0.0,0.0,0.0,0.0,0.0,0.0352,0.029702970297029705,0.0,0.0,0.0,0.0,0.002384929641398093,0.008170676350431231,0.021464646464646464,0.0,0
0.0,0.0,0.0,0.0,0.0,0.0,0.0,0.0,0.0,0.155893536121673,0.014063093880653743,0.0,0.001512482977757603,0.014525646845211076,0.013068181818181817,0.013508579773640015,1
0.256,0.0,0.0,0.08803301237964238,0.125,0.0,0.06826666666666667,0.28802880288028804,0.0,0.0,0.209426073736222,0.22522080471050052,0.001210167952791648,0.009532455742169769,0.007449494949494949,0.6024096385542169,1
0.0,0.0,0.0,0.0,0.0,0.0,0.0,0.0,0.0,0.0,0.0,0.0,0.0002060826146164323,0.0013617793917385383,0.0016414141414141414,0.0,0
0.0,0.0,0.0,0.0,0.0,0.0,0.11306666666666668,0.0,0.0,0.0,0.0,0.0,0.0003631411711302769,0.0018157058556513845,0.0008207070707070708,0.0,0
0.0,0.0,0.0,0.0,0.177734375,0.0,0.14666666666666667,0.0,0.0,0.0,0.11440516913721019,0.0,0.000855197458011802,0.003177485247389923,0.004229797979797979,0.10989412194231471,0
0.0,0.0,0.0,0.0,0.177734375,0.2379713914174252,0.0976,0.06120612061206121,0.04050405040504051,0.0,0.07107563664006082,0.05495583905789991,0.001982750794371312,0.013163867453472538,0.02285353535353535,0.10916392844103688,1
0.192,0.19591836734693874,0.0,0.06602475928473178,0.1875,0.0,0.1024,0.12961296129612962,0.0,0.0,0.19574306347396428,0.4695780176643769,0.005295506128007264,0.03495233772128915,0.020643939393939395,0.8879152975538518,1
0.032,0.03265306122448979,0.059259259259259255,0.0,0.0,0.14304291287386214,0.09920000000000001,0.037803780378037805,0.0072007200720072,0.12737642585551331,0.1353097681489928,0.04955839057899903,0.009369042215161145,0.3032228778937812,0.11571969696969697,0.28368017524644035,1
0.0,0.0,0.0,0.0,0.09375,0.06241872561768529,0.12853333333333336,0.21692169216921695,0.043204320432043204,0.0,0.03192702394526796,0.37340529931305205,0.003923740354062642,0.020426690876078075,0.010353535353535353,0.30850675428988683,1
0.0,0.0,0.0,0.2888583218707016,0.0,0.0,0.22453333333333333,0.0,0.0,0.0,0.0,0.0,0.0015388107126645483,0.006354970494779846,0.003851010101010101,0.0,1
0.0,0.0,0.0,0.0,0.0,0.0,0.0,0.0,0.0,0.0,0.0,0.0,0.0022696323195642307,0.007262823422605538,0.0030303030303030303,0.0,0
0.192,0.09795918367346937,0.0,0.0,0.0,0.031209362808842647,0.06453333333333333,0.1305130513051305,0.0,0.045627376425855515,0.013683010262257697,0.09028459273797843,0.0011584203359055831,0.029505220154335,0.016035353535353535,0.34319094560058416,1
0.0,0.0,0.0,0.30536451169188455,0.0,0.0,0.0,0.0,0.0,0.0,0.0,0.21540726202158983,0.0018157058556513843,0.004539264639128461,0.001452020202020202,0.16027747353048558,1
0.0,0.0,0.0,0.0,0.140625,0.0,0.019200000000000002,0.09720972097209722,0.0,0.0,0.0,0.0,0.0005773944620971401,0.004993191103041307,0.003345959595959596,0.0,0
0.0,0.0,0.0,0.0,0.0,0.0,0.07733333333333334,0.0,0.0,0.0,0.0,0.0,0.0007126645483431683,0.007716749886518385,0.0046717171717171714,0.0,0
0.0,0.03673469387755102,0.0,0.0,0.0,0.0,0.10666666666666667,0.29432943294329433,0.016201620162016202,0.017110266159695818,0.0919802356518434,0.014720314033366046,0.002556513844757149,0.03086699954607354,0.0341540404040404,0.1321650237312888,1
0.0,0.0,0.0,0.0,0.0,0.0,0.06026666666666666,0.20432043204320433,0.0,0.0,0.0,0.0,0.0008252383113935543,0.0018157058556513845,0.0025883838383838386,0.0,0
0.0,0.0,0.0,0.0,0.0,0.0,0.0,0.0,0.0,0.0,0.10984416571645762,0.0,6.899682251475258e-05,0.00045392646391284613,0.0008207070707070708,0.10551296093464768,0
0.0,0.0,0.037037037037037035,0.020632737276478682,0.00390625,0.016905071521456434,0.11146666666666667,0.1413141314131413,0.0018001800180018,0.10456273764258557,0.09502090459901179,0.022571148184494606,0.0014244212437585111,0.029505220154335,0.14255050505050504,0.14457831325301207,1
0.0,0.0,0.0,0.0,0.0,0.0,0.19733333333333336,0.0,0.0,0.0,0.2584568605093121,0.0,0.0,0.0,0.0006313131313131314,0.24826579043446517,0
0.256,0.0,0.0,0.0,0.0,0.0,0.13813333333333333,0.0,0.0,0.0,0.25161535537818325,0.0,0.008232410349523378,0.05901044030867,0.01837121212121212,0.47535596933187296,1
0.0,0.0,0.0,0.0,0.0,0.23537061118335498,0.33920000000000006,0.08100810081008102,0.0,0.0,0.11098441657164576,0.0,0.0018157058556513843,0.016795279164775308,0.0046717171717171714,0.10660825118656443,1
0.0,0.0,0.0,0.0,0.0,0.0,0.14026666666666668,0.11791179117911792,0.0,0.0,0.0,0.0,0.00028506581933726734,0.0018157058556513845,0.002840909090909091,0.0,0
0.0,0.0,0.0,0.0,0.0,0.0,0.05866666666666667,0.032403240324032405,0.0,0.06844106463878327,0.0,0.0,0.00117385383567862,0.01997276441216523,0.010795454545454546,0.0,0
0.0,0.0,0.0,0.0,0.0,0.0,0.0,0.0,0.0,0.0,0.0,0.0,0.0,0.0,0.00037878787878787884,0.0,0
0.0,0.0,0.0,0.05777166437414031,0.0,0.16644993498049412,0.1594666666666667,0.1917191719171917,0.0,0.0,0.0,0.17124631992149167,0.005447117566954154,0.047208352246935995,0.027777777777777776,0.12741876597298285,1
0.09200000000000001,0.0,0.0,0.0,0.0,0.0,0.025066666666666668,0.0,0.0,0.0,0.0,0.0,0.0005401724920562869,0.003177485247389923,0.008901515151515152,0.08397225264695145,0
0.44400000000000006,0.0,0.0,0.18294360385144434,0.0,0.14434330299089726,0.1418666666666667,0.15931593159315932,0.0,0.0,0.02546560243253516,0.03287536800785084,0.0008588288697231049,0.009532455742169769,0.01148989898989899,0.45418035779481564,1
0.0,0.0,0.0,0.0,0.0,0.0,0.037866666666666667,0.0315031503150315,0.0,0.0,0.14139110604332955,0.0,0.0005819337267362687,0.004993191103041307,0.0068813131313131305,0.13581599123767799,0
0.22000000000000003,0.0,0.0,0.07565337001375518,0.544921875,0.0,0.20853333333333335,0.15031503150315031,0.0,0.0,0.45876092740402896,0.16928361138370954,0.003414434861552429,0.06309577848388562,0.012563131313131312,0.7674333698430086,1
0.0,0.0,0.0,0.0,0.0,0.0,0.23146666666666668,0.0,0.0,0.0,0.29912580767768915,0.0,0.0007943713118474808,0.002723558783477077,0.0008838383838383839,0.2873311427528295,0
0.0,0.0,0.0,0.0,0.0,0.0,0.0,0.0,0.0,0.0,0.047510452299505894,0.0,0.0017476168860644575,0.011802088061734,0.009911616161616161,0.045637093829864916,0
0.0,0.0,0.0,0.0,0.0,0.07542262678803639,0.09333333333333334,0.10441044104410441,0.0,0.11026615969581749,0.14291144051691373,0.0,0.0006373127553336359,0.006808896958692692,0.0049873737373737365,0.13727637824023367,0
0.0,0.5224489795918367,0.0,0.0,0.0,0.0,0.06826666666666667,0.576957695769577,0.0,0.0,0.0,0.10009813542688911,0.0037957330912392197,0.010894235133908307,0.0035353535353535356,0.5418035779481563,1
0.30800000000000005,0.0,0.0,0.0,0.0,0.0,0.0,0.0,0.0,0.0,0.0,0.0,0.001270994098955969,0.004539264639128461,0.002967171717171717,0.28112449799196787,0
0.0,0.07346938775510203,0.0,0.0,0.072265625,0.0,0.13066666666666668,0.0846084608460846,0.0333033303330333,0.07034220532319392,0.1121246674268339,0.052502453385672235,0.0013999092147072172,0.014979573309123922,0.015025252525252525,0.21248630887185105,1
0.09200000000000001,0.0,0.08518518518518518,0.0,0.0,0.0,0.20320000000000002,0.1071107110711071,0.0,0.04372623574144487,0.39718738122386926,0.01815505397448479,0.0027435315478892422,0.04357694053563323,0.034217171717171715,0.5629791894852135,1
0.07600000000000001,0.3142857142857143,0.4259259259259259,0.0,0.037109375,0.2756827048114434,0.11306666666666668,0.1035103510351035,0.0513051305130513,0.21863117870722434,0.16647662485746864,0.09371933267909717,0.012364049024058103,0.23785746709033137,0.05808080808080808,1.0,1
0.0,0.0,0.0,0.0,0.0,0.0,0.0,0.0,0.0,0.0,0.0,0.0,0.0007780299591466183,0.004539264639128461,0.0015782828282828283,0.0,0
0.044000000000000004,0.0,0.0,0.031636863823933985,0.0,0.0,0.20053333333333334,0.11611161116111611,0.0,0.06653992395437262,0.10908399847966552,0.052502453385672235,0.0022142532909668632,0.028597367226509306,0.03207070707070707,0.18400876232201535,1
0.0,0.0,0.0,0.0,0.0,0.0,0.1056,0.0891089108910891,0.0,0.0,0.0,0.0,0.0012228778937812073,0.0040853381752156154,0.003345959595959596,0.0,0
0.0,0.0,0.0,0.0,0.0,0.0,0.021333333333333336,0.036003600360036005,0.0,0.0,0.018624097301406312,0.0,0.0011693145710394912,0.0036314117113027695,0.008459595959595959,0.017889740781307048,0
0.0,0.0,0.0,0.0,0.0,0.0,0.20266666666666666,0.0,0.0,0.0,0.06651463321930824,0.0,0.0019291874716295958,0.006354970494779846,0.0030934343434343434,0.06389193136181089,0
0.1,0.03265306122448979,0.06296296296296297,0.034387895460797804,0.015625,0.12223667100130037,0.0864,0.037803780378037805,0.015301530153015303,0.11216730038022814,0.15963511972633979,0.05593719332679098,0.005898320472083523,0.3032228778937812,0.0884469696969697,0.3775100401606426,1
0.020000000000000004,0.0,0.07407407407407407,0.0,0.01953125,0.049414824447334194,0.0037333333333333337,0.015301530153015303,0.004500450045004501,0.0,0.040668947168377045,0.008341511285574093,0.002652746255106673,0.22151611438946892,0.20643939393939392,0.13654618473895583,1
0.0,0.0,0.0,0.0,0.0,0.0,0.07946666666666667,0.2682268226822682,0.0,0.0,0.40630938806537437,0.0,0.0,0.0,0.0007575757575757576,0.39028842643300476,0
0.0,0.0,0.0,0.0,0.0,0.0,0.0,0.0,0.0,0.0,0.0,0.0,0.0032555605991829322,0.022696323195642305,0.008333333333333333,0.0,0
0.0,0.0,0.0,0.06189821182943605,0.087890625,0.058517555266579965,0.04853333333333334,0.04050405040504051,0.0819081908190819,0.0855513307984791,0.02394526795895097,0.062315996074582936,0.0033908306854289606,0.020426690876078075,0.0101010101010101,0.06936838262139468,1
0.0,0.0,0.0,0.0,0.0,0.0,0.06346666666666667,0.0,0.0,0.0,0.0,0.0,0.0018974126191556966,0.004539264639128461,0.004229797979797979,0.0,0
0.0,0.0,0.0,0.0,0.0,0.0,0.0,0.0,0.0,0.0,0.0,0.0,9.078529278256926e-05,0.00045392646391284613,0.0006313131313131314,0.0,0
0.0,0.0,0.0,0.0,0.0,0.0,0.0,0.0,0.0,0.0,0.0,0.0,0.0022496595551520656,0.004539264639128461,0.0049873737373737365,0.0,0
0.128,0.3428571428571428,0.1074074074074074,0.0,0.10546875,0.028608582574772428,0.18506666666666668,0.11881188118811882,0.0036003600360036,0.055133079847908745,0.2424933485366781,0.08096172718351326,0.002448479346345892,0.05265546981389015,0.220770202020202,0.8225629791894853,1
0.0,0.0,0.0,0.0,0.0,0.0,0.0,0.0,0.0,0.0,0.0,0.0,0.003070358601906491,0.012256014525646846,0.01875,0.0,0
0.0,0.024489795918367342,0.08888888888888888,0.008253094910591473,0.140625,0.007802340702210662,0.23893333333333336,0.1035103510351035,0.0054005400540054005,0.011406844106463879,0.0038008361839604716,0.08194308145240434,0.0006654561960962325,0.004993191103041307,0.02784090909090909,0.1741511500547645,1
0.0,0.0,0.0,0.0,0.0,0.0,0.08266666666666668,0.34113411341134114,0.0,0.0,0.0,0.0,0.00018429414434861563,0.0018157058556513845,0.01148989898989899,0.0,0
0.0,0.0,0.0,0.05914718019257222,0.0,0.0,0.046400000000000004,0.0,0.0387038703870387,0.0,0.15013302926643862,0.0,0.006339536995006809,0.03222877893781208,0.031186868686868686,0.14421321650237315,1
0.11599999999999999,0.5551020408163265,0.28888888888888886,0.01237964236588721,0.208984375,0.0507152145643693,0.1872,0.1404140414041404,0.0,0.017110266159695818,0.01710376282782212,0.007360157016683023,0.0010285973672265092,0.017703132092601,0.019065656565656564,0.9090909090909092,1
0.0,0.0,0.0,0.20220082530949107,0.0,0.0,0.0,0.1323132313231323,0.0,0.0,0.0,0.12168792934249266,0.0019518837948252384,0.004993191103041307,0.003914141414141413,0.09054399415845199,1
0.0,0.0,0.14074074074074072,0.0,0.3359375,0.049414824447334194,0.16266666666666665,0.24032403240324032,0.0,0.0,0.11174458380843785,0.07212953876349362,0.01459282796187018,0.194734453018611,0.07215909090909091,0.2997444322745528,1
0.068,0.3142857142857143,0.0,0.0,0.095703125,0.003901170351105331,0.1728,0.1107110711071107,0.012601260126012603,0.09315589353612168,0.25769669327252,0.5152109911678117,0.004219700408533818,0.06945074897866546,0.19463383838383838,0.9740781307046368,1
0.132,0.13469387755102039,0.0,0.045392022008253104,0.064453125,0.0,0.1056,0.297029702970297,0.029702970297029705,0.0,0.0,0.07948969578017666,0.001084884248751702,0.02224239673172946,0.01268939393939394,0.3001095290251917,1
0.0,0.0,0.0,0.0,0.0,0.06631989596879063,0.1632,0.09180918091809182,0.0,0.0,0.03458760927404029,0.0,0.0005320018157058557,0.0013617793917385383,0.002840909090909091,0.03322380430814166,0
0.0,0.0,0.0,0.0,0.22656249999999997,0.0,0.06186666666666667,0.0,0.0,0.0,0.0,0.0,0.0014997730367680437,0.012256014525646846,0.003787878787878788,0.0,1
0.10800000000000001,0.22448979591836735,0.0,0.0,0.0,0.25227568270481143,0.13333333333333333,0.19981998199819984,0.024302430243024305,0.36882129277566544,0.10376282782212087,0.1786064769381747,0.00512119836586473,0.021334543803903767,0.02215909090909091,0.5319459656809056,1
0.0,0.0,0.0,0.0,0.0,0.0,0.012266666666666669,0.0,0.0,0.0,0.0,0.0,0.0003931003177485248,0.0036314117113027695,0.005366161616161616,0.0,0
0.0,0.0,0.0,0.0,0.181640625,0.0,0.0,0.0,0.0387038703870387,0.0,0.0,0.013738959764474978,0.001265546981389015,0.01044030866999546,0.05555555555555555,0.010222709017889742,0
0.0,0.0,0.0,0.0,0.0,0.0,0.11573333333333334,0.0,0.0,0.0,0.0,0.0,0.0017458011802088062,0.024512029051293693,0.007133838383838384,0.0,1
0.0,0.0,0.0,0.0,0.03125,0.0,0.15360000000000001,0.045004500450045004,0.0,0.0,0.21322690992018248,0.0,0.00041942805265546984,0.0040853381752156154,0.008522727272727272,0.20481927710843376,0
0.12,0.12244897959183672,0.0,0.0,0.30078125,0.30169050715214557,0.09866666666666668,0.09720972097209722,0.05490549054905491,0.0,0.233751425313569,0.012266928361138373,0.0003422605537902859,0.005447117566954153,0.011679292929292928,0.45271997079225995,1
0.752,0.0,0.0,0.038514442916093544,0.027343750000000003,0.018205461638491547,0.053866666666666674,0.12961296129612962,0.025202520252025205,0.0,0.07981755986316989,0.0,0.00117385383567862,0.01407172038129823,0.03005050505050505,0.7630522088353413,1
0.0,0.0,0.0,0.0,0.0,0.0,0.14400000000000002,0.24302430243024303,0.0,0.2566539923954373,0.241733181299886,0.0,0.00255015887426237,0.012256014525646846,0.0049873737373737365,0.2322015334063527,1
0.028000000000000004,0.0,0.0,0.0,0.158203125,0.0,0.08213333333333334,0.006300630063006301,0.0,0.0,0.0,0.0049067713444553495,0.0005338175215615072,0.022696323195642305,0.015277777777777777,0.029207740051113547,0
0.0,0.048979591836734684,0.04444444444444444,0.0,0.0234375,0.26527958387516254,0.14986666666666668,0.11431143114311432,0.010801080108010801,0.047528517110266164,0.14063093880653743,0.02993130520117763,0.0017049477984566502,0.03767589650476623,0.029924242424242423,0.24497991967871488,1
0.0,0.0,0.0,0.0,0.0,0.0,0.017066666666666667,0.0144014401440144,0.0072007200720072,0.1387832699619772,0.0,0.010794896957801767,0.0020081706763504315,0.019518837948252384,0.04191919191919192,0.008032128514056224,0
0.0,0.0,0.0,0.0,0.0,0.0,0.09706666666666668,0.054005400540054004,0.0,0.0,0.0,0.0,0.004620971402632774,0.03177485247389923,0.012626262626262626,0.0,0
0.0,0.0,0.0,0.0,0.0,0.0,0.0,0.0,0.0,0.0,0.08437856328392247,0.0,0.0016577394462097142,0.003177485247389923,0.00404040404040404,0.08105147864184009,0
0.6440000000000001,0.03265306122448979,0.12222222222222222,0.011004126547455298,0.1484375,0.04291287386215865,0.08106666666666668,0.045004500450045004,0.029702970297029705,0.0,0.19688331432915243,0.07703631010794898,0.005698592827961871,0.13209260099863823,0.12904040404040404,0.9839357429718877,1
0.0,0.5265306122448979,0.0,0.0,0.0,0.0,0.0688,0.4671467146714672,0.0,0.0,0.0,0.09715407262021591,0.0029323649568769863,0.010894235133908307,0.003409090909090909,0.5432639649507119,1
0.6080000000000001,0.0,0.0,0.022008253094910595,0.064453125,0.020806241872561766,0.15360000000000001,0.21332133213321333,0.029702970297029705,0.0,0.01064234131508932,0.041216879293424935,0.0036050839763958242,0.017703132092601,0.033522727272727273,0.5958378970427164,1
0.0,0.0,0.0,0.0,0.0,0.0,0.0,0.0,0.0,0.0,0.0,0.0,0.0009414434861552428,0.007716749886518385,0.05757575757575758,0.0,0
0.0,0.0,0.14444444444444443,0.0,0.0,0.0507152145643693,0.16640000000000002,0.1053105310531053,0.0,0.0,0.026605853287723302,0.0,0.0009704947798456651,0.005447117566954153,0.005555555555555555,0.1679445052939029,0
0.10400000000000001,0.21224489795918366,0.0,0.01237964236588721,0.08203125,0.003901170351105331,0.14666666666666667,0.11431143114311432,0.0054005400540054005,0.09315589353612168,0.13112884834663627,0.2526987242394505,0.004205174761688606,0.060372219700408535,0.15782828282828282,0.5987586710478277,1
0.0,0.0,0.0,0.0,0.0,0.0,0.12213333333333334,0.0,0.0,0.0,0.0,0.0,0.002487517022242397,0.023604176123467997,0.006313131313131313,0.0,0
0.11599999999999999,0.11836734693877549,0.0,0.019257221458046772,0.28515625,0.2665799739921976,0.10133333333333333,0.09180918091809182,0.052205220522052204,0.0,0.21208665906499433,0.011776251226692838,0.00046935996368588286,0.004993191103041307,0.013636363636363636,0.42424242424242425,1
0.0,0.0,0.0,0.0,0.0,0.08192457737321196,0.16960000000000003,0.05670567056705671,0.0,0.0,0.0,0.0,0.0011030413073082157,0.009532455742169769,0.00707070707070707,0.0,0
0.0,0.17551020408163262,0.0,0.0,0.33984375,0.0,0.046400000000000004,0.0783078307830783,0.0,0.0,0.30482706195362985,0.0,0.0037349069450748978,0.04811620517476169,0.011237373737373737,0.44979919678714864,1
0.0,0.0,0.0,0.0,0.0,0.0,0.0304,0.0,0.0,0.0,0.016343595591030026,0.0,0.0002723558783477078,0.002723558783477077,0.0032196969696969696,0.01569916027747353,0
0.0,0.5346938775510204,0.0,0.0,0.0,0.0,0.06986666666666667,0.4734473447344734,0.0,0.0,0.0,0.10402355250245339,0.0034661824784384923,0.010894235133908307,0.0032828282828282827,0.5556772544724352,1
0.0,0.0,0.0,0.0,0.0,0.0,0.06773333333333334,0.06840684068406841,0.0,0.0,0.0,0.0,0.0007208352246935997,0.0040853381752156154,0.01148989898989899,0.0,0
0.128,0.13061224489795917,0.0,0.08803301237964238,0.0625,0.04161248374512353,0.12106666666666667,0.29162916291629165,0.0288028802880288,0.0,0.0,0.07654563297350345,0.0006246028143440761,0.008170676350431231,0.009848484848484848,0.2906170135085798,1
0.0,0.0,0.0,0.0,0.0,0.0,0.18186666666666668,0.0,0.0,0.0,0.08551881413911061,0.0,0.0007862006354970495,0.0013617793917385383,0.0017045454545454547,0.08214676889375686,0
0.0,0.0,0.0,0.0,0.0,0.0,0.0,0.0,0.0,0.4353612167300381,0.0,0.0,0.0029432591920108943,0.02315024965955515,0.008775252525252525,0.0,0
0.0,0.0,0.0,0.0,0.0,0.0871261378413524,0.03573333333333334,0.0,0.0,0.0,0.30482706195362985,0.05593719332679098,0.0013862914207898322,0.008624602814344077,0.008712121212121211,0.3344286235852501,1
0.0,0.0,0.0,0.0,0.0,0.0,0.09973333333333334,0.11251125112511251,0.0,0.11787072243346008,0.0,0.0,0.001123921924648207,0.004993191103041307,0.008838383838383838,0.0,0
0.13999999999999999,0.0,0.0,0.0,0.0,0.18465539661898567,0.09440000000000001,0.09540954095409541,0.0,0.0,0.26605853287723297,0.0,0.0025129369042215157,0.02723558783477077,0.016351010101010102,0.38335158817086523,1
0.0,0.0,0.0,0.013755158184319122,0.01953125,0.0,0.0,0.0,0.04770477047704771,0.019011406844106467,0.006081337894336755,0.03189401373895977,0.0010022696323195644,0.012709940989559692,0.023989898989898988,0.029572836801752468,1
0.1,0.03265306122448979,0.06296296296296297,0.034387895460797804,0.015625,0.12093628088426527,0.08586666666666667,0.037803780378037805,0.015301530153015303,0.11216730038022814,0.15507411630558723,0.05789990186457312,0.005946436677258284,0.3032228778937812,0.08907828282828284,0.37458926615553123,1
0.332,0.0,0.0,0.027510316368638245,0.0390625,0.0,0.11146666666666667,0.0558055805580558,0.0,0.0,0.05017103762827823,0.0,0.0005901044030866999,0.006354970494779846,0.010984848484848484,0.3512230741146404,1
0.0,0.0,0.0,0.0,0.0,0.0,0.11573333333333334,0.0,0.0,0.0,0.0,0.0,0.0,0.0,0.00044191919191919195,0.0,0
0.12,0.24489795918367344,0.0,0.0,0.0,0.0,0.14506666666666668,0.10891089108910891,0.0,0.11406844106463879,0.07221588749524896,0.06967615309126594,0.0009350885156604629,0.013617793917385384,0.012499999999999999,0.4497991967871485,1
0.0,0.0,0.0,0.0,0.0,0.0,0.08373333333333334,0.0702070207020702,0.0,0.0,0.0,0.0,0.001677712210621879,0.022696323195642305,0.005871212121212121,0.0,0
0.0,0.0,0.0,0.0,0.0,0.0,0.0,0.0,0.0,0.0,0.0,0.0,0.0007989105764866091,0.005447117566954153,0.002904040404040404,0.0,0
0.0,0.0,0.0,0.0,0.0,0.0,0.0,0.0,0.0,0.0,0.0,0.0,0.0009922832501134816,0.004539264639128461,0.0056186868686868684,0.0,0
0.0,0.0,0.0,0.0,0.0,0.0,0.0,0.0,0.0,0.0,0.0,0.0,0.0021180208806173403,0.007716749886518385,0.003724747474747475,0.0,0
0.0,0.0,0.0,0.0,0.0,0.0,0.0,0.08730873087308731,0.0,0.0,0.0,0.0,0.0009350885156604629,0.004539264639128461,0.004166666666666667,0.0,0
0.472,0.11020408163265305,0.0,0.0,0.052734375,0.2730819245773732,0.1456,0.25472547254725475,0.032403240324032405,0.05133079847908746,0.2322310908399848,0.006869479882237489,0.0024575578756241487,0.05719473445301861,0.05517676767676768,0.7575757575757577,1
0.0,0.0,0.0,0.0,0.09765625,0.0,0.0,0.0,0.0,0.0,0.0,0.0,0.00042487517022242384,0.0018157058556513845,0.004292929292929293,0.0,0
0.0,0.0,0.0,0.0,0.0,0.0,0.10933333333333332,0.0,0.0,0.0,0.0,0.0,0.000285973672265093,0.0013617793917385383,0.0015151515151515152,0.0,0
0.0,0.0,0.0,0.0,0.0,0.0,0.0,0.1422142214221422,0.0,0.0,0.10908399847966552,0.0,6.899682251475258e-05,0.00045392646391284613,0.0008207070707070708,0.10478276743336984,0
0.0,0.0,0.0,0.0,0.0,0.0,0.24533333333333332,0.05850585058505851,0.0,0.0,0.047510452299505894,0.0,0.0002269632319564231,0.0018157058556513845,0.002462121212121212,0.045637093829864916,0
0.18000000000000002,0.0,0.0,0.0,0.17578125,0.0,0.24106666666666665,0.08100810081008102,0.0,0.0,0.8038768529076398,0.034347399411187446,0.0014988651838402176,0.005901044030867,0.007133838383838384,0.9620299379335525,1
0.0,0.0,0.0,0.19669876203576342,0.0,0.0,0.15306666666666668,0.0423042304230423,0.0,0.0,0.2637780311668567,0.0,0.0060907852927825695,0.07399001361779392,0.015025252525252525,0.25337714494341,1
0.0,0.0,0.0,0.034387895460797804,0.0,0.0,0.06186666666666667,0.06930693069306931,0.0,0.0,0.2519954389965793,0.0,0.00022060826146164342,0.004539264639128461,0.011553030303030303,0.24205914567360354,1
0.0,0.0,0.0,0.0,0.0,0.0,0.0,0.0,0.0,0.0,0.0,0.0,0.0011965501588742625,0.010894235133908307,0.0031565656565656565,0.0,0
0.0,0.0,0.0,0.0,0.0,0.0,0.07946666666666667,0.0,0.0,0.0,0.0,0.0,0.0008724466636404904,0.004539264639128461,0.0031565656565656565,0.0,0
0.17200000000000001,0.0,0.0,0.0,0.0,0.2249674902470741,0.022933333333333333,0.0387038703870387,0.11611161116111611,0.0,0.11782592170277462,0.030421982335623165,0.0004330458465728553,0.003177485247389923,0.00404040404040404,0.2928075940124133,1
0.22000000000000003,0.0,0.0,0.07565337001375518,0.7578125,0.0,0.20693333333333333,0.1494149414941494,0.0,0.0,0.45267958950969217,0.16683022571148187,0.003259192010894235,0.06309577848388562,0.01268939393939394,0.7597663380795913,1
0.0,0.27755102040816326,0.14074074074074072,0.0,0.037109375,0.1898569570871261,0.09333333333333334,0.06930693069306931,0.052205220522052204,0.11026615969581749,0.21626757886735082,0.10157016683022572,0.01004448479346346,0.31320926009986383,0.10656565656565657,0.6703176341730559,1
0.544,0.0,0.0,0.0,0.0,0.0,0.1216,0.4104410441044104,0.0,0.0,0.0,0.0,0.0009369042215161145,0.004993191103041307,0.00789141414141414,0.49653158086893034,1
0.0,0.0,0.0,0.0,0.0,0.0871261378413524,0.03573333333333334,0.06030603060306031,0.0,0.0,0.1353097681489928,0.05789990186457312,0.001193826600090785,0.004993191103041307,0.00827020202020202,0.17305585980284777,1
0.37200000000000005,0.0,0.0,0.0,0.0,0.0,0.14933333333333335,0.0,0.0,0.0,0.0,0.0,0.0006999546073536087,0.0018157058556513845,0.003851010101010101,0.339539978094195,0
0.0,0.03265306122448979,0.0,0.011004126547455298,0.033203125,0.010403120936280883,0.064,0.2853285328532853,0.037803780378037805,0.015209125475285173,0.03610794374762448,0.006378802747791954,0.0027871084884248756,0.021334543803903767,0.03617424242424242,0.06863818912011684,1
0.0,0.0,0.0,0.0,0.0,0.11573472041612483,0.04746666666666667,0.06030603060306031,0.0,0.08365019011406845,0.11592550361079437,0.0,0.0008125283704039946,0.021334543803903767,0.010227272727272727,0.1113545089448704,1
0.0,0.0,0.0,0.0,0.0,0.0,0.1424,0.08010801080108011,0.0,0.0,0.056632459141011025,0.0,0.00010440308669995471,0.00045392646391284613,0.0017676767676767678,0.05439941584519898,0
0.18000000000000002,0.0,0.0,0.0,0.0,0.0,0.011733333333333333,0.04050405040504051,0.04050405040504051,0.0,0.0,0.0,0.0013345438039037679,0.011802088061734,0.026767676767676767,0.1642935377875137,1
0.22400000000000003,0.0,0.0,0.15405777166437418,0.55078125,0.0,0.2106666666666667,0.15211521152115212,0.0,0.0,0.5017103762827823,0.16192345436702651,0.003753971856559237,0.06309577848388562,0.01193181818181818,0.8068638189120118,1
0.0,0.0,0.45185185185185184,0.0,0.0,0.0,0.06506666666666668,0.036003600360036005,0.0,0.07604562737642587,0.0,0.0,0.0007625964593735815,0.003177485247389923,0.00505050505050505,0.4454180357794816,0
0.0,0.0,0.0,0.0,0.0,0.0,0.0,0.0,0.0,0.0,0.0,0.0,0.002149795733091239,0.002723558783477077,0.003977272727272727,0.0,0
0.0,0.0,0.0,0.0,0.0,0.0,0.0,0.0,0.0,0.0,0.1619156214367161,0.10451422963689894,0.0032682705401724916,0.009986382206082615,0.004292929292929293,0.23329682365826945,1
0.0,0.0,0.5444444444444444,0.20220082530949107,0.57421875,0.0,0.0,0.2646264626462646,0.1323132313231323,0.279467680608365,0.11174458380843785,0.07212953876349362,0.06445755787562416,0.12709940989559693,0.018118686868686867,0.6976998904709748,1
0.0,0.0,0.0,0.0,0.16015625,0.0,0.088,0.22232223222322234,0.1485148514851485,0.0,0.04294944887875333,0.0,0.0002269632319564231,0.0013617793917385383,0.0030934343434343434,0.04125593282219789,1
0.0,0.0,0.0,0.0,0.0,0.0,0.018666666666666668,0.015301530153015303,0.0,0.15209125475285173,0.0,0.011776251226692838,0.003327280980481162,0.03631411711302769,0.06502525252525253,0.008762322015334063,0
0.0,0.0,0.0,0.2888583218707016,0.0,0.0,0.22453333333333333,0.0,0.0,0.0,0.0,0.0,0.0015388107126645483,0.006354970494779846,0.003851010101010101,0.0,1
0.0,0.0,0.0,0.0,0.0,0.003901170351105331,0.0074666666666666675,0.009000900090009001,0.0,0.07604562737642587,0.0,0.0049067713444553495,0.002027235587834771,0.029505220154335,0.08750000000000001,0.0036509675063891934,0
0.0,0.0,0.0,0.0,0.0,0.0,0.0,0.0,0.0,0.0,0.0,0.0,0.0006581933726736269,0.005447117566954153,0.004292929292929293,0.0,0
0.084,0.0,0.0,0.0,0.0,0.027308192457737315,0.11413333333333335,0.037803780378037805,0.0,0.0,0.014823261117445839,0.0,0.0002650930549251022,0.0022696323195642307,0.006628787878787878,0.09090909090909091,0
0.272,0.0,0.0,0.0,0.0,0.0,0.0,0.0,0.0,0.0,0.11744583808437857,0.0,0.0005447117566954154,0.0013617793917385383,0.001957070707070707,0.3610806863818913,1
0.328,0.13469387755102039,0.0,0.09078404401650621,0.064453125,0.020806241872561766,0.14986666666666668,0.0891089108910891,0.0,0.0,0.0942607373622197,0.024043179587831212,0.004685428960508398,0.1584203359055833,0.04583333333333333,0.5282949981745162,1
0.124,0.2530612244897959,0.11481481481481481,0.0,0.0,0.04031209362808842,0.20053333333333334,0.0558055805580558,0.0,0.0,0.020904599011782595,0.054465161923454374,0.00123286427598729,0.01407172038129823,0.007828282828282828,0.5133260313983206,1
0.0,0.0,0.0,0.0,0.0,0.0,0.0,0.0,0.0,0.0,0.0,0.0,0.0014226055379028598,0.006354970494779846,0.010795454545454546,0.0,0
0.11599999999999999,0.11836734693877549,0.0,0.019257221458046772,0.28515625,0.2665799739921976,0.10133333333333333,0.09180918091809182,0.052205220522052204,0.0,0.21208665906499433,0.011776251226692838,0.00046935996368588286,0.004993191103041307,0.013636363636363636,0.42424242424242425,1
0.0,0.0,0.0,0.0,0.0,0.0,0.0,0.0,0.0,0.0,0.0,0.0,0.000586472991375397,0.004993191103041307,0.006691919191919192,0.0,0
0.0,0.0,0.0,0.0,0.0,0.0,0.26666666666666666,0.0,0.0,0.0,0.6552641581147853,0.0,0.0,0.0,0.00031565656565656563,0.6294267981014969,0
0.8880000000000001,0.0,0.0,0.1017881705639615,0.0,0.0,0.07893333333333334,0.1332133213321332,0.0,0.0,0.03344735841885215,0.0,0.0018592827961870177,0.012709940989559692,0.007828282828282828,0.8426433004746259,1
0.04000000000000001,0.13877551020408163,0.0,0.006877579092159561,0.091796875,0.0,0.17226666666666668,0.1341134113411341,0.023402340234023402,0.07984790874524715,0.12466742683390347,0.42100098135426894,0.004473899228325012,0.08987743985474353,0.19943181818181818,0.5936473165388829,1
0.476,0.0,0.0,0.0,0.0,0.0,0.12693333333333334,0.0,0.0,0.0,0.07601672367920943,0.0,0.00041852019972764417,0.0013617793917385383,0.0011363636363636363,0.5074844833880978,0
0.0,0.0,0.0,0.0,0.12109375,0.0,0.2,0.30873087308730873,0.0,0.05893536121673004,0.020524515393386546,0.0,0.0015751248297775759,0.005901044030867,0.00909090909090909,0.019715224534501644,0
0.18400000000000002,0.0,0.0,0.0,0.08984375,0.02990897269180754,0.16,0.0621062106210621,0.0,0.0,0.0,0.0,0.0014525646845211077,0.01861098502042669,0.011426767676767676,0.1679445052939029,1
0.0,0.0,0.0,0.0,0.0,0.0,0.1024,0.0576057605760576,0.0,0.0,0.040288863549981,0.0,0.0015560599182932364,0.02088061733999092,0.0059343434343434335,0.038700255567725446,0
0.0,0.0,0.0,0.22420907840440166,0.0,0.0,0.08693333333333333,0.29432943294329433,0.0,0.0,0.0,0.0,0.0001815705855651384,0.00045392646391284613,0.0006944444444444445,0.0,1
0.0,0.0,0.0,0.0,0.0,0.0,0.0736,0.041404140414041404,0.0,0.0,0.0,0.0,0.0006899682251475262,0.004993191103041307,0.00827020202020202,0.0,0
0.0,0.0,0.0,0.0,0.0,0.07152145643693107,0.17653333333333335,0.0,0.0,0.0,0.0,0.0,0.002356786200635497,0.014979573309123922,0.011742424242424242,0.0,0
0.096,0.09795918367346937,0.0,0.0,0.0,0.0,0.1552,0.10891089108910891,0.0,0.32129277566539927,0.3880653743823641,0.14278704612365065,0.005530640036314117,0.029959146618247844,0.02904040404040404,0.6542533771449434,1
0.0,0.0,0.0,0.0,0.0,0.0,0.0,0.0,0.0,0.0,0.0,0.0,0.0014943259192010893,0.03449841125737631,0.010795454545454546,0.0,0
0.0,0.0,0.2518518518518519,0.2806052269601101,0.0,0.26527958387516254,0.07253333333333334,0.18361836183618363,0.0,0.0,0.11744583808437857,0.0,0.001008624602814344,0.005901044030867,0.0059343434343434335,0.3610806863818913,1
0.0,0.0,0.0,0.0,0.0,0.0,0.08320000000000001,0.0,0.0,0.0,0.10262257696693274,0.0,0.0004539264639128461,0.0013617793917385383,0.0018308080808080809,0.09857612267250823,0
0.096,0.24081632653061222,0.0,0.004126547455295736,0.080078125,0.003901170351105331,0.1594666666666667,0.11251125112511251,0.0054005400540054005,0.09885931558935362,0.16153553781832003,0.28115799803729147,0.004322287789378121,0.05901044030867,0.14034090909090907,0.6673968601679445,1
0.0,0.0,0.0,0.0,0.228515625,0.0,0.18773333333333334,0.0,0.0,0.0,0.33675408589889777,0.0,0.0008769859282796187,0.0040853381752156154,0.0036616161616161618,0.3234757210660825,1
0.0,0.0,0.0,0.05777166437414031,0.0,0.16644993498049412,0.1594666666666667,0.1917191719171917,0.0,0.0,0.0,0.17124631992149167,0.005447117566954154,0.047208352246935995,0.027777777777777776,0.12741876597298285,1
0.6360000000000001,0.21632653061224488,0.0,0.0,0.103515625,0.06892067620286085,0.3685333333333334,0.14311431143114312,0.0,0.0,0.10642341315089321,0.09126594700686949,0.0016550158874262368,0.038129822968679075,0.015088383838383838,0.9441401971522455,1
0.0,0.0,0.0,0.0,0.0,0.0,0.049066666666666675,0.0,0.016201620162016202,0.0,0.011022424933485368,0.014229636898920513,0.0022287789378120744,0.01044030866999546,0.02436868686868687,0.021175611537057323,0
0.0,0.0,0.0,0.0,0.1484375,0.0,0.04053333333333334,0.0,0.0,0.0,0.0,0.0,0.001177485247389923,0.007262823422605538,0.012121212121212121,0.0,0
0.0,0.0,0.0,0.0,0.0,0.0,0.0,0.0,0.0,0.0,0.1676168757126568,0.3248282630029441,0.002783477076713572,0.007262823422605538,0.003787878787878788,0.40270171595472803,1
0.7240000000000001,0.0,0.0,0.0,0.0,0.0,0.1936,0.1305130513051305,0.0,0.06844106463878327,0.047510452299505894,0.0,0.00026055379028597366,0.0018157058556513845,0.005871212121212121,0.7064622124863089,1
0.0,0.0,0.0,0.0,0.027343750000000003,0.0,0.0,0.012601260126012603,0.0,0.026615969581749055,0.0,0.0,0.0006236949614162507,0.01044030866999546,0.03125,0.0,0
0.0,0.0,0.0,0.0,0.0,0.0,0.12960000000000002,0.0,0.0,0.0,0.0,0.0,0.0005038583749432591,0.0009078529278256922,0.0008207070707070708,0.0,0
0.0,0.0,0.0,0.0,0.0,0.0,0.0,0.0,0.0,0.0,0.0,0.0,0.001512482977757603,0.0013617793917385383,0.000946969696969697,0.0,0
0.0,0.0,0.0,0.0,0.0,0.0,0.12373333333333333,0.0,0.0,0.0,0.1193462561763588,0.0,0.0013372673626872444,0.0040853381752156154,0.002904040404040404,0.11464037970062067,0
0.0,0.0,0.0,0.0,0.2890625,0.0,0.07893333333333334,0.0666066606660666,0.0,0.0,0.0,0.05152109911678116,0.0014117113027689514,0.004993191103041307,0.004292929292929293,0.03833515881708653,0
0.0,0.0,0.0,0.0,0.0,0.0,0.0608,0.0,0.0,0.0,0.0,0.0,0.002069904675442578,0.006354970494779846,0.005113636363636364,0.0,0
0.0,0.0,0.0,0.0,0.0,0.18075422626788032,0.11146666666666667,0.09360936093609361,0.0,0.0,0.29874572405929306,0.0,0.0024766227871084886,0.02723558783477077,0.016414141414141412,0.2869660460021906,1
0.0,0.0,0.0,0.0,0.0,0.0,0.0,0.0,0.0,0.0,0.16875712656784495,0.0,0.001210167952791648,0.004993191103041307,0.0017045454545454547,0.16210295728368018,0
0.6440000000000001,0.0,0.0,0.0,0.0,0.0,0.0,0.0,0.0,0.0,0.09045990117825922,0.0,0.0030258738084430327,0.004539264639128461,0.006502525252525252,0.674698795180723,1
0.0,0.0,0.0,0.0,0.0,0.0,0.0,0.0,0.0,0.0,0.0,0.0,0.003359055832955062,0.009986382206082615,0.002904040404040404,0.0,0
0.1,0.03265306122448979,0.06296296296296297,0.034387895460797804,0.015625,0.12223667100130037,0.0864,0.037803780378037805,0.015301530153015303,0.11216730038022814,0.16533637400228052,0.05789990186457312,0.005898320472083523,0.3032228778937812,0.0884469696969697,0.384446878422782,1
0.0,0.0,0.0,0.0,0.0,0.0,0.13653333333333334,0.1152115211521152,0.0,0.0,0.0,0.0,0.0008642759872900589,0.0040853381752156154,0.0025252525252525255,0.0,0
0.0,0.0,0.0,0.0,0.0,0.0,0.0,0.0,0.0,0.0,0.0,0.4229636898920511,0.006808896958692692,0.007262823422605538,0.0020833333333333333,0.31471339905074847,1
0.396,0.0,0.0,0.0,0.046875,0.0,0.13173333333333334,0.0666066606660666,0.021602160216021602,0.0,0.18167996959331054,0.0,0.0016958692691783931,0.019518837948252384,0.010984848484848484,0.5359620299379335,1
0.0,0.0,0.0,0.0,0.0,0.0,0.0,0.0,0.0,0.0,0.0,0.0,0.0003404448479346346,0.0022696323195642307,0.0027146464646464648,0.0,0
0.0,0.0,0.0,0.0,0.0,0.0,0.3232,0.0,0.5454545454545454,0.0,0.18244013683010263,0.23552502453385674,0.0006209714026327735,0.0040853381752156154,0.001957070707070707,0.35049288061336253,1
0.10800000000000001,0.2204081632653061,0.0,0.0,0.10546875,0.0,0.1312,0.19711971197119713,0.0,0.155893536121673,0.03230710756366401,0.06280667320902847,0.0013472537448933272,0.008624602814344077,0.01029040404040404,0.37349397590361455,1
0.15200000000000002,0.310204081632653,0.25555555555555554,0.0,0.0859375,0.007802340702210662,0.15893333333333334,0.11341134113411341,0.022502250225022502,0.14448669201520914,0.16267578867350818,0.11530912659470069,0.0024530186109850203,0.01997276441216523,0.06748737373737375,0.9101861993428259,1
0.0,0.0,0.0,0.0,0.09375,0.06241872561768529,0.12853333333333336,0.21692169216921695,0.043204320432043204,0.0,0.03192702394526796,0.37340529931305205,0.003923740354062642,0.020426690876078075,0.010353535353535353,0.30850675428988683,1
0.0,0.0,0.0,0.0,0.0,0.04161248374512353,0.20533333333333334,0.0576057605760576,0.0,0.0,0.062333713416951736,0.026496565260058884,0.0006091693145710396,0.0013617793917385383,0.007007575757575758,0.07959109163928442,1
0.0,0.0,0.0,0.0,0.0,0.0,0.0,0.0,0.0,0.0,0.0,0.0,0.0015478892419428054,0.004539264639128461,0.002840909090909091,0.0,0
0.0,0.0,0.0,0.0,0.0,0.0,0.1424,0.16021602160216022,0.0,0.0,0.0,0.0,0.0011429868361325464,0.006354970494779846,0.003787878787878788,0.0,0
0.0,0.0,0.0,0.0,0.16015625,0.0,0.0,0.0,0.0,0.0,0.04522995058912961,0.0,0.0002469359963685882,0.0022696323195642307,0.0025883838383838386,0.043446513326031395,0
0.0,0.0,0.0,0.0,0.0,0.0,0.0,0.09810981098109811,0.09810981098109811,0.0,0.0,0.33954857703631014,0.0035778483885610534,0.010894235133908307,0.00523989898989899,0.2526469514421322,1
0.0,0.0,0.0,0.0,0.0,0.0,0.023466666666666667,0.019801980198019802,0.0,0.1920152091254753,0.0,0.015210991167811582,0.0019872900590104403,0.01407172038129823,0.03598484848484849,0.011317999269806499,0
0.0,0.0,0.0,0.0,0.0,0.0,0.6666666666666667,0.0,0.0,0.0,0.0,0.0,0.0,0.0,6.313131313131313e-05,0.0,1
0.0,0.11020408163265305,0.0,0.03713892709766163,0.0,0.0,0.13066666666666668,0.12241224122412242,0.09720972097209722,0.0,0.18586088939566706,0.019627085377821398,0.0010177031320926012,0.008170676350431231,0.014267676767676768,0.2917123037604965,1
0.0,0.0,0.0,0.0,0.0,0.0,0.0,0.0,0.0,0.0,0.0,0.0,0.0004539264639128461,0.0013617793917385383,0.00202020202020202,0.0,0
0.0,0.0,0.0,0.08115543328748281,0.0,0.11573472041612483,0.19093333333333334,0.1341134113411341,0.026102610261026102,0.0,0.016723679209426075,0.06575073601570168,0.0005447117566954154,0.006354970494779846,0.007512626262626262,0.06498722161372764,0
0.0,0.636734693877551,0.0,0.0,0.228515625,0.1014304291287386,0.16693333333333335,0.1053105310531053,0.0,0.0,0.09920182440136831,0.0,0.00041852019972764417,0.008170676350431231,0.007133838383838384,0.6648411829134722,1
0.0,0.24489795918367344,0.0,0.08253094910591473,0.0,0.07802340702210663,0.19466666666666668,0.10891089108910891,0.0,0.0,0.03838844545800076,0.1491658488714426,0.00201270994098956,0.013163867453472538,0.004608585858585858,0.3669222343921139,1
0.0,0.0,0.0,0.0,0.0,0.0,0.025066666666666668,0.0846084608460846,0.0,0.0,0.025845686050931207,0.0,0.0019927371765773943,0.009078529278256923,0.009217171717171718,0.024826579043446515,0
0.7200000000000001,0.0,0.0,0.0,0.0,0.2860858257477243,0.096,0.25292529252925294,0.018001800180018002,0.0,0.02280501710376283,0.0,0.0013917385383567862,0.019064911484339538,0.014330808080808081,0.67907995618839,0
0.0,0.0,0.0,0.0,0.158203125,0.0,0.0,0.0,0.0,0.0,0.0,0.0,0.0010540172492056288,0.011802088061734,0.036237373737373735,0.0,0
0.0,0.0,0.0,0.0,0.0,0.0,0.1776,0.0,0.0,0.0,0.4393766628658305,0.0,0.001210167952791648,0.0040853381752156154,0.0012626262626262627,0.4220518437385907,0
0.264,0.0,0.0,0.0,0.1953125,0.0,0.05333333333333334,0.05940594059405941,0.029702970297029705,0.0,0.04142911440516914,0.0,0.0016568315932818886,0.014979573309123922,0.00707070707070707,0.280759401241329,1
0.0,0.0,0.0,0.0,0.0,0.0,0.0,0.0,0.0,0.0,0.42683390345876093,0.0,0.0002723558783477078,0.0013617793917385383,0.0007575757575757576,0.4100036509675064,0
0.0,0.0,0.0,0.0,0.0,0.0,0.21866666666666665,0.2709270927092709,0.032403240324032405,0.0,0.007221588749524895,0.009322865554465163,0.0006482069904675442,0.014979573309123922,0.01130050505050505,0.013873676524278934,1
0.0,0.0,0.4444444444444444,0.16506189821182946,0.9394531249999999,0.0,0.128,0.32493249324932494,0.10801080108010801,0.22813688212927757,0.12580767768909162,0.0,0.04463549704947798,0.13345438039037677,0.01893939393939394,0.5589631252281855,1
0.512,0.0,0.0,0.0,0.0,0.0,0.13653333333333334,0.1152115211521152,0.0,0.0,0.2751805397187381,0.0,0.0018801634135270089,0.0036314117113027695,0.0026515151515151517,0.7316538882803943,1
0.0,0.0,0.0,0.0,0.0,0.0,0.024,0.019801980198019802,0.0,0.19391634980988595,0.0,0.014720314033366046,0.002915115751248298,0.03631411711302769,0.04273989898989899,0.01095290251916758,0
0.196,0.0,0.059259259259259255,0.1348005502063274,0.126953125,0.0,0.05226666666666667,0.11701170117011701,0.0882088208820882,0.06083650190114069,0.06803496769289244,0.33071638861629055,0.0017448933272809805,0.05083976395823877,0.04034090909090909,0.5487404162102958,1
0.576,0.0,0.0,0.0,0.0,0.0,0.3088,0.12961296129612962,0.0,0.0,0.20600532117065756,0.13297350343473996,0.0010503858374943257,0.004539264639128461,0.0025252525252525255,0.8225629791894853,1
0.0,0.0,0.5444444444444444,0.20220082530949107,0.57421875,0.0,0.0,0.2646264626462646,0.1323132313231323,0.279467680608365,0.11174458380843785,0.07212953876349362,0.06445755787562416,0.12709940989559693,0.018118686868686867,0.6976998904709748,1
0.0,0.0,0.0,0.0,0.0,0.0,0.0,0.0,0.0,0.0,0.0,0.0,0.00012891511575124817,0.0009078529278256922,0.000946969696969697,0.0,0
0.0,0.0,0.0,0.031636863823933985,0.0,0.02990897269180754,0.012266666666666669,0.020702070207020702,0.0,0.0,0.056632459141011025,0.0,0.000483885610531094,0.007716749886518385,0.011553030303030303,0.05439941584519898,0
0.17600000000000002,0.0,0.0,0.0,0.0,0.0,0.0704,0.0,0.0,0.0,0.0,0.0,0.0007635043123014072,0.0040853381752156154,0.011679292929292928,0.1606425702811245,1
0.044000000000000004,0.0,0.0,0.0,0.0,0.014304291287386214,0.018666666666666668,0.020702070207020702,0.0,0.0,0.006081337894336755,0.0,0.0013345438039037679,0.018157058556513846,0.0317550505050505,0.04600219058050384,1
0.0,0.06530612244897958,0.18518518518518517,0.022008253094910595,0.0,0.0,0.1264,0.13681368136813682,0.0144014401440144,0.0,0.030406689471683773,0.052502453385672235,0.0009214707217430777,0.01407172038129823,0.016224747474747475,0.3092369477911647,1
0.0,0.0,0.36296296296296293,0.04401650618982119,0.0,0.0,0.017066666666666667,0.05850585058505851,0.0,0.12357414448669203,0.3261117445838084,0.04955839057899903,0.305265546981389,0.5197458011802089,0.08510101010101011,0.7079225994888646,1
0.0,0.0,0.0,0.0,0.0,0.0,0.2501333333333334,0.12061206120612061,0.0,0.0,0.0,0.0,0.0002178847026781662,0.0009078529278256922,0.001893939393939394,0.0,0
0.6440000000000001,0.0,0.0,0.0,0.0,0.0,0.04266666666666667,0.07200720072007201,0.0,0.0,0.0,0.0,0.0012755333635950973,0.012256014525646846,0.005555555555555555,0.5878057685286602,0
0.0,0.5265306122448979,0.0,0.11829436038514445,0.16796875,0.05591677503250975,0.0688,0.4284428442844284,0.0,0.0,0.34777651083238315,0.0,0.0026246028143440763,0.02088061733999092,0.009027777777777777,0.8050383351588172,1
0.0,0.0,0.0,0.0,0.0,0.0,0.12533333333333335,0.0,0.0,0.0,0.07715697453439757,0.0,0.0013990013617793916,0.006354970494779846,0.003787878787878788,0.07411464037970063,0
0.0,0.0,0.0,0.0,0.0,0.11053315994798438,0.0,0.0,0.0,0.0,0.03686811098441657,0.0,0.0011720381298229686,0.004993191103041307,0.019318181818181818,0.035414384811975175,0
0.0,0.0,0.0,0.0,0.0,0.0,0.019733333333333335,0.0,0.2367236723672367,0.0,0.0,0.0,0.0009287335451656833,0.005901044030867,0.0053030303030303025,0.0,0
0.6440000000000001,0.03265306122448979,0.12222222222222222,0.011004126547455298,0.1484375,0.04291287386215865,0.08106666666666668,0.045004500450045004,0.029702970297029705,0.0,0.19688331432915243,0.07703631010794898,0.005698592827961871,0.13209260099863823,0.12904040404040404,0.9839357429718877,1
0.0,0.0,0.0,0.0,0.0,0.0,0.11466666666666667,0.0639063906390639,0.0,0.0,0.12998859749144814,0.0,0.0,0.0,0.001893939393939394,0.12486308871851041,0
0.0,0.0,0.0,0.0,0.015625,0.0,0.004266666666666667,0.0072007200720072,0.0,0.0,0.0,0.0,0.00350249659555152,0.026781661370857923,0.1278409090909091,0.0,0
0.0,0.0,0.0,0.0,0.0,0.0,0.21333333333333335,0.0,0.0,0.0,0.0,0.0,0.0012374035406264184,0.004539264639128461,0.0015782828282828283,0.0,1
0.0,0.0,0.0,0.0,0.08203125,0.0,0.0,0.0,0.022502250225022502,0.015209125475285173,0.0,0.0,0.0009287335451656833,0.011802088061734,0.04375,0.0,0
0.10400000000000001,0.13877551020408163,0.0,0.006877579092159561,0.0859375,0.0,0.17173333333333335,0.1323132313231323,0.023402340234023402,0.08365019011406845,0.12580767768909162,0.3876349362119726,0.004605537902859737,0.08715388107126645,0.19204545454545455,0.6283315078495803,1
0.0,0.0,0.0,0.0,0.0,0.0,0.0,0.0,0.0,0.0,0.14253135689851767,0.0,0.0011348161597821154,0.002723558783477077,0.0022095959595959595,0.13691128148959475,0
0.0,0.0,0.0,0.0,0.0,0.0,0.05973333333333334,0.12151215121512152,0.0,0.0,0.027366020524515394,0.03532875368007851,0.002035406264185202,0.016795279164775308,0.021843434343434342,0.05257393209200438,0
0.0,0.0,0.0,0.0,0.0,0.0,0.0784,0.0657065706570657,0.0,0.0,0.0,0.0,0.0007507943713118474,0.0018157058556513845,0.0032828282828282827,0.0,0
0.0,0.0,0.0,0.0,0.0,0.0,0.17120000000000002,0.25652565256525656,0.0315031503150315,0.0,0.13568985176738882,0.0,0.0008815251929187472,0.01044030866999546,0.012878787878787878,0.1303395399780942,1
0.0,0.0,0.0,0.0,0.0,0.0,0.019733333333333335,0.0,0.0,0.0,0.0049410870391486126,0.0,0.002383113935542442,0.022696323195642305,0.07133838383838384,0.004746257758305951,0
0.0,0.0,0.24814814814814815,0.2764786795048143,0.0,0.26137841352405716,0.07146666666666668,0.1809180918091809,0.0,0.0,0.11592550361079437,0.0,0.0010549251021334544,0.005901044030867,0.005808080808080807,0.3559693318729464,1
0.16000000000000003,0.0,0.0,0.0,0.0,0.0,0.06506666666666668,0.0,0.0,0.0,0.07525655644241734,0.0,0.003648660916931457,0.007716749886518385,0.016414141414141412,0.2183278568820738,1
0.188,0.0,0.0,0.0,0.185546875,0.0,0.17813333333333334,0.1719171917191719,0.0,0.0,0.2037248194602813,0.15014720314033367,0.0033163867453472533,0.03495233772128915,0.015214646464646464,0.4790069368382622,1
0.0,0.0,0.0,0.0,0.0,0.0,0.17120000000000002,0.25652565256525656,0.0315031503150315,0.0,0.13568985176738882,0.0,0.0008815251929187472,0.01044030866999546,0.012878787878787878,0.1303395399780942,1
0.0,0.0,0.0,0.0,0.0,0.0,0.0,0.0,0.0,0.0,0.0,0.0,0.005143894689060373,0.006354970494779846,0.0011994949494949494,0.0,0
0.0,0.0,0.0,0.02338376891334251,0.0,0.0,0.0,0.0,0.030603060306030605,0.032319391634980994,0.0,0.0,0.000507489786654562,0.0040853381752156154,0.00909090909090909,0.0,1
0.0,0.0,0.0,0.0,0.0,0.0,0.1168,0.0,0.0,0.0,0.0,0.0,0.0012791647753064,0.004539264639128461,0.0032828282828282827,0.0,0
0.0,0.0,0.0,0.0,0.0,0.0,0.13653333333333334,0.0765076507650765,0.0765076507650765,0.0,0.0,0.0,0.00030231502496595546,0.0022696323195642307,0.0017045454545454547,0.0,1
0.0,0.0,0.0,0.0,0.0,0.02600780234070221,0.010666666666666668,0.0,0.018001800180018002,0.0,0.0,0.0,0.0006073536087153882,0.006354970494779846,0.011742424242424242,0.0,0
0.0,0.0,0.0,0.0,0.0,0.0,0.16640000000000002,0.0621062106210621,0.0,0.0,0.0,0.0,0.0004775306400363141,0.004539264639128461,0.005429292929292929,0.0,0
0.0,0.07346938775510203,0.0,0.0,0.072265625,0.0,0.13013333333333335,0.08370837083708371,0.016201620162016202,0.07034220532319392,0.10186240973014064,0.052502453385672235,0.0015415342714480253,0.01861098502042669,0.015782828282828284,0.2026286966046002,1
0.0,0.0,0.0,0.0,0.0,0.0,0.0,0.0,0.0,0.0,0.0,0.0,0.0,0.0,0.0,0.0,0
0.0,0.0,0.0,0.0,0.0,0.0,0.0176,0.0,0.0,0.0,0.0,0.0,0.0013790285973672265,0.020426690876078075,0.008207070707070706,0.0,0
0.0,0.0,0.0,0.0,0.12109375,0.0,0.0,0.0558055805580558,0.0,0.0,0.12656784492588372,0.0,0.002955061280072628,0.014979573309123922,0.012563131313131312,0.12157721796276015,0
0.0,0.0,0.0,0.0,0.0,0.0,0.0,0.0,0.0,0.0,0.4367160775370582,0.0,0.0004539264639128461,0.0009078529278256922,0.0006944444444444445,0.4194961664841183,0
0.0,0.0,0.0,0.0,0.0,0.28218465539661897,0.4634666666666667,0.5868586858685868,0.0,0.0,0.0,0.0,0.00030231502496595546,0.0009078529278256922,0.00044191919191919195,0.0,0
0.0,0.0,0.0,0.0,0.16796875,0.0,0.1376,0.0,0.0774077407740774,0.0,0.053591790193842644,0.0,0.0004857013163867453,0.003177485247389923,0.0026515151515151517,0.05147864184008762,0
0.0,0.0,0.0,0.0,0.0,0.0,0.0,0.0,0.0,0.0,0.0,0.0,0.0009078529278256923,0.002723558783477077,0.002967171717171717,0.0,0
0.0,0.0,0.0,0.0,0.0,0.0,0.0,0.0,0.0,0.0,0.0,0.0,0.001634135270086246,0.004993191103041307,0.0017045454545454547,0.0,0
0.0,0.0,0.0,0.0,0.0,0.0,0.0,0.0,0.0,0.0,0.014063093880653743,0.0,0.001241034952337721,0.004993191103041307,0.012941919191919192,0.013508579773640015,0
0.036,0.0,0.0,0.0,0.0,0.0,0.0656,0.008100810081008101,0.0,0.0,0.0,0.0,0.000486609169314571,0.02088061733999092,0.012058080808080808,0.03285870755750274,0
0.0,0.0,0.0,0.0,0.0,0.0,0.1776,0.0747074707470747,0.0,0.0,0.0,0.0,0.0019400817067635042,0.02088061733999092,0.005681818181818181,0.0,0
0.0,0.0,0.0,0.0,0.0,0.010403120936280883,0.018666666666666668,0.023402340234023402,0.0,0.15019011406844107,0.0,0.011776251226692838,0.001724920562868815,0.017703132092601,0.04242424242424243,0.008762322015334063,0
0.0,0.0,0.0,0.0,0.0,0.0,0.0,0.0,0.0,0.0,0.0,0.0,0.0012945982750794372,0.03404448479346346,0.012499999999999999,0.0,0
0.0,0.0,0.0,0.0,0.0,0.061118335500650184,0.050666666666666665,0.0855085508550855,0.0,0.0,0.0,0.0,0.00021606899682251465,0.0022696323195642307,0.00486111111111111,0.0,1
0.0,0.0,0.0,0.0,0.0,0.0,0.2618666666666667,0.0,0.0,0.0,0.0,0.0,0.0006981389014979572,0.0018157058556513845,0.002840909090909091,0.0,0
0.128,0.13061224489795917,0.0,0.04401650618982119,0.0625,0.0,0.12106666666666667,0.29162916291629165,0.0576057605760576,0.0,0.0,0.08243375858684987,0.00044847934634589207,0.0040853381752156154,0.008712121212121211,0.2949981745162468,1
0.21200000000000002,0.06938775510204082,0.0,0.011004126547455298,0.015625,0.0,0.19093333333333334,0.08010801080108011,0.0,0.06653992395437262,0.1402508551881414,0.0534838076545633,0.003536995006808897,0.053563322741715845,0.08061868686868688,0.43008397225264694,1
0.0,0.024489795918367342,0.08888888888888888,0.0,0.142578125,0.0,0.2346666666666667,0.09900990099009901,0.0054005400540054005,0.011406844106463879,0.0038008361839604716,0.0829244357212954,0.0006790739900136177,0.004993191103041307,0.027967171717171717,0.17488134355604235,1
0.0,0.0,0.0,0.0,0.0,0.0,0.046400000000000004,0.0,0.0,0.0,0.0,0.0,0.0025882886972310483,0.022696323195642305,0.006502525252525252,0.0,1
0.0,0.0,0.0,0.0,0.0,0.0,0.3898666666666667,0.0,0.0,0.0,0.14937286202964653,0.0,0.0006808896958692693,0.002723558783477077,0.0017045454545454547,0.1434830230010953,0
0.0,0.0,0.0,0.0,0.0,0.0,0.0,0.0,0.0,0.0,0.10528316229570507,0.0,0.001997276441216523,0.005447117566954153,0.002967171717171717,0.10113179992698067,1
0.0,0.0,0.0,0.0,0.0,0.0,0.1792,0.0,0.0,0.0,0.22310908399847967,0.0,0.005447117566954154,0.01543349977303677,0.01717171717171717,0.21431179262504563,1
0.0,0.0,0.0,0.0,0.0,0.0,0.0,0.0,0.0,0.0,0.0,0.0,0.0019754879709487066,0.006354970494779846,0.003345959595959596,0.0,0
0.0,0.0,0.0,0.0,0.0,0.0,0.0,0.0,0.0,0.0,0.0,0.0,0.00070812528370404,0.002723558783477077,0.004545454545454545,0.0,0
0.0,0.0,0.0,0.0,0.0,0.0,0.23146666666666668,0.0,0.0,0.0,0.0,0.0,0.0020517476168860644,0.01861098502042669,0.0046717171717171714,0.0,0
0.004,0.0,0.0037037037037037034,0.0,0.001953125,0.0013003901170351103,0.0037333333333333337,0.004500450045004501,0.0009000900090009,0.030418250950570346,0.0,0.0024533856722276748,0.0021461643213799364,0.029505220154335,0.21041666666666667,0.009127418765972983,0
0.0,0.0,0.0,0.0,0.048828125,0.0,0.0,0.0,0.010801080108010801,0.047528517110266164,0.0,0.008341511285574093,0.0013109396277802996,0.01044030866999546,0.026325757575757575,0.006206644760861629,0
0.0,0.0,0.0,0.0,0.0,0.0,0.0,0.0,0.0,0.0,0.0,0.0,0.001958238765320018,0.004539264639128461,0.003724747474747475,0.0,0
0.1,0.03265306122448979,0.06296296296296297,0.034387895460797804,0.015625,0.12093628088426527,0.08586666666666667,0.037803780378037805,0.015301530153015303,0.11216730038022814,0.15507411630558723,0.05789990186457312,0.005946436677258284,0.3032228778937812,0.08907828282828284,0.37458926615553123,1
0.0,0.0,0.0,0.0,0.0,0.0,0.15200000000000002,0.0,0.0,0.0,0.16571645762067655,0.0,0.0018801634135270089,0.005447117566954153,0.0026515151515151517,0.15918218327856884,0
0.0,0.0,0.0,0.0,0.0,0.0,0.0,0.0,0.0,0.0,0.06461421512732803,0.1673209028459274,0.00255015887426237,0.01044030866999546,0.0049873737373737365,0.18656443957648777,1
0.0,0.0,0.0,0.0,0.130859375,0.0,0.16266666666666665,0.1827182718271827,0.0,0.0,0.0,0.0,0.0006191556967771221,0.009078529278256923,0.004292929292929293,0.0,1
0.044000000000000004,0.0,0.0,0.0,0.0,0.0,0.024,0.019801980198019802,0.0,0.19391634980988595,0.0,0.014229636898920513,0.0029922832501134817,0.03631411711302769,0.04116161616161616,0.050748448338809794,0
0.1,0.03265306122448979,0.06296296296296297,0.034387895460797804,0.015625,0.12093628088426527,0.08586666666666667,0.037803780378037805,0.015301530153015303,0.11216730038022814,0.15317369821360702,0.057409224730127585,0.005886518384021789,0.3032228778937812,0.08876262626262627,0.3723986856516977,1
0.516,0.0,0.0,0.0,0.0,0.0,0.2074666666666667,0.3501350135013501,0.0,0.0,0.08969973394146712,0.0,0.005611438946890604,0.018157058556513846,0.004924242424242424,0.5571376414749909,1
0.0,0.0,0.0,0.0,0.0,0.0,0.017066666666666667,0.0,0.0,0.0,0.0,0.0,0.0006146164321379938,0.0040853381752156154,0.009785353535353534,0.0,0
0.0,0.0,0.0,0.0,0.0,0.0,0.04426666666666667,0.22502250225022502,0.0,0.15779467680608367,0.0,0.0,0.00043123014071720395,0.004539264639128461,0.0036616161616161618,0.0,0
0.0,0.0,0.0,0.0,0.0,0.0,0.21439999999999998,0.30153015301530156,0.0,0.0,0.04256936526035728,0.0,0.0013472537448933272,0.006354970494779846,0.005113636363636364,0.04089083607155897,0
0.0,0.0,0.0,0.0,0.0,0.0,0.20213333333333336,0.04860486048604861,0.0,0.0,0.0,0.03827281648675172,0.0007798456650022697,0.007716749886518385,0.006628787878787878,0.028477546549835708,0
0.0,0.0,0.0,0.0,0.0,0.0,0.09920000000000001,0.0,0.0,0.0,0.0,0.0,0.0008170676350431229,0.0018157058556513845,0.0023358585858585857,0.0,0
0.0,0.0,0.0,0.1444291609353508,0.0,0.0,0.0,0.0,0.0,0.0,0.0,0.0,0.003177485247389923,0.014979573309123922,0.006755050505050504,0.0,1
0.0,0.0,0.0,0.0,0.0,0.0,0.0,0.0,0.0,0.0,0.0,0.0,0.0009078529278256923,0.0018157058556513845,0.0008207070707070708,0.0,0
0.15600000000000003,0.15918367346938775,0.0,0.053645116918844576,0.0,0.0,0.18773333333333334,0.1764176417641764,0.0351035103510351,0.0,0.04713036868110985,0.0,0.0008533817521561507,0.004993191103041307,0.006060606060606061,0.3300474625775831,1
0.244,0.0,0.0,0.0,0.0,0.03901170351105331,0.1648,0.05490549054905491,0.0,0.0,0.17027746104142913,0.0,0.0038828869723104855,0.031320926009986386,0.01792929292929293,0.38627236217597666,0
0.0,0.0,0.0,0.0,0.0,0.0,0.10186666666666667,0.037803780378037805,0.0,0.0,0.0,0.0,0.0009078529278256923,0.0009078529278256922,0.0008207070707070708,0.0,0
0.084,0.23673469387755097,0.0,0.0,0.083984375,0.003901170351105331,0.1594666666666667,0.12151215121512152,0.016201620162016202,0.10266159695817492,0.18167996959331054,0.24975466143277728,0.00500953245574217,0.27689514298683615,0.14766414141414141,0.6487769258853596,1
0.0,0.0,0.0,0.0,0.0,0.0,0.0,0.0,0.0,0.0,0.08095781071835804,0.0,0.00030231502496595546,0.0009078529278256922,0.0022095959595959595,0.07776560788608981,0
0.596,0.0,0.0,0.4099037138927098,0.58203125,0.0,0.0,0.2682268226822682,0.0,0.0,0.0,0.08390578999018647,0.010894235133908307,0.06309577848388562,0.009785353535353534,0.606425702811245,1
0.0,0.0,0.0,0.0,0.0,0.0,0.09706666666666668,0.054005400540054004,0.0,0.0,0.0,0.0,0.0008778937812074446,0.005447117566954153,0.003787878787878788,0.0,0
0.144,0.4448979591836735,0.0,0.14993122420907845,0.357421875,0.09492847854356305,0.13653333333333334,0.09810981098109811,0.0,0.0,0.16229570505511212,0.02993130520117763,0.003104857013163867,0.08669995460735361,0.01919191919191919,0.7075575027382257,1
0.268,0.2040816326530612,0.0,0.0,0.130859375,0.010403120936280883,0.13440000000000002,0.08280828082808281,0.0072007200720072,0.030418250950570346,0.19878373242113268,0.1854759568204122,0.002388561053109396,0.029959146618247844,0.05656565656565656,0.756115370573202,1
0.132,0.3428571428571428,0.0,0.0,0.0,0.020806241872561766,0.3077333333333333,0.12151215121512152,0.0,0.0,0.0467502850627138,0.13640824337585872,0.00251838402178847,0.020426690876078075,0.016856060606060607,0.5735669952537422,1
0.0,0.0,0.0,0.0,0.00390625,0.014304291287386214,0.0010666666666666667,0.0,0.0,0.009505703422053233,0.04789053591790194,0.0,0.00239400817067635,0.021788470267816613,0.12714646464646465,0.04600219058050384,0
0.10800000000000001,0.0,0.5037037037037038,0.0,0.0,0.0,0.05813333333333334,0.024302430243024305,0.0,0.0,0.05397187381223869,0.02306182531894014,0.0012283250113481617,0.005447117566954153,0.01717171717171717,0.6641109894121943,1
0.0,0.0,0.08518518518518518,0.0,0.029296875,0.0,0.012266666666666669,0.0,0.006300630063006301,0.0,0.0,0.021589793915603533,0.0013091239219246483,0.011348161597821153,0.037247474747474744,0.1000365096750639,0
0.0,0.0,0.0,0.0,0.0,0.0,0.1312,0.1107110711071107,0.0,0.0,0.0,0.0,0.00015070358601906484,0.0009078529278256922,0.0008207070707070708,0.0,0
0.0,0.0,0.0,0.0,0.0,0.0,0.06666666666666667,0.024302430243024305,0.0,0.0,0.19536297985556825,0.0,0.00037131184748070815,0.007262823422605538,0.010795454545454546,0.18765972982840454,0
0.0,0.0,0.0,0.0,0.0,0.0,0.11840000000000002,0.0,0.0,0.0,0.0,0.0,0.0006981389014979572,0.003177485247389923,0.001388888888888889,0.0,0
0.1,0.03265306122448979,0.06296296296296297,0.034387895460797804,0.015625,0.12223667100130037,0.0864,0.037803780378037805,0.015301530153015303,0.11216730038022814,0.16533637400228052,0.05789990186457312,0.005898320472083523,0.3032228778937812,0.0884469696969697,0.384446878422782,1
0.10400000000000001,0.13877551020408163,0.0,0.006877579092159561,0.0859375,0.0,0.17333333333333334,0.135013501350135,0.023402340234023402,0.08365019011406845,0.12238692512352718,0.3748773307163887,0.004630049931911031,0.08715388107126645,0.19172979797979797,0.6155531215772181,1
0.0,0.0,0.0,0.0,0.0,0.0,0.0,0.0,0.0,0.0,0.0,0.0,0.0005919201089423512,0.0036314117113027695,0.007133838383838384,0.0,0
0.0,0.0,0.0,0.0,0.0,0.0,0.0432,0.0,0.0,0.0,0.0,0.0,8.170676350431237e-05,0.00045392646391284613,0.0006944444444444445,0.0,0
0.0,0.0,0.0,0.0,0.0,0.0,0.0,0.0,0.0,0.0,0.0,0.0,0.00263640490240581,0.012256014525646846,0.01029040404040404,0.0,0
0.22799999999999998,0.0,0.0,0.0,0.0,0.0,0.0,0.1557155715571557,0.0,0.0,0.0,0.0,0.0008170676350431229,0.004993191103041307,0.004734848484848484,0.208105147864184,0
0.0,0.0,0.0,0.0,0.09765625,0.0,0.0064,0.0,0.045004500450045004,0.0,0.0,0.021099116781158,0.0010422151611438947,0.009986382206082615,0.039267676767676764,0.01569916027747353,0
0.124,0.2530612244897959,0.11481481481481481,0.0,0.0,0.04031209362808842,0.20053333333333334,0.0558055805580558,0.0,0.0,0.020904599011782595,0.054465161923454374,0.00123286427598729,0.01407172038129823,0.007828282828282828,0.5133260313983206,1
0.1,0.03265306122448979,0.06296296296296297,0.034387895460797804,0.015625,0.12093628088426527,0.08586666666666667,0.037803780378037805,0.015301530153015303,0.11216730038022814,0.15317369821360702,0.057409224730127585,0.005886518384021789,0.3032228778937812,0.08876262626262627,0.3723986856516977,1
0.0,0.0,0.0,0.0,0.0,0.0,0.0,0.0,0.0,0.0,0.0,0.0,0.0012864275987290058,0.014525646845211076,0.010164141414141414,0.0,1
0.0,0.0,0.0,0.0,0.0,0.0,0.04266666666666667,0.0,0.0,0.0,0.0,0.0,0.00038856105310939627,0.0018157058556513845,0.0030934343434343434,0.0,0
0.0,0.0,0.0,0.0,0.0,0.0,0.06346666666666667,0.0,0.0,0.0,0.0,0.0,0.001123921924648207,0.005447117566954153,0.008838383838383838,0.0,0
0.0,0.0,0.0,0.0,0.0,0.0,0.28053333333333336,0.0,0.0,0.0,0.0,0.0,0.0002269632319564231,0.00045392646391284613,0.0002525252525252525,0.0,0
0.0,0.0,0.0,0.0,0.0,0.0,0.0,0.0,0.0,0.0,0.15051311288483468,0.0,0.0013917385383567862,0.0040853381752156154,0.0023358585858585857,0.14457831325301207,0
0.0,0.0,0.0,0.0,0.0,0.0,0.0,0.0,0.0,0.0,0.0,0.0,0.0013617793917385383,0.004539264639128461,0.002462121212121212,0.0,0
0.0,0.0,0.0,0.0,0.027343750000000003,0.0,0.0,0.012601260126012603,0.0,0.026615969581749055,0.0,0.0,0.0005138447571493419,0.005447117566954153,0.029103535353535354,0.0,0
0.09200000000000001,0.09387755102040815,0.0,0.0,0.0,0.0,0.15306666666666668,0.1719171917191719,0.0423042304230423,0.04372623574144487,0.14063093880653743,0.10058881256133465,0.001162959600544712,0.01044030866999546,0.009154040404040404,0.37787513691128155,0
0.0,0.0,0.0,0.0,0.0,0.0,0.21333333333333335,0.0,0.0,0.0,0.27708095781071834,0.0,0.0007943713118474808,0.0013617793917385383,0.0008838383838383839,0.2661555312157722,0
0.17600000000000002,0.17959183673469387,0.0,0.060522696011004136,0.0,0.057217165149544856,0.17706666666666668,0.2988298829882988,0.039603960396039604,0.041825095057034224,0.2234891676168757,0.07654563297350345,0.07780299591466183,0.47072174307762144,0.10940656565656566,0.592917123037605,1
0.0,0.0,0.0,0.0,0.0,0.0,0.4848,0.0,0.0,0.0,0.0,0.0,0.001270994098955969,0.005901044030867,0.001452020202020202,0.0,1
0.0,0.0,0.0,0.0,0.0,0.0,0.06613333333333334,0.0,0.0,0.0,0.0,0.0,0.00037131184748070815,0.004993191103041307,0.003851010101010101,0.0,0
0.0,0.0,0.0,0.0,0.13671875,0.0,0.0752,0.1269126912691269,0.0,0.0,0.0,0.0,0.015303676804357694,0.08987743985474353,0.02361111111111111,0.0,0
0.0,0.0,0.0,0.0,0.0,0.0,0.10026666666666667,0.25472547254725475,0.0,0.0,0.16837704294944889,0.0,0.003315478892419428,0.013617793917385384,0.006691919191919192,0.16173786053304126,1
0.0,0.0,0.0,0.0,0.0,0.0,0.037866666666666667,0.09630963096309632,0.0,0.0,0.0927404028886355,0.0,0.0008842487517022243,0.009532455742169769,0.009532828282828282,0.08908360715589632,0
0.0,0.0,0.0,0.0,0.0,0.0,0.057600000000000005,0.0387038703870387,0.0,0.0,0.0,0.0,0.0021534271448025418,0.033590558329550615,0.021654040404040405,0.0,0
0.0,0.0,0.0,0.0,0.0,0.0,0.0,0.0,0.0,0.0,0.0,0.0,0.0009895596913300046,0.002723558783477077,0.001388888888888889,0.0,0
0.0,0.0,0.0,0.0,0.0,0.0,0.0,0.0,0.0,0.0,0.0,0.0,0.0006654561960962325,0.0036314117113027695,0.0015782828282828283,0.0,0
0.0,0.0,0.0,0.0,0.0,0.0,0.0,0.0,0.0,0.0,0.006081337894336755,0.0,0.021221062187925556,0.06082614616432138,0.20921717171717172,0.005841548010222709,1
0.0,0.0,0.0,0.0,0.052734375,0.0,0.0,0.0,0.04950495049504951,0.0,0.0,0.026005888125613347,0.0015088515660463004,0.009532455742169769,0.026325757575757575,0.019350127783862723,0
0.096,0.2571428571428571,0.0,0.004126547455295736,0.087890625,0.0,0.16960000000000003,0.1323132313231323,0.009000900090009001,0.10646387832699622,0.1717977955150133,0.25907752698724246,0.004677258284157967,0.11756695415342715,0.13781565656565656,0.6754289886820007,1
0.0,0.03673469387755102,0.0,0.0,0.0,0.0,0.10666666666666667,0.29432943294329433,0.016201620162016202,0.017110266159695818,0.09578107183580388,0.015210991167811582,0.002556513844757149,0.03086699954607354,0.0341540404040404,0.1361810879883169,1
0.0,0.0,0.0,0.0,0.0,0.0,0.0656,0.1107110711071107,0.0,0.0,0.0,0.0,0.0,0.0,0.0008207070707070708,0.0,0
0.664,0.0,0.0,0.0,0.0,0.0,0.1776,0.1494149414941494,0.0,0.0,0.3747624477385025,0.0,0.006354970494779846,0.016795279164775308,0.0049873737373737365,0.9660460021905806,1
0.0,0.0,0.0,0.0,0.0,0.15474642392717813,0.12693333333333334,0.1071107110711071,0.0,0.0,0.0,0.09666339548577038,0.00038856105310939627,0.0013617793917385383,0.0018308080808080809,0.07192405987586711,0
0.0,0.0,0.0,0.0,0.0,0.0,0.15093333333333334,0.25472547254725475,0.0,0.0,0.0,0.0,0.008654561960962323,0.029051293690422152,0.009911616161616161,0.0,1
0.0,0.0,0.0,0.0,0.0,0.0,0.04586666666666667,0.0,0.0,0.0,0.02774610414291144,0.0,0.004315932818883341,0.019064911484339538,0.020643939393939395,0.026652062796641108,0
0.0,0.0,0.0,0.0,0.0,0.0,0.027200000000000002,0.09180918091809182,0.0,0.0,0.030406689471683773,0.0,0.0008034498411257377,0.004993191103041307,0.004103535353535353,0.029207740051113547,0
0.0,0.3551020408163265,0.0,0.0,0.0,0.0,0.18666666666666668,0.0783078307830783,0.0,0.0,0.0,0.06771344455348383,0.0010313209260099866,0.009078529278256923,0.002904040404040404,0.3680175246440307,0
0.0,0.28571428571428564,0.0,0.0,0.13671875,0.04551365409622886,0.1408,0.1827182718271827,0.046804680468046804,0.11596958174904944,0.21132649182820223,0.03385672227674191,0.016553790285973674,0.5306400363141172,0.1966540404040404,0.4837531945965681,1
0.0,0.0,0.0,0.0,0.0,0.16775032509752924,0.10293333333333334,0.08640864086408641,0.0,0.0,0.2957050551121247,0.0,0.0025020426690876077,0.02723558783477077,0.017487373737373735,0.28404527199707924,1
0.052000000000000005,0.11020408163265305,0.04814814814814815,0.0,0.025390625,0.035110533159947985,0.22986666666666666,0.18721872187218722,0.0747074707470747,0.0779467680608365,0.14405169137210186,0.024533856722276745,0.0012065365410803453,0.006354970494779846,0.013762626262626263,0.35012778386272364,1
0.0,0.0,0.0,0.0,0.099609375,0.06631989596879063,0.13813333333333333,0.4662466246624662,0.0,0.0,0.14177118966172558,0.0731108930323847,0.0056586472991375395,0.03177485247389923,0.013636363636363636,0.1905805038335159,1
0.7240000000000001,0.0,0.0,0.06189821182943605,0.0,0.058517555266579965,0.07253333333333334,0.12241224122412242,0.0,0.1711026615969582,0.24325351577347018,0.07850834151128559,0.0023667725828415797,0.03177485247389923,0.011553030303030303,0.9529025191675794,1
0.652,0.0,0.0,0.0,0.0,0.0,0.1744,0.29432943294329433,0.0,0.30988593155893535,0.30482706195362985,0.13101079489695783,0.0009078529278256923,0.006808896958692692,0.0022095959595959595,0.9853961299744433,1
0.784,0.0,0.0,0.0,0.0,0.0,0.0,0.0,0.0,0.0,0.0,0.0,0.0005873808443032229,0.0013617793917385383,0.0017045454545454547,0.7155896312522819,0
0.0,0.0,0.0,0.0,0.0,0.0,0.0,0.0,0.0,0.0,0.0,0.0,0.0003631411711302769,0.0013617793917385383,0.0008207070707070708,0.0,0
0.020000000000000004,0.09387755102040815,0.12962962962962962,0.0,0.0,0.06892067620286085,0.06346666666666667,0.04770477047704771,0.004500450045004501,0.020912547528517112,0.01216267578867351,0.06869479882237489,0.000330458465728552,0.005901044030867,0.019065656565656564,0.2928075940124133,1
0.0,0.0,0.0,0.0,0.0,0.0,0.34026666666666666,0.0,0.0,0.0,0.0,0.0,0.0015360871538810713,0.009078529278256923,0.0021464646464646464,0.0,0
0.0,0.0,0.0,0.0,0.0,0.0,0.0,0.0,0.09720972097209722,0.0,0.072595971113645,0.18792934249263987,0.0026781661370857924,0.009986382206082615,0.004924242424242424,0.20956553486673973,1
0.0,0.0,0.0,0.0,0.0,0.0,0.018666666666666668,0.12871287128712872,0.0,0.0,0.02128468263017864,0.0,0.0017875624148887877,0.006808896958692692,0.012121212121212121,0.020445418035779483,0
0.0,0.0,0.0,0.0,0.0,0.0,0.0,0.0,0.0,0.0,0.0,0.0,0.00277984566500227,0.012256014525646846,0.012247474747474747,0.0,0
0.0,0.0,0.0,0.0,0.0,0.0,0.0,0.0,0.0,0.0,0.0,0.0,0.0006554698138901497,0.002723558783477077,0.001893939393939394,0.0,0
0.0,0.0,0.0,0.0,0.0,0.0,0.0,0.0,0.0,0.0,0.0,0.0,0.0007262823422605537,0.0013617793917385383,0.0022095959595959595,0.0,0
0.0,0.0,0.0,0.0,0.0,0.0,0.0,0.0,0.0,0.0,0.0668947168377043,0.0,0.0006881525192918748,0.002723558783477077,0.0031565656565656565,0.0642570281124498,0
0.0,0.0,0.0,0.10453920220082533,0.048828125,0.23276983094928477,0.0816,0.16111611161116113,0.04590459045904591,0.0,0.1740782972253896,0.24484789008832192,0.001320926009986382,0.008170676350431231,0.015593434343434343,0.34939759036144585,1
0.0,0.12653061224489795,0.0,0.04264099037138928,0.0,0.08062418725617684,0.049600000000000005,0.0558055805580558,0.0558055805580558,0.0,0.23185100722158875,0.0,0.007460735360871539,0.022696323195642305,0.03194444444444444,0.33588901058780574,1
0.0,0.0,0.0,0.0,0.0,0.0,0.020800000000000003,0.0,0.0,0.0,0.10300266058532878,0.0,0.004256922378574671,0.013163867453472538,0.02077020202020202,0.09894121942314714,0
0.0,0.3551020408163265,0.0,0.0,0.0,0.0,0.3274666666666667,0.0387038703870387,0.0,0.0817490494296578,0.0,0.07409224730127577,0.003709487063095779,0.014525646845211076,0.007323232323232323,0.3727637824023366,1
0.0,0.0,0.0,0.0,0.0,0.0,0.04053333333333334,0.0,0.0,0.0,0.048270619536297986,0.0,0.0006854289605083976,0.004539264639128461,0.004924242424242424,0.04636728733114276,0
0.27599999999999997,0.0,0.0,0.0,0.0,0.0,0.14880000000000002,0.0621062106210621,0.0,0.0,0.0,0.0,0.0010748978665456196,0.004993191103041307,0.005176767676767676,0.25191675794085433,0
0.31600000000000006,0.0,0.0,0.0,0.30859375,0.0,0.2112,0.1422142214221422,0.0,0.0,0.10186240973014064,0.0,0.0016477530640036315,0.011348161597821153,0.006691919191919192,0.38627236217597666,1
0.0,0.0,0.0,0.0,0.0,0.0,0.0,0.0,0.0,0.0,0.0,0.0,0.0031629596005447115,0.014525646845211076,0.00928030303030303,0.0,0
0.196,0.19999999999999998,0.2740740740740741,0.0674002751031637,0.193359375,0.09622886866059817,0.1056,0.0891089108910891,0.0891089108910891,0.0,0.3219308247814519,0.037782139352306184,0.0020145256468452107,0.051293690422151615,0.03143939393939394,0.9653158086893028,1
0.11599999999999999,0.0,0.0,0.0,0.0,0.037711313394018196,0.09546666666666667,0.0531053105310531,0.0,0.0,0.0,0.024043179587831212,0.0013345438039037679,0.013163867453472538,0.010542929292929293,0.12376779846659364,1
0.0,0.0,0.0,0.0,0.0,0.0,0.1776,0.0,0.0,0.0,0.0,0.0,0.00012891511575124817,0.0009078529278256922,0.000946969696969697,0.0,0
0.12,0.0,0.0,0.0,0.0,0.03901170351105331,0.0,0.027002700270027002,0.0,0.0,0.0676548840744964,0.0,0.0034108034498411253,0.031320926009986386,0.01976010101010101,0.17451624680540342,0
0.10800000000000001,0.22448979591836735,0.0,0.0,0.0,0.25227568270481143,0.13333333333333333,0.19981998199819984,0.024302430243024305,0.36882129277566544,0.10376282782212087,0.1786064769381747,0.00512119836586473,0.021334543803903767,0.02215909090909091,0.5319459656809056,1
0.0,0.0,0.0,0.0,0.0703125,0.046814044213263975,0.1632,0.08100810081008102,0.0,0.0,0.1581147852527556,0.0,0.00033862914207898325,0.0022696323195642307,0.005744949494949495,0.15188024826579044,1
0.0,0.0,0.0,0.0,0.0,0.0,0.23146666666666668,0.0774077407740774,0.0,0.0,0.0,0.06084396467124633,0.0008842487517022243,0.007716749886518385,0.004797979797979798,0.045271997079225995,0
0.0,0.0,0.0,0.0,0.0,0.0,0.0,0.0,0.0,0.0,0.0,0.0,0.003098502042669088,0.012256014525646846,0.08825757575757577,0.0,0
0.484,0.0,0.0,0.16643741403026135,0.0,0.0,0.25973333333333337,0.0,0.0,0.0,0.0,0.0,0.0006137085792101679,0.006354970494779846,0.0035353535353535356,0.44176706827309237,1
0.17200000000000001,0.0,0.0,0.0,0.169921875,0.0,0.13973333333333335,0.11791179117911792,0.0,0.0,0.21930824781451919,0.10598626104023554,0.004788016341352701,0.040399455288243305,0.020138888888888887,0.4465133260313983,1
0.0,0.0,0.0,0.0,0.0,0.049414824447334194,0.18560000000000001,0.10441044104410441,0.0,0.0,0.0,0.0,0.00020426690876078075,0.0018157058556513845,0.0030303030303030303,0.0,0
0.0,0.0,0.0,0.0,0.0,0.0,0.0,0.0,0.0,0.0,0.0,0.0,0.0034498411257376303,0.008170676350431231,0.001452020202020202,0.0,0
0.0,0.0,0.0,0.0,0.0,0.0,0.0,0.0,0.0,0.0,0.0,0.0,0.0004947798456650022,0.0009078529278256922,0.00101010101010101,0.0,0
0.0,0.0,0.0,0.0,0.0,0.0,0.0,0.0,0.0,0.0,0.0,0.0,0.0004030866999546074,0.0018157058556513845,0.006502525252525252,0.0,0
0.34,0.0,0.0,0.0,0.0,0.11053315994798438,0.2506666666666667,0.0765076507650765,0.0,0.0,0.0,0.04023552502453386,0.005601452564684521,0.01861098502042669,0.01849747474747475,0.3402701715954728,1
0.5519999999999999,0.0,0.0,0.0,0.0,0.0,0.0736,0.1242124212421242,0.0,0.0,0.0,0.0,0.001210167952791648,0.004539264639128461,0.0025883838383838386,0.5038335158817087,0
0.0,0.0,0.0,0.2145804676753783,0.0,0.0,0.08320000000000001,0.0,0.0,0.0,0.2915241353097682,0.1251226692836114,0.006430322287789379,0.03631411711302769,0.006060606060606061,0.37312887915297555,1
0.036,0.07346938775510203,0.06666666666666667,0.10041265474552959,0.0,0.15604681404421325,0.0736,0.0576057605760576,0.008100810081008101,0.15779467680608367,0.16343595591030027,0.06575073601570168,0.006758965047662279,0.31547889241942806,0.0932449494949495,0.37020810514786423,1
0.0,0.0,0.0,0.0,0.0,0.035110533159947985,0.057600000000000005,0.07290729072907291,0.0,0.05133079847908746,0.0,0.0,0.0036050839763958242,0.03404448479346346,0.03257575757575758,0.0,0
0.0,0.0,0.0,0.0,0.0,0.0,0.042133333333333335,0.0711071107110711,0.0,0.0,0.0,0.0,0.0007262823422605537,0.003177485247389923,0.002777777777777778,0.0,0
0.0,0.0,0.0,0.0,0.0,0.0,0.0,0.0,0.0,0.0,0.18434055492208287,0.0,0.0022187925556059916,0.006354970494779846,0.001893939393939394,0.17707192405987587,0
0.256,0.0,0.0,0.08803301237964238,0.125,0.0,0.06826666666666667,0.28802880288028804,0.0,0.0,0.209426073736222,0.22522080471050052,0.001210167952791648,0.009532455742169769,0.007449494949494949,0.6024096385542169,1
0.0,0.0,0.0,0.01237964236588721,0.037109375,0.0,0.04106666666666667,0.06030603060306031,0.0,0.07224334600760457,0.21246674268339039,0.02306182531894014,0.0006300499319110304,0.009986382206082615,0.027209595959595958,0.22124863088718516,1
0.0,0.0,0.0,0.0,0.0,0.0871261378413524,0.03573333333333334,0.0,0.0,0.0,0.30482706195362985,0.05593719332679098,0.0013862914207898322,0.008624602814344077,0.008712121212121211,0.3344286235852501,1
0.0,0.024489795918367342,0.08888888888888888,0.0,0.140625,0.007802340702210662,0.24213333333333334,0.09810981098109811,0.0054005400540054005,0.011406844106463879,0.0038008361839604716,0.08194308145240434,0.0006654561960962325,0.004993191103041307,0.02784090909090909,0.1741511500547645,1
0.188,0.0,0.0,0.0,0.0,0.0,0.0,0.0,0.0,0.0,0.0,0.0,0.0002115297321833863,0.0013617793917385383,0.0022727272727272726,0.17159547280029208,0
0.0,0.0,0.537037037037037,0.19944979367262725,0.283203125,0.0,0.11626666666666668,0.459045904590459,0.0,0.0,0.039908779931584946,0.0,0.0015333635950975943,0.010894235133908307,0.00486111111111111,0.5677254472435196,1
0.12,0.12244897959183672,0.05555555555555555,0.0,0.0,0.19765929778933677,0.11413333333333335,0.21962196219621963,0.0,0.2889733840304183,0.3994678829342455,0.11040235525024536,0.005162051747616887,0.09804811620517477,0.056502525252525256,0.7396860167944505,1
0.0,0.0,0.0,0.0,0.0,0.0,0.1792,0.0,0.0,0.0,0.22310908399847967,0.0,0.005447117566954154,0.01543349977303677,0.01717171717171717,0.21431179262504563,1
0.8320000000000001,0.0,0.0,0.14305364511691887,0.0,0.0,0.11093333333333334,0.09360936093609361,0.09360936093609361,0.0,0.0,0.0,0.00879891057648661,0.029051293690422152,0.008712121212121211,0.7594012413289523,1
0.0,0.15918367346938775,0.2185185185185185,0.02613480055020633,0.037109375,0.024707412223667097,0.031466666666666664,0.0351035103510351,0.0,0.036121673003802285,0.0661345496009122,0.26889106967615317,0.0035996368588288694,0.04357694053563323,0.06262626262626263,0.6213946695874407,1
0.0,0.0,0.0,0.0,0.0,0.0,0.0,0.0,0.0,0.0,0.0,0.0,0.00030231502496595546,0.00045392646391284613,0.0001893939393939394,0.0,0
0.0,0.0,0.0,0.0,0.0,0.0,0.088,0.04950495049504951,0.0,0.0,0.0,0.0,0.0007625964593735815,0.0018157058556513845,0.002840909090909091,0.0,0
0.0,0.0,0.0,0.0,0.615234375,0.0,0.0,0.0,0.0,0.0,0.0467502850627138,0.0,0.0009650476622787111,0.014979573309123922,0.008143939393939394,0.044906900328587074,0
0.0,0.0,0.0,0.0,0.0,0.0,0.0,0.0,0.0,0.0,0.0,0.0,0.0009078529278256923,0.0009078529278256922,0.00044191919191919195,0.0,0
0.0,0.0,0.0,0.0,0.0,0.0,0.0,0.9639963996399641,0.0,0.0,0.0,0.0,0.0,0.0,0.00037878787878787884,0.0,0
0.0,0.0,0.0,0.0,0.0,0.0,0.0,0.0,0.0,0.0,0.0,0.0,0.0008842487517022243,0.006808896958692692,0.004797979797979798,0.0,0
0.296,0.0,0.0,0.203576341127923,0.14453125,0.0,0.11840000000000002,0.33303330333033304,0.0,0.0,0.04104903078677309,0.0,0.0012219700408533816,0.004993191103041307,0.003787878787878788,0.30960204454180357,1
0.0,0.0,0.0,0.0,0.0,0.0,0.0,0.0,0.0,0.0,0.0,0.0,0.0,0.0,0.0005681818181818182,0.0,0
0.0,0.0,0.0,0.0,0.0,0.0,0.0,0.0,0.0,0.0,0.0,0.0,0.0038129822968679078,0.007262823422605538,0.0015782828282828283,0.0,0
0.44400000000000006,0.0,0.0,0.18294360385144434,0.0,0.14434330299089726,0.1418666666666667,0.15931593159315932,0.0,0.0,0.02546560243253516,0.03287536800785084,0.0008588288697231049,0.009532455742169769,0.01148989898989899,0.45418035779481564,1
0.0,0.0,0.0,0.0,0.0,0.0,0.0,0.0,0.0,0.0,0.0,0.0,0.0030576486609169315,0.02315024965955515,0.005176767676767676,0.0,0
0.0,0.0,0.0,0.0,0.0,0.028608582574772428,0.0,0.0,0.0,0.0,0.0,0.0,0.0006618247843849298,0.006354970494779846,0.008017676767676767,0.0,0
0.0,0.0,0.0,0.0,0.0,0.0,0.0,0.0,0.0,0.0,0.0,0.0,0.0001906491148433953,0.0013617793917385383,0.002840909090909091,0.0,0
0.296,0.0,0.0,0.203576341127923,0.14453125,0.0,0.11840000000000002,0.33303330333033304,0.0,0.0,0.04104903078677309,0.0,0.0012219700408533816,0.004993191103041307,0.003787878787878788,0.30960204454180357,1
0.1,0.0,0.0,0.0,0.0,0.0,0.10719999999999999,0.15841584158415842,0.022502250225022502,0.0,0.011782592170277462,0.0,0.0040853381752156154,0.051293690422151615,0.038825757575757576,0.10259218692953634,1
0.9279999999999999,0.0,0.0,0.0,0.0,0.0,0.12373333333333333,0.0,0.0,0.0,0.14253135689851767,0.0,0.0004030866999546074,0.0018157058556513845,0.0007575757575757576,0.9839357429718876,0
0.0,0.0,0.0,0.0,0.130859375,0.0,0.16266666666666665,0.1827182718271827,0.0,0.0,0.0,0.0,0.0006191556967771221,0.009078529278256923,0.004292929292929293,0.0,1
0.0,0.0,0.0,0.0,0.0,0.0,0.0608,0.0,0.0,0.0,0.0,0.0,0.0004947798456650022,0.0013617793917385383,0.00101010101010101,0.0,1
0.36000000000000004,0.0,0.0,0.0,0.0,0.23537061118335498,0.1936,0.24482448244824484,0.0,0.0,0.06461421512732803,0.08341511285574094,0.004780753517930096,0.018157058556513846,0.005871212121212121,0.45271997079225995,1
0.0,0.0,0.0,0.0,0.0,0.0,0.0,0.0,0.06030603060306031,0.0,0.0,0.0,0.0016704493871992736,0.01044030866999546,0.008901515151515152,0.0,0
0.0,0.0,0.0,0.0,0.0,0.0,0.0,0.0,0.0,0.0,0.0,0.0,0.0028397639582387656,0.012256014525646846,0.0101010101010101,0.0,0
0.0,0.0,0.0,0.0,0.0,0.4525357607282184,0.0,0.10441044104410441,0.0,0.0,0.05283162295705056,0.0,0.0004675442578302315,0.0040853381752156154,0.0030934343434343434,0.050748448338809794,0
0.0,0.0,0.0,0.0,0.0,0.26527958387516254,0.0,0.0,0.0,0.0,0.0,0.0,0.0006182478438492965,0.0040853381752156154,0.0022727272727272726,0.0,0
0.0,0.0,0.0,0.05777166437414031,0.0,0.16644993498049412,0.1594666666666667,0.1917191719171917,0.0,0.0,0.0,0.17124631992149167,0.005447117566954154,0.047208352246935995,0.027777777777777776,0.12741876597298285,1
0.0,0.0,0.0,0.0,0.0,0.0,0.0,0.0,0.0,0.0,0.0,0.0,0.0,0.0,0.0007575757575757576,0.0,0
0.0,0.0,0.0,0.0,0.0,0.0,0.4442666666666667,0.0,0.0,0.0,0.0,0.0,0.0001942805265546982,0.0013617793917385383,0.00101010101010101,0.0,0
0.08800000000000001,0.0,0.0,0.030261348005502068,0.0,0.0,0.10826666666666666,0.019801980198019802,0.0,0.0,0.24591410110224252,0.0,0.0007889241942805265,0.009078529278256923,0.01351010101010101,0.31653888280394304,1
0.128,0.3428571428571428,0.1074074074074074,0.0,0.10546875,0.028608582574772428,0.18506666666666668,0.11881188118811882,0.0036003600360036,0.055133079847908745,0.24287343215507415,0.08096172718351326,0.002448479346345892,0.05265546981389015,0.220770202020202,0.8229280759401242,1
0.0,0.0,0.0,0.22420907840440166,0.0,0.0,0.08693333333333333,0.29432943294329433,0.0,0.0,0.0,0.0,0.0001815705855651384,0.00045392646391284613,0.0006944444444444445,0.0,1
0.0,0.0,0.0,0.0,0.0,0.0,0.24213333333333334,0.0,0.0,0.0,0.2599771949828963,0.0,0.0,0.0,0.0,0.24972617743702083,0
0.04000000000000001,0.12244897959183672,0.18518518518518517,0.05502063273727649,0.0,0.14434330299089726,0.11893333333333334,0.1827182718271827,0.009000900090009001,0.2699619771863118,0.38388445458000764,0.19479882237487736,0.001996368588288697,0.02496595551520654,0.06578282828282829,0.842278203723987,1
0.0,0.0,0.0,0.0,0.0,0.0,0.06026666666666666,0.0,0.0,0.0,0.0,0.10353287536800786,0.00031502496595551524,0.0013617793917385383,0.001893939393939394,0.07703541438481197,0
0.0,0.0,0.0,0.0,0.0,0.0,0.0,0.0,0.0,0.0,0.0,0.0,0.0013917385383567862,0.009078529278256923,0.004734848484848484,0.0,0
0.0,0.0,0.0,0.0,0.025390625,0.0,0.05653333333333334,0.05940594059405941,0.0,0.024714828897338406,0.0,0.0,0.004178847026781661,0.025419881979119385,0.07316919191919193,0.0,0
0.21200000000000002,0.0857142857142857,0.0,0.0,0.0,0.0,0.09066666666666667,0.09540954095409541,0.0,0.07984790874524715,0.13606993538578488,0.09224730127576056,0.0016768043576940537,0.033590558329550615,0.028156565656565657,0.4695144213216503,1
0.0,0.0,0.0,0.0,0.0,0.06631989596879063,0.13653333333333334,0.2304230423042304,0.04590459045904591,0.0,0.035727860129228434,0.232090284592738,0.0036659101225601453,0.026781661370857923,0.008207070707070706,0.20700985761226723,1
0.0,0.0,0.0,0.0,0.0,0.15994798439531857,0.0656,0.1107110711071107,0.0,0.0,0.0,0.0,0.0010367680435769406,0.0040853381752156154,0.0046717171717171714,0.0,0
0.0,0.0,0.0,0.0,0.75,0.0,0.1024,0.17281728172817282,0.0,0.0,0.507791714177119,0.0,0.0001906491148433953,0.0009078529278256922,0.001388888888888889,0.48776925885359623,1
0.0,0.0,0.0,0.0,0.0,0.0,0.0,0.0,0.0,0.0,0.0,0.0,0.0015733091239219245,0.002723558783477077,0.0025252525252525255,0.0,0
0.0,0.0,0.0,0.0,0.0,0.0,0.07306666666666668,0.1854185418541854,0.0,0.0,0.0,0.0,0.0001134816159782116,0.00045392646391284613,0.0010732323232323232,0.0,0
0.0,0.0,0.0,0.0,0.0,0.0,0.0,0.0,0.0,0.0,0.0,0.0,0.0022696323195642307,0.012256014525646846,0.0025883838383838386,0.0,1
0.124,0.12653061224489795,0.0,0.04264099037138928,0.060546875,0.0,0.136,0.2871287128712871,0.0279027902790279,0.0,0.0,0.07998037291462219,0.0004675442578302315,0.0040853381752156154,0.009027777777777777,0.2858707557502739,1
0.2,0.0,0.0,0.034387895460797804,0.1953125,0.03250975292587776,0.21493333333333337,0.1809180918091809,0.045004500450045004,0.0,0.14253135689851767,0.016683022571148187,0.0029051293690422154,0.026781661370857923,0.01452020202020202,0.3318729463307777,1
0.008,0.0,0.0,0.0,0.0,0.0013003901170351103,0.002666666666666667,0.0036003600360036,0.0,0.026615969581749055,0.0,0.0019627085377821396,0.0014798002723558782,0.016795279164775308,0.194760101010101,0.008762322015334063,0
0.0,0.0,0.0,0.0,0.0,0.0,0.19733333333333336,0.0,0.0,0.0,0.0,0.0,0.011044938719927372,0.012256014525646846,0.004924242424242424,0.0,1
0.248,0.03265306122448979,0.06296296296296297,0.060522696011004136,0.015625,0.17295188556566968,0.1418666666666667,0.1035103510351035,0.015301530153015303,0.15019011406844107,0.08551881413911061,0.10353287536800786,0.005197458011802088,0.26418520199727646,0.08484848484848485,0.47681635633442865,1
0.0,0.0,0.0,0.0,0.0,0.0,0.0,0.0,0.0,0.155893536121673,0.014063093880653743,0.0,0.001512482977757603,0.014525646845211076,0.013068181818181817,0.013508579773640015,1
0.0,0.2571428571428571,0.0,0.0,0.060546875,0.4135240572171651,0.11840000000000002,0.1719171917191719,0.0,0.05893536121673004,0.020904599011782595,0.24337585868498532,0.0022778029959146617,0.04085338175215615,0.011679292929292928,0.4311792625045637,1
0.0,0.0,0.0,0.022008253094910595,0.03125,0.0,0.0,0.0144014401440144,0.0,0.030418250950570346,0.007601672367920943,0.0,0.0014561960962324104,0.012256014525646846,0.04779040404040404,0.007301935012778387,0
0.0,0.0,0.0,0.188445667125172,0.0,0.044213263979193757,0.018133333333333335,0.0,0.06120612061206121,0.0,0.07829722538958571,0.1516192345436703,0.0027498865183840215,0.03086699954607354,0.01698232323232323,0.18802482657904346,1
0.0,0.0,0.0,0.0,0.0,0.06501950585175552,0.10666666666666667,0.045004500450045004,0.0,0.0,0.10300266058532878,0.0,5.174761688606436e-05,0.00045392646391284613,0.0022727272727272726,0.09894121942314714,0
0.0,0.0,0.0,0.0,0.060546875,0.0,0.14880000000000002,0.13951395139513953,0.0,0.0,0.021664766248574687,0.0,0.0017902859736722652,0.007716749886518385,0.0068813131313131305,0.0208105147864184,1
0.0,0.0,0.05555555555555555,0.0,0.0,0.0,0.008,0.0,0.0,0.028517110266159697,0.039908779931584946,0.038763493621197256,0.000873354516568316,0.005447117566954153,0.009722222222222222,0.12194231471339904,0
0.0,0.0,0.0,0.0,0.0,0.0507152145643693,0.16960000000000003,0.0,0.0,0.0,0.0,0.0,0.001370857921016795,0.004993191103041307,0.007702020202020201,0.0,0
0.0,0.0,0.0,0.0,0.0,0.0,0.11573333333333334,0.0,0.0,0.0,0.0,0.0,0.00187562414888788,0.0040853381752156154,0.002840909090909091,0.0,0
0.0,0.0,0.0,0.0,0.0,0.0,0.0,0.0,0.0,0.0,0.0,0.0,0.0007562414888788016,0.0018157058556513845,0.0006313131313131314,0.0,0
0.0,0.0,0.0,0.0,0.0,0.0,0.0,0.0,0.0,0.0,0.0,0.0,0.0030258738084430327,0.008624602814344077,0.0015782828282828283,0.0,0
0.296,0.0,0.0,0.0,0.0,0.0,0.07946666666666667,0.1341134113411341,0.0,0.0,0.0,0.0,0.0008769859282796187,0.006354970494779846,0.0036616161616161618,0.2701715954728003,0
0.0,0.0,0.0,0.0,0.0,0.0,0.0,0.0,0.0,0.0,0.0,0.0,0.0006935996368588288,0.0022696323195642307,0.0018308080808080809,0.0,0
0.0,0.0,0.0,0.0,0.0,0.03250975292587776,0.027200000000000002,0.022502250225022502,0.0,0.0,0.0,0.0,0.00026055379028597366,0.0013617793917385383,0.0053030303030303025,0.0,0
0.0,0.0,0.0,0.42228335625859703,0.0,0.0,0.16373333333333334,0.0,0.0,0.0,0.09540098821740783,0.0,0.0020099863822060824,0.004993191103041307,0.002777777777777778,0.09163928441036875,0
0.0,0.0,0.0,0.0,0.0,0.0,0.0,0.0,0.0,0.0,0.0,0.0,0.002633681343622333,0.014525646845211076,0.02506313131313131,0.0,0
0.0,0.4653061224489795,0.0,0.0,0.0,0.04161248374512353,0.1264,0.1107110711071107,0.0144014401440144,0.0,0.2797415431394907,0.12561334641805694,0.002835224693599637,0.03767589650476623,0.04419191919191919,0.778386272362176,1
0.0,0.0,0.0,0.0,0.0,0.0,0.05173333333333333,0.0288028802880288,0.0,0.06083650190114069,0.0,0.0,0.0008833408987743986,0.007262823422605538,0.00928030303030303,0.0,0
0.244,0.12244897959183672,0.16666666666666666,0.020632737276478682,0.119140625,0.0,0.0976,0.24752475247524752,0.0,0.11596958174904944,0.2652983656404409,0.03287536800785084,0.0037231048570131636,0.02814344076259646,0.050505050505050504,0.7758305951077036,1
0.34400000000000003,0.0,0.0,0.11829436038514445,0.0,0.2249674902470741,0.18506666666666668,0.1557155715571557,0.0,0.0,0.17369821360699356,0.0,0.0015887426236949613,0.0040853381752156154,0.003409090909090909,0.48083242059145676,1
0.0,0.0,0.0,0.0,0.068359375,0.0,0.0,0.0,0.0,0.0,0.0,0.0,0.001005901044030867,0.01044030866999546,0.013383838383838383,0.0,0
0.0,0.0,0.0,0.0,0.0,0.0,0.0,0.0,0.0,0.0,0.0,0.0,0.000483885610531094,0.0018157058556513845,0.001388888888888889,0.0,0
0.0,0.0,0.0,0.013755158184319122,0.01953125,0.0,0.0,0.0,0.046804680468046804,0.019011406844106467,0.006081337894336755,0.031403336604514234,0.0008306854289605086,0.012709940989559692,0.021338383838383837,0.029207740051113547,1
0.0,0.0,0.0,0.0,0.0,0.0,0.0,0.0,0.0,0.0,0.19004180919802358,0.0,0.0004884248751702225,0.003177485247389923,0.0011994949494949494,0.18254837531945967,0
0.0,0.0,0.0,0.0,0.0,0.0,0.0,0.0,0.0,0.0,0.0,0.4229636898920511,0.006808896958692692,0.007262823422605538,0.0020833333333333333,0.31471339905074847,1
0.0,0.0,0.0,0.0,0.0,0.0,0.13173333333333334,0.0891089108910891,0.0,0.0,0.03534777651083239,0.0,0.0002496595551520652,0.0013617793917385383,0.0031565656565656565,0.033953997809419496,0
0.0,0.0,0.0,0.0,0.0,0.0,0.0,0.0,0.0,0.0,0.46902318510072216,0.0,0.0018157058556513843,0.0018157058556513845,0.0008838383838383839,0.4505293902884264,0
0.0,0.0,0.0,0.0,0.05468750000000001,0.0,0.014933333333333335,0.025202520252025205,0.0,0.0,0.0,0.0,0.024039037675896505,0.34997730367680435,0.08320707070707072,0.0,1
0.0,0.0,0.28148148148148144,0.0,0.0,0.0,0.02026666666666667,0.0,0.0,0.07224334600760457,0.3831242873432155,0.02894995093228656,0.5338175215615071,0.5338175215615071,0.07430555555555556,0.6670317634173056,1
0.0,0.0,0.0,0.06327372764786797,0.0,0.0,0.024533333333333338,0.0,0.0,0.0,0.06195362979855569,0.0,0.0012192464820699046,0.005447117566954153,0.009406565656565656,0.05951077035414385,0
0.0,0.0,0.0,0.0,0.0,0.0,0.15306666666666668,0.1548154815481548,0.0,0.0,0.0,0.0,0.0008624602814344076,0.006354970494779846,0.009785353535353534,0.0,0
0.0,0.0,0.0,0.0,0.0703125,0.046814044213263975,0.1632,0.08100810081008102,0.0,0.0,0.1581147852527556,0.0,0.00033862914207898325,0.0022696323195642307,0.005744949494949495,0.15188024826579044,1
0.0,0.0,0.0,0.0,0.0,0.0,0.0,0.0,0.0,0.0,0.6666666666666667,0.0,0.0,0.0,0.00037878787878787884,0.6403797006206645,1
0.0,0.0,0.0,0.0,0.0,0.0,0.1024,0.34563456345634563,0.0,0.0,0.0,0.0,0.0015887426236949613,0.004993191103041307,0.00202020202020202,0.0,1
0.084,0.2204081632653061,0.0,0.0,0.083984375,0.003901170351105331,0.1616,0.12151215121512152,0.016201620162016202,0.10266159695817492,0.16837704294944889,0.2502453385672228,0.00507489786654562,0.33499773036768044,0.14722222222222223,0.6217597663380796,1
0.0,0.0,0.0,0.0,0.0,0.0,0.0,0.0,0.0,0.0,0.0,0.0,0.0016550158874262368,0.016795279164775308,0.015088383838383838,0.0,1
0.0,0.0,0.0,0.0,0.0,0.031209362808842647,0.0048000000000000004,0.0036003600360036,0.008100810081008101,0.0,0.0,0.0,0.0015024965955515203,0.08352246935996369,0.11275252525252526,0.0,0
0.6440000000000001,0.0,0.0,0.22145804676753789,0.0,0.0,0.0,0.0,0.0,0.0,0.3055872291904219,0.0,0.0013309123921924648,0.007262823422605538,0.0022727272727272726,0.8813435560423514,1
0.0,0.0,0.0,0.125171939477304,0.0,0.0,0.34240000000000004,0.0,0.0,0.0,0.0,0.0,0.0008542896050839766,0.004993191103041307,0.00202020202020202,0.0,1
0.0,0.0,0.0,0.04264099037138928,0.0,0.0,0.16960000000000003,0.0279027902790279,0.05670567056705671,0.05893536121673004,0.05131128848346637,0.0,0.0023032228778937813,0.017703132092601,0.011994949494949494,0.049288061336254116,1
0.0,0.0,0.0,0.0,0.0,0.0,0.0624,0.1053105310531053,0.0,0.0,0.0,0.0,0.000581025873808443,0.0018157058556513845,0.009154040404040404,0.0,0
0.0,0.0,0.0,0.0,0.052734375,0.0,0.0432,0.04860486048604861,0.0,0.05133079847908746,0.0,0.0,0.0013808443032228778,0.013617793917385384,0.03257575757575758,0.0,0
0.0,0.0,0.0,0.0,0.0,0.0,0.0,0.0,0.0,0.0,0.0,0.0,0.0009768497503404448,0.0018157058556513845,0.0016414141414141414,0.0,0
0.0,0.07755102040816325,0.0,0.02613480055020633,0.0,0.024707412223667097,0.12586666666666665,0.1062106210621062,0.0,0.0,0.05777270999619916,0.0,0.00032410349523377213,0.008170676350431231,0.00928030303030303,0.1248630887185104,1
0.0,0.0,0.0,0.0,0.0,0.0,0.2282666666666667,0.0,0.0,0.0,0.0,0.0,0.0023195642305946437,0.009078529278256923,0.005997474747474747,0.0,0
0.0,0.0,0.0,0.0,0.0,0.0,0.0,0.0,0.0,0.0,0.0,0.0,0.00027871084884248745,0.0018157058556513845,0.00101010101010101,0.0,0
0.124,0.0,0.0,0.0,0.12109375,0.0,0.14880000000000002,0.0558055805580558,0.0,0.0,0.0,0.0,0.0009895596913300046,0.009532455742169769,0.0071969696969696965,0.11317999269806499,1
0.0,0.0,0.0,0.0,0.0,0.0,0.0,0.0,0.0,0.0,0.031166856708475868,0.0,0.002292328642759873,0.008624602814344077,0.013068181818181817,0.029937933552391386,0
0.0,0.0,0.0,0.0,0.0,0.0,0.23146666666666668,0.0,0.0,0.0,0.21208665906499433,0.0,0.0009078529278256923,0.002723558783477077,0.0017045454545454547,0.20372398685651702,0
0.0,0.1877551020408163,0.0,0.0,0.08984375,0.0,0.18613333333333335,0.1152115211521152,0.009900990099009901,0.17680608365019013,0.08741923223109085,0.06575073601570168,0.002978665456196096,0.064911484339537,0.04128787878787879,0.30083972252646957,1
0.0,0.0,0.0,0.0,0.0,0.0,0.10880000000000001,0.0,0.0,0.0,0.14177118966172558,0.0,0.0006482069904675442,0.0013617793917385383,0.0006944444444444445,0.1361810879883169,0
0.0,0.0,0.0,0.0,0.0,0.0,0.03946666666666667,0.0,0.0,0.0,0.0,0.0,0.0014870630957784835,0.004539264639128461,0.0059343434343434335,0.0,0
0.0,0.7999999999999999,0.0,0.2696011004126548,0.0,0.0,0.10453333333333334,0.1764176417641764,0.0,0.0,0.12694792854427975,0.0,0.0020099863822060824,0.009532455742169769,0.002777777777777778,0.8375319459656809,1
0.0,0.0,0.037037037037037035,0.020632737276478682,0.00390625,0.016905071521456434,0.11146666666666667,0.1413141314131413,0.0018001800180018,0.10456273764258557,0.09502090459901179,0.022571148184494606,0.001420789832047208,0.029505220154335,0.14248737373737372,0.14457831325301207,1
0.264,0.13469387755102039,0.0,0.0,0.12890625,0.0,0.12426666666666668,0.029702970297029705,0.0,0.0,0.04561003420752566,0.2654563297350344,0.004019972764412166,0.009078529278256923,0.019128787878787877,0.6027747353048559,1
0.0,0.0,0.0,0.0,0.0,0.0,0.4848,0.0,0.0,0.0,0.0,0.0,0.0,0.0,6.313131313131313e-05,0.0,0
0.0,0.0,0.0,0.0,0.0,0.0,0.0,0.0,0.0,0.0,0.0,0.0,0.00020154334997730375,0.0009078529278256922,0.0006313131313131314,0.0,0
0.0,0.0,0.0,0.0,0.0,0.0,0.046400000000000004,0.026102610261026102,0.0,0.0,0.0,1.0,0.011404448479346347,0.15887426236949614,0.027335858585858585,0.7440671778021175,0
0.124,0.0,0.0,0.0,0.0,0.1625487646293888,0.13386666666666666,0.11251125112511251,0.0,0.0,0.29532497149372866,0.0,0.0021697684975034047,0.02723558783477077,0.017487373737373735,0.3968601679445053,1
0.27599999999999997,0.42448979591836733,0.0,0.04676753782668502,0.0,0.08972691807542262,0.25920000000000004,0.1557155715571557,0.0,0.0,0.2424933485366781,0.08537782139352307,0.0010621879255560598,0.003177485247389923,0.005555555555555555,0.9280759401241329,1
0.0,0.0,0.0,0.0,0.0,0.12613784135240572,0.3104,0.08730873087308731,0.0,0.0,0.0,0.0,0.0010776214253290966,0.005901044030867,0.0043560606060606055,0.0,0
0.0,0.0,0.0,0.0,0.0,0.0,0.0,0.0,0.0,0.0,0.0,0.35279685966633956,0.0002269632319564231,0.00045392646391284613,0.0005681818181818182,0.26250456370938297,0
0.128,0.13061224489795917,0.0,0.04401650618982119,0.0625,0.0,0.1216,0.2925292529252925,0.0288028802880288,0.0,0.0,0.0814524043179588,0.00044847934634589207,0.0040853381752156154,0.008712121212121211,0.294267981014969,1
0.0,0.0,0.0,0.0,0.0,0.0,0.0,0.0,0.0,0.0,0.008361839604713038,0.010794896957801767,0.0022532909668633683,0.0018157058556513845,0.3725378787878788,0.01606425702811245,0
0.0,0.42857142857142855,0.0,0.09628610729023385,0.205078125,0.0,0.16853333333333334,0.126012601260126,0.0,0.13307984790874525,0.08741923223109085,0.0,0.0032646391284611898,0.026781661370857923,0.016477272727272726,0.46732384081781675,1
0.0,0.0,0.0,0.0,0.0,0.0,0.0,0.0,0.0144014401440144,0.030418250950570346,0.0,0.0,0.0034235133908306855,0.02814344076259646,0.06710858585858587,0.0,0
0.404,0.0,0.0,0.045392022008253104,0.0,0.21846553966189852,0.12586666666666665,0.3339333933393339,0.0,0.0,0.02280501710376283,0.029440628066732092,0.17476168860644575,0.4593735814798003,0.07323232323232323,0.4125593282219789,1
0.0,0.0,0.0,0.0,0.0,0.0,0.0,0.0,0.0,0.0,0.0,0.0,0.001099409895596913,0.0036314117113027695,0.0071969696969696965,0.0,0
0.0,0.0,0.0,0.0,0.0,0.0,0.03253333333333334,0.0,0.0,0.0,0.037248194602812625,0.0,0.000283250113481616,0.0022696323195642307,0.003914141414141413,0.035779481562614096,0
0.0,0.0,0.0,0.1458046767537827,0.0,0.0,0.11306666666666668,0.0,0.0,0.0,0.0,0.0,0.003548797094870631,0.03495233772128915,0.006755050505050504,0.0,1
0.0,0.0,0.0,0.0,0.0,0.0,0.0,0.0,0.0,0.0,0.0,0.0,0.0004539264639128461,0.0022696323195642307,0.004103535353535353,0.0,0
0.124,0.0,0.0,0.0,0.12109375,0.0,0.1504,0.0558055805580558,0.0,0.0,0.0,0.0,0.0010276895142986835,0.009532455742169769,0.00707070707070707,0.11317999269806499,1
0.20400000000000001,0.0,0.0,0.0,0.0,0.0,0.0816,0.13771377137713772,0.0,0.0,0.20600532117065756,0.0,0.0008824330458465729,0.008170676350431231,0.009154040404040404,0.38408178167214313,1
0.11599999999999999,0.11836734693877549,0.05185185185185186,0.0,0.0,0.21066319895968788,0.12533333333333335,0.21152115211521152,0.0,0.279467680608365,0.38122386925123525,0.10549558390579,0.005085792101679529,0.09804811620517477,0.056628787878787876,0.7075575027382256,1
0.0,0.0,0.0,0.0,0.0,0.0,0.057066666666666675,0.0,0.0,0.0,0.0,0.0,0.001512482977757603,0.005447117566954153,0.006502525252525252,0.0,0
0.0,0.0,0.0,0.0,0.0,0.0,0.0864,0.0,0.0,0.0,0.0,0.0,0.0006981389014979572,0.011802088061734,0.004292929292929293,0.0,0
0.07600000000000001,0.0,0.0,0.0,0.0,0.0,0.13386666666666666,0.10441044104410441,0.0,0.07224334600760457,0.0,0.0,0.0009804811620517475,0.004539264639128461,0.009785353535353534,0.06936838262139468,0
0.0,0.0,0.0,0.0,0.0,0.0,0.010666666666666668,0.018001800180018002,0.0,0.0,0.0,0.0,0.0015460735360871536,0.02224239673172946,0.02178030303030303,0.0,0
0.0,0.0,0.0,0.0,0.05859375,0.0,0.016,0.027002700270027002,0.0,0.0,0.0,0.047595682041216884,0.0020245120290512935,0.03449841125737631,0.013194444444444444,0.035414384811975175,1
0.0,0.0,0.0,0.0,0.0,0.0,0.0,0.0,0.0,0.0,0.660965412390726,0.0,0.0,0.0,0.00031565656565656563,0.6349032493610808,0
0.0,0.0,0.0,0.0,0.0,0.0,0.0,0.0,0.0,0.0,0.0,0.0,0.0004539264639128461,0.0022696323195642307,0.0018308080808080809,0.0,0
0.168,0.1714285714285714,0.0,0.0,0.0,0.10923276983094926,0.20213333333333336,0.11341134113411341,0.0,0.0,0.17939946788293423,0.23159960745829247,0.0018157058556513843,0.008170676350431231,0.006755050505050504,0.651332603139832,1
0.06,0.0,0.05555555555555555,0.020632737276478682,0.0,0.09882964889466839,0.008,0.06840684068406841,0.0,0.0,0.21550741163055873,0.011776251226692838,0.004017249205628688,0.05946436677258284,0.059532828282828285,0.32530120481927716,1
0.0,0.0,0.0,0.0,0.0,0.0,0.02826666666666667,0.0,0.0,0.0,0.0,0.0,0.0014525646845211077,0.007716749886518385,0.011426767676767676,0.0,0
0.0,0.0,0.0,0.0,0.0,0.0,0.10826666666666666,0.0,0.0,0.0,0.035727860129228434,0.0,0.00023604176123467999,0.004993191103041307,0.003914141414141413,0.03431909456005842,0
0.0,0.0,0.0,0.0,0.0,0.0,0.4037333333333334,0.13591359135913592,0.0,0.0,0.0,0.0,0.0016059918293236494,0.006354970494779846,0.0022095959595959595,0.0,1
0.05600000000000001,0.0,0.05185185185185186,0.0,0.0,0.0,0.038933333333333334,0.026102610261026102,0.0,0.0,0.053211706575446605,0.0,0.0008088969586926919,0.01044030866999546,0.03289141414141414,0.15334063526834613,0
0.0,0.0,0.0,0.0,0.0,0.0,0.016,0.0,0.0,0.0,0.0,0.0,0.00038674534725374494,0.0022696323195642307,0.006060606060606061,0.0,0
0.0,0.0,0.0,0.0,0.0,0.0,0.13440000000000002,0.15121512151215122,0.0,0.0,0.0,0.0,0.00027598729005901045,0.0022696323195642307,0.0018308080808080809,0.0,1
0.0,0.0,0.0,0.0,0.0,0.30949284785435627,0.0,0.0,0.0,0.0,0.0,0.0,0.003835678620063549,0.016795279164775308,0.010164141414141414,0.0,1
0.0,0.29387755102040813,0.0,0.09903713892709767,0.0,0.0,0.07733333333333334,0.1305130513051305,0.0,0.0,0.27708095781071834,0.059371933267909724,0.006156150703586019,0.01407172038129823,0.015656565656565657,0.5732018985031033,1
0.0,0.0,0.0,0.0,0.0,0.0,0.03573333333333334,0.0,0.0,0.0,0.0,0.12757605495583907,0.0005374489332728099,0.0018157058556513845,0.0026515151515151517,0.09492515516611903,0
0.27999999999999997,0.0,0.0,0.0,0.0,0.09102730819245772,0.11253333333333333,0.0,0.0,0.0,0.12770809578107184,0.0,0.0017884702678166138,0.03041307308216069,0.006313131313131313,0.37824023366192044,0
0.0,0.0,0.0,0.0,0.0,0.04291287386215865,0.0,0.0,0.0,0.0,0.0,0.0,0.0007898320472083524,0.006354970494779846,0.00726010101010101,0.0,0
0.22000000000000003,0.0,0.0,0.0,0.0,0.0,0.11733333333333335,0.09900990099009901,0.0,0.0,0.2595971113645002,0.0,0.0012147072174307763,0.008170676350431231,0.00909090909090909,0.4501642935377876,1
0.0,0.0,0.0,0.0,0.0,0.24447334200260074,0.10026666666666667,0.1692169216921692,0.0,0.0,0.0,0.0,0.00027871084884248745,0.0009078529278256922,0.00101010101010101,0.0,0
0.0,0.0,0.0,0.0,0.0,0.0,0.1754666666666667,0.0,0.0,0.0,0.0,0.0,0.0,0.0,0.0010732323232323232,0.0,0
0.0,0.0,0.0,0.0,0.1171875,0.0,0.0,0.0,0.0,0.0,0.0,0.0,0.0005510667271901951,0.0013617793917385383,0.002777777777777778,0.0,0
0.0,0.0,0.0,0.0,0.0,0.0,0.1754666666666667,0.0,0.0,0.0,0.0,0.0,0.00010077167498865182,0.00045392646391284613,0.0011994949494949494,0.0,0
0.0,0.0,0.0,0.0,0.0,0.0,0.10666666666666667,0.09000900090009001,0.0,0.0,0.0,0.0,0.00038856105310939627,0.0009078529278256922,0.0011994949494949494,0.0,0
0.0,0.0,0.0,0.0,0.0,0.0,0.12426666666666668,0.16741674167416742,0.0,0.0,0.0,0.0,0.00010621879255560604,0.0009078529278256922,0.0023358585858585857,0.0,0
0.0,0.0,0.0,0.0,0.0,0.0,0.07626666666666666,0.0639063906390639,0.0,0.0,0.0,0.0,0.0018529278256922375,0.011348161597821153,0.004545454545454545,0.0,0
0.0,0.0,0.0,0.0,0.0,0.0,0.0688,0.0,0.0,0.0,0.07221588749524896,0.0,0.0007780299591466183,0.0013617793917385383,0.0015782828282828283,0.06936838262139468,0
0.0,0.0,0.0,0.0,0.0,0.0871261378413524,0.03573333333333334,0.0,0.0,0.0,0.30482706195362985,0.05593719332679098,0.0013862914207898322,0.008624602814344077,0.008712121212121211,0.3344286235852501,1
0.0,0.7673469387755101,0.0,0.0,0.0,0.0,0.10026666666666667,0.0,0.0,0.0,0.0,0.0,0.0030258738084430327,0.005447117566954153,0.00486111111111111,0.6863818912011683,1
0.0,0.0,0.0,0.0,0.0,0.4642392717815344,0.0,0.0,0.0,0.0,0.09083998479665527,0.0,0.0006236949614162507,0.0040853381752156154,0.0016414141414141414,0.08725812340270171,0
0.0,0.0,0.0,0.1348005502063274,0.19140625,0.0,0.13066666666666668,0.1764176417641764,0.0,0.0,0.24515393386545042,0.031403336604514234,0.0023168406718111667,0.010894235133908307,0.008459595959595959,0.2588535962029938,1
0.020000000000000004,0.11836734693877549,0.0,0.015130674002751034,0.021484375,0.037711313394018196,0.2096,0.1845184518451845,0.004500450045004501,0.009505703422053233,0.1870011402508552,0.1658488714425908,0.00456922378574671,0.03903767589650477,0.09210858585858586,0.42716319824753557,1
0.0,0.0,0.0,0.0,0.0,0.0,0.0,0.0,0.0,0.0,0.0,0.0,0.002388561053109396,0.007262823422605538,0.004292929292929293,0.0,0
0.0,0.0,0.0,0.0,0.0,0.0,0.1248,0.029702970297029705,0.0,0.0,0.11478525275560623,0.0,0.0005102133454380392,0.005901044030867,0.0062499999999999995,0.11025921869295363,0
0.0,0.0,0.0,0.0,0.0,0.0,0.0,0.0,0.0,0.0,0.0,0.0,0.0014525646845211077,0.0022696323195642307,0.0007575757575757576,0.0,0
0.0,0.0,0.0,0.0,0.169921875,0.0,0.264,0.2619261926192619,0.10441044104410441,0.0,0.0,0.0,8.62460281434407e-05,0.0013617793917385383,0.002840909090909091,0.0,1
0.0,0.0,0.0,0.0,0.138671875,0.0,0.037866666666666667,0.0,0.0,0.0,0.0,0.0,0.0011248297775760326,0.007262823422605538,0.012941919191919192,0.0,0
0.0,0.0,0.0,0.013755158184319122,0.041015625,0.0,0.0,0.0,0.0,0.019011406844106467,0.012542759407069557,0.05789990186457312,0.0008960508397639584,0.005901044030867,0.019255050505050504,0.055129609346476816,1
0.0,0.0,0.0,0.0,0.041015625,0.0,0.0,0.0,0.0,0.0,0.0,0.0,0.0013227417158420333,0.01997276441216523,0.016224747474747475,0.0,0
0.0,0.0,0.0,0.0,0.0,0.0,0.041600000000000005,0.0,0.0,0.0,0.0,0.0,0.0015560599182932364,0.009532455742169769,0.008333333333333333,0.0,0
0.0,0.0,0.0,0.0,0.1875,0.0,0.0,0.0,0.0,0.0,0.0,0.0,0.0009078529278256923,0.005901044030867,0.011174242424242423,0.0,1
0.0,0.0,0.0,0.10453920220082533,0.0,0.09882964889466839,0.08106666666666668,0.06840684068406841,0.0,0.0,0.0,0.08684985279685967,0.002574670903313663,0.035406264185202,0.013257575757575758,0.06462212486308871,1
0.0,0.0,0.0,0.0,0.0,0.0,0.026133333333333335,0.0,0.0441044104410441,0.0,0.0,0.0,0.0005819337267362687,0.0040853381752156154,0.005429292929292929,0.0,0
0.192,0.09795918367346937,0.0,0.0,0.0,0.0,0.064,0.12961296129612962,0.0,0.045627376425855515,0.013683010262257697,0.09028459273797843,0.0012128915115751245,0.029505220154335,0.016603535353535353,0.34319094560058416,1
0.0,0.0,0.0,0.0,0.0,0.0,0.013866666666666668,0.023402340234023402,0.0,0.0,0.012542759407069557,0.0,0.0036395823876532005,0.024512029051293693,0.03188131313131313,0.012048192771084338,1
0.0,0.0,0.0,0.09491059147180193,0.0,0.0,0.18613333333333335,0.1251125112511251,0.0,0.0,0.07449638920562525,0.0,0.004630049931911031,0.025419881979119385,0.01148989898989899,0.07155896312522819,1
0.0,0.0,0.0,0.0,0.0,0.0,0.19893333333333335,0.252025202520252,0.08370837083708371,0.0,0.13036868110984418,0.08390578999018647,0.00112119836586473,0.006354970494779846,0.0023358585858585857,0.18765972982840454,1
0.0,0.0,0.0,0.05914718019257222,0.0,0.0,0.046400000000000004,0.0,0.0,0.0,0.024705435195743065,0.0,0.00750703586019065,0.03994552882433046,0.030366161616161617,0.023731288791529758,1
0.148,0.3061224489795918,0.25555555555555554,0.0,0.0859375,0.015604681404421323,0.15786666666666668,0.11341134113411341,0.022502250225022502,0.14258555133079848,0.1660965412390726,0.11481844946025517,0.0024285065819337264,0.01997276441216523,0.0672348484848485,0.9058050383351588,1
0.43200000000000005,0.2204081632653061,0.0,0.0,0.0,0.035110533159947985,0.057600000000000005,0.024302430243024305,0.04860486048604861,0.0,0.17141771189661728,0.24337585868498532,0.001755787562414889,0.028597367226509306,0.036426767676767675,0.937203358890106,1
0.0,0.02040816326530612,0.08518518518518518,0.006877579092159561,0.125,0.006501950585175552,0.22453333333333333,0.09990999099909992,0.004500450045004501,0.009505703422053233,0.0038008361839604716,0.08194308145240434,0.0007607807535179302,0.005447117566954153,0.029419191919191918,0.16684921504198616,1
0.08000000000000002,0.0,0.0,0.056396148555708396,0.0,0.3211963589076723,0.10986666666666668,0.0927092709270927,0.018001800180018002,0.0,0.09045990117825922,0.016683022571148187,0.002389468906037222,0.01407172038129823,0.01553030303030303,0.17232566630156992,1
0.168,0.0,0.0,0.0,0.0,0.0,0.11413333333333335,0.1152115211521152,0.0,0.0,0.4245534017483847,0.0,0.00018701770313209263,0.002723558783477077,0.007323232323232323,0.561153705732019,1
0.0,0.0,0.0,0.0,0.0,0.0,0.1024,0.34563456345634563,0.0,0.0,0.0,0.0,0.0015887426236949613,0.004993191103041307,0.00202020202020202,0.0,1
0.0,0.0,0.0,0.0,0.0,0.0,0.0,0.0,0.0,0.0,0.0,0.0,0.0013617793917385383,0.004539264639128461,0.0030934343434343434,0.0,0
0.0,0.0,0.0,0.0,0.05859375,0.0,0.032,0.0819081908190819,0.0,0.057034220532319393,0.0,0.0,0.000917839310031775,0.012256014525646846,0.022537878787878787,0.0,0
0.0,0.0,0.0,0.0,0.0,0.0,0.0,0.0,0.0,0.0,0.0,0.0,0.0013617793917385383,0.0013617793917385383,0.0005681818181818182,0.0,0
0.0,0.0,0.0,0.15680880330123798,0.0,0.0,0.12213333333333334,0.20612061206120613,0.0,0.0,0.0,0.0,0.0002060826146164323,0.0022696323195642307,0.0016414141414141414,0.0,1
0.0,0.0,0.1074074074074074,0.0,0.0,0.11443433029908971,0.09386666666666667,0.23762376237623764,0.026102610261026102,0.6140684410646389,0.04294944887875333,0.13002944062806676,0.0011665910122560146,0.006808896958692692,0.013068181818181817,0.2438846294267981,0
0.0,0.0,0.0,0.0,0.0,0.0,0.0,0.0,0.0,0.0,0.0,0.0,0.0019509759418974127,0.0036314117113027695,0.0826388888888889,0.0,0
0.0,0.0,0.0,0.0,0.0,0.0,0.13493333333333332,0.11341134113411341,0.0,0.0,0.0,0.0,0.003043123014071721,0.02088061733999092,0.004608585858585858,0.0,0
0.336,0.0,0.0,0.11554332874828062,0.0,0.0,0.1792,0.07560756075607561,0.0,0.0,0.1972633979475485,0.0,0.003631411711302769,0.019064911484339538,0.007828282828282828,0.49616648411829134,1
0.132,0.0,0.0,0.0,0.0,0.04291287386215865,0.0176,0.029702970297029705,0.0,0.0,0.0,0.0,0.0009223785746709034,0.008170676350431231,0.007828282828282828,0.12048192771084339,0
0.0,0.0,0.0,0.0,0.0,0.0,0.1776,0.29972997299729975,0.0,0.0,0.0,0.0,0.0,0.0,0.00031565656565656563,0.0,0
0.04000000000000001,0.0,0.0,0.0,0.041015625,0.0,0.0,0.0,0.018901890189018902,0.05893536121673004,0.0,0.02796859666339549,0.0012791647753064,0.009986382206082615,0.03598484848484849,0.05732018985031034,0
0.0,0.0,0.0,0.0,0.0,0.0,0.0,0.0,0.0,0.0,0.0,0.0,0.0011093962778029958,0.009532455742169769,0.0062499999999999995,0.0,1
0.0,0.0,0.0,0.0,0.0,0.0,0.0,0.0,0.09990999099909992,0.0,0.0790573926263778,0.20412168792934252,0.0026781661370857924,0.009986382206082615,0.004924242424242424,0.22782037239868566,1
0.0,0.0,0.0,0.1458046767537827,0.0,0.0,0.11306666666666668,0.0,0.0,0.0,0.0,0.0,0.003548797094870631,0.03495233772128915,0.006755050505050504,0.0,1
0.0,0.0,0.0,0.02338376891334251,0.033203125,0.09102730819245772,0.046400000000000004,0.063006300630063,0.046804680468046804,0.0,0.04446978335233752,0.028459273797841026,0.00228869723104857,0.017249205628688154,0.02638888888888889,0.06389193136181089,1
0.0,0.0,0.0,0.0,0.1015625,0.0,0.0,0.0,0.0,0.0,0.0,0.009813542688910699,0.0011348161597821154,0.01044030866999546,0.04539141414141414,0.007301935012778387,0
0.0,0.0,0.0,0.0,0.0,0.0,0.10346666666666667,0.0,0.0,0.0,0.0999619916381604,0.05152109911678116,0.002195188379482524,0.04947798456650023,0.011805555555555555,0.1343556042351223,1
0.252,0.0,0.0,0.08665749656121047,0.123046875,0.0,0.06773333333333334,0.22862286228622863,0.0,0.0,0.19042189281641964,0.14720314033366047,0.0013236495687698594,0.009532455742169769,0.007386363636363636,0.5224534501642936,1
0.0,0.0,0.0,0.0,0.0,0.0,0.0256,0.0144014401440144,0.0144014401440144,0.030418250950570346,0.0,0.0,0.00312119836586473,0.02224239673172946,0.05877525252525252,0.0,0
0.0,0.0,0.0,0.0,0.0,0.0,0.0,0.0,0.0,0.0,0.058152793614595216,0.0,0.002103495233772129,0.004539264639128461,0.008522727272727272,0.05585980284775466,1
0.0,0.0,0.0,0.0,0.0,0.0,0.13226666666666667,0.1791179117911791,0.0,0.0,0.1353097681489928,0.0,0.008502950522015433,0.028597367226509306,0.019570707070707072,0.12997444322745527,1
0.0,0.0,0.0,0.0,0.0,0.0,0.0,0.5994599459945995,0.0,0.0,0.0,0.0,0.0,0.0,0.0006944444444444445,0.0,0
0.0,0.0,0.0,0.0,0.0,0.0,0.046933333333333334,0.0,0.0,0.0,0.0,0.0,0.0002959600544711758,0.0022696323195642307,0.003787878787878788,0.0,0
0.0,0.0,0.0,0.060522696011004136,0.0,0.0,0.046933333333333334,0.039603960396039604,0.0,0.0,0.07221588749524896,0.0,0.006384929641398094,0.03222877893781208,0.02986111111111111,0.06936838262139468,1
0.068,0.0,0.06296296296296297,0.02338376891334251,0.0,0.1118335500650195,0.018133333333333335,0.04590459045904591,0.0,0.0,0.11972633979475486,0.0,0.004869723104857013,0.06718111665910123,0.05940656565656566,0.23913837166849217,1
0.0,0.0,0.0,0.0,0.0,0.0,0.10453333333333334,0.1764176417641764,0.0,0.0,0.0,0.0,0.0010367680435769406,0.004539264639128461,0.0018308080808080809,0.0,0
0.564,0.0,0.0,0.07702888583218709,0.05468750000000001,0.0,0.10506666666666667,0.10081008100810082,0.0,0.0,0.058152793614595216,0.0,0.007489786654561962,0.17839310031774852,0.03497474747474747,0.5706462212486308,1
0.10800000000000001,0.0,0.0,0.0,0.0,0.07022106631989597,0.0,0.0,0.024302430243024305,0.0,0.0,0.0,0.0013799364502950521,0.024512029051293693,0.011868686868686869,0.09857612267250823,0
0.0,0.0,0.0,0.0,0.0,0.0,0.11733333333333335,0.0657065706570657,0.0,0.0,0.042189281641961236,0.10942100098135428,0.0006899682251475262,0.0022696323195642307,0.005492424242424242,0.12194231471339906,0
0.0,0.0,0.0,0.0,0.0,0.0,0.1008,0.0846084608460846,0.0,0.0,0.0,0.0,0.0011257376305038587,0.005447117566954153,0.007007575757575758,0.0,0
0.0,0.0,0.0,0.0,0.2421875,0.0,0.0,0.0,0.011701170117011701,0.0,0.0,0.0,0.0009659555152065367,0.009986382206082615,0.020265151515151514,0.0,0
0.0,0.0,0.0,0.0,0.130859375,0.0,0.16266666666666665,0.1827182718271827,0.0,0.0,0.0,0.0,0.0006191556967771221,0.009078529278256923,0.004292929292929293,0.0,1
0.0,0.0,0.0,0.0,0.0,0.0,0.02026666666666667,0.0,0.0,0.0,0.0068415051311288486,0.0,0.0063740354062641865,0.029505220154335,0.04703282828282828,0.0065717415115005475,0
0.0,0.0,0.0,0.0,0.0,0.0,0.0,0.0,0.0,0.0,0.0,0.0,0.00041852019972764417,0.0013617793917385383,0.0023358585858585857,0.0,0
0.264,0.0,0.0,0.0,0.064453125,0.0,0.04373333333333333,0.0441044104410441,0.0,0.09315589353612168,0.23413150893196505,0.0,0.004337721289151158,0.05764866091693146,0.0345959595959596,0.46586345381526106,1
0.0,0.5959183673469387,0.0,0.01788170563961486,0.0,0.0,0.2122666666666667,0.04770477047704771,0.0,0.12547528517110268,0.1573546180159635,0.010304219823356234,0.004498411257376306,0.029051293690422152,0.042045454545454546,0.6918583424607521,1
0.0,0.0,0.0,0.0,0.0,0.0,0.04746666666666667,0.0,0.0,0.0,0.0,0.0,0.0011729459827507943,0.004993191103041307,0.005871212121212121,0.0,0
0.32000000000000006,0.0,0.0,0.0,0.0,0.0,0.12853333333333336,0.07200720072007201,0.0,0.0,0.0,0.0,0.0001815705855651384,0.0013617793917385383,0.0018308080808080809,0.29207740051113545,0
0.0,0.0,0.0,0.0,0.0,0.0,0.0,0.0,0.0,0.0,0.0,0.0,0.0007862006354970495,0.0040853381752156154,0.007007575757575758,0.0,0
0.0,0.18367346938775508,0.0,0.0,0.087890625,0.014304291287386214,0.18826666666666667,0.11251125112511251,0.009900990099009901,0.19391634980988595,0.1007221588749525,0.06476938174681061,0.0029187471629596004,0.064911484339537,0.04198232323232323,0.30923694779116473,1
0.0,0.0,0.0,0.0,0.0,0.0,0.018666666666666668,0.09540954095409541,0.0,0.0,0.0,0.0,0.0004593735814798003,0.004993191103041307,0.007449494949494949,0.0,0
0.0,0.0,0.5444444444444444,0.20220082530949107,0.57421875,0.0,0.0,0.2646264626462646,0.1323132313231323,0.279467680608365,0.11174458380843785,0.07212953876349362,0.06400363141171131,0.12709940989559693,0.01799242424242424,0.6976998904709748,1
0.0,0.1877551020408163,0.0,0.0,0.08984375,0.0,0.18613333333333335,0.1152115211521152,0.009900990099009901,0.17680608365019013,0.08741923223109085,0.06575073601570168,0.002978665456196096,0.064911484339537,0.04128787878787879,0.30083972252646957,1
0.0,0.0,0.0,0.0,0.146484375,0.0,0.0,0.0,0.030603060306030605,0.0,0.0,0.026005888125613347,0.0007843849296413982,0.01407172038129823,0.05738636363636364,0.019350127783862723,1
0.0,0.0,0.0,0.0,0.0,0.0,0.09386666666666667,0.0,0.0,0.0,0.0596731280881794,0.0,0.0009078529278256923,0.006354970494779846,0.00523989898989899,0.05732018985031034,0
0.0,0.0,0.0,0.0,0.0,0.044213263979193757,0.256,0.1692169216921692,0.0,0.0,0.024705435195743065,0.0,0.00017158420335905585,0.0018157058556513845,0.004292929292929293,0.023731288791529758,0
0.0,0.0,1.0,0.0,0.0,0.0,0.0,0.0,0.0,0.0,0.0,0.0,0.0003631411711302769,0.0018157058556513845,0.0008207070707070708,0.9857612267250823,0
0.0,0.0,0.0,0.015130674002751034,0.04296875,0.0,0.0,0.0,0.0,0.020912547528517112,0.013302926643861651,0.06084396467124633,0.0008896958692691785,0.005901044030867,0.01919191919191919,0.05805038335158817,1
0.0,0.0,0.0,0.0,0.0,0.0,0.0,0.0,0.09720972097209722,0.0,0.0,0.19087340529931307,0.0023604176123467996,0.006808896958692692,0.004482323232323232,0.14202263599853962,1
0.068,0.02040816326530612,0.018518518518518517,0.0,0.0,0.0,0.05546666666666667,0.08280828082808281,0.0,0.10836501901140684,0.0338274420372482,0.038763493621197256,0.0035624148887880166,0.042669087607807535,0.0826388888888889,0.15991237677984668,1
0.0,0.0,0.0,0.0,0.0,0.0,0.20373333333333335,0.05670567056705671,0.05670567056705671,0.0,0.41657164576206773,0.0534838076545633,0.000831593281888334,0.004993191103041307,0.004292929292929293,0.43994158451989784,1
0.0,0.0,0.0,0.0,0.0,0.11703511053315993,0.048,0.0,0.0,0.0,0.08551881413911061,0.0,0.0007326373127553336,0.0040853381752156154,0.002904040404040404,0.08214676889375686,0
0.0,0.0,0.0,0.0,0.0,0.0,0.05920000000000001,0.0,0.0,0.0,0.0,0.0,0.0004121652292328643,0.002723558783477077,0.002967171717171717,0.0,0
0.44800000000000006,0.0,0.0,0.05089408528198075,0.0,0.023407022106631988,0.16960000000000003,0.08370837083708371,0.05040504050405041,0.0,0.21398707715697451,0.08096172718351326,0.0019119382660009077,0.014979573309123922,0.01837121212121212,0.674698795180723,1
0.0,0.0,0.0,0.0,0.0,0.0,0.024,0.12151215121512152,0.0,0.0,0.0,0.0,0.0011221062187925556,0.004993191103041307,0.0101010101010101,0.0,0
0.0,0.0,0.0,0.0,0.0,0.0,0.046400000000000004,0.0,0.0,0.0,0.0,0.0,0.0010322287789378123,0.02088061733999092,0.006818181818181818,0.0,0
0.43200000000000005,0.2204081632653061,0.0,0.0,0.0,0.035110533159947985,0.057600000000000005,0.024302430243024305,0.04860486048604861,0.0,0.17141771189661728,0.24337585868498532,0.001755787562414889,0.028597367226509306,0.036426767676767675,0.937203358890106,1
0.0,0.0,0.0,0.0,0.0,0.0,0.21760000000000002,0.0,0.0,0.0,0.055872291904218926,0.0,0.00030231502496595546,0.0013617793917385383,0.001452020202020202,0.05366922234392114,0
0.0,0.0,0.0,0.0,0.0,0.2249674902470741,0.18453333333333335,0.1035103510351035,0.0,0.0,0.040668947168377045,0.0,0.0003822060826146164,0.002723558783477077,0.003345959595959596,0.03906535231836437,1
0.020000000000000004,0.11836734693877549,0.0,0.015130674002751034,0.021484375,0.037711313394018196,0.2096,0.1845184518451845,0.004500450045004501,0.009505703422053233,0.1870011402508552,0.1658488714425908,0.00456922378574671,0.03903767589650477,0.09210858585858586,0.42716319824753557,1
0.096,0.2571428571428571,0.0,0.004126547455295736,0.087890625,0.0,0.16960000000000003,0.1323132313231323,0.009000900090009001,0.10646387832699622,0.1717977955150133,0.25907752698724246,0.004677258284157967,0.11756695415342715,0.13781565656565656,0.6754289886820007,1
0.0,0.02040816326530612,0.08518518518518518,0.0,0.13671875,0.0,0.22240000000000001,0.09990999099909992,0.004500450045004501,0.009505703422053233,0.0038008361839604716,0.08096172718351326,0.0007172038129822969,0.004993191103041307,0.028535353535353535,0.16611902154070832,1
0.0,0.0,0.0,0.0,0.0,0.4811443433029909,0.0,0.0,0.0,0.0,0.0,0.0,0.0004230594643667725,0.0022696323195642307,0.0013257575757575758,0.0,0
0.0,0.0,0.0,0.0,0.0,0.0,0.0,0.0,0.0,0.0,0.0,0.0,0.003631411711302769,0.007262823422605538,0.0011994949494949494,0.0,0
0.0,0.0,0.0,0.0,0.0,0.0,0.34933333333333333,0.0,0.0,0.0,0.0,0.0,0.00030231502496595546,0.0013617793917385383,0.0011994949494949494,0.0,0
0.064,0.0,0.0,0.0,0.0,0.0,0.17120000000000002,0.08640864086408641,0.0,0.0,0.030026605853287727,0.0,0.0006309577848388563,0.015887426236949616,0.018244949494949494,0.08725812340270171,0
0.04000000000000001,0.02040816326530612,0.018518518518518517,0.0,0.01953125,0.0,0.0448,0.05670567056705671,0.0,0.0,0.01444317749904979,0.02993130520117763,0.0006391284611892873,0.010894235133908307,0.05921717171717172,0.10916392844103688,0
0.0,0.0,0.0,0.0,0.0,0.0,0.0,0.0,0.0,0.0,0.0,0.05495583905789991,0.0010785292782569227,0.008170676350431231,0.014583333333333334,0.04089083607155897,0
0.020000000000000004,0.0,0.01111111111111111,0.0,0.04296875,0.0013003901170351103,0.008,0.029702970297029705,0.0072007200720072,0.0,0.0007601672367920944,0.0034347399411187446,0.0010240581025873809,0.015887426236949616,0.2188131313131313,0.032493610806863825,0
0.27599999999999997,0.06938775510204082,0.06296296296296297,0.05914718019257222,0.015625,0.19115734720416122,0.12960000000000002,0.09360936093609361,0.023402340234023402,0.1311787072243346,0.09730140630938808,0.11874386653581945,0.0046681797548797106,0.26418520199727646,0.08446969696969697,0.5578678349762688,1
0.43200000000000005,0.0,0.0,0.0,0.0,0.0,0.057600000000000005,0.19531953195319532,0.0,0.0,0.5617635879893577,0.0,0.0009078529278256923,0.013163867453472538,0.006628787878787878,0.9339174881343556,1
0.23199999999999998,0.47346938775510194,0.0,0.0797799174690509,0.11328124999999999,0.07542262678803639,0.030933333333333334,0.1566156615661566,0.052205220522052204,0.0,0.09083998479665527,0.11727183513248284,0.0021225601452564686,0.05537902859736723,0.013005050505050504,0.8097845929171229,1
0.1,0.0,0.0,0.034387895460797804,0.0,0.0,0.08266666666666668,0.04590459045904591,0.0,0.14638783269961977,0.06119346256176359,0.07899901864573113,0.0078374943259192,0.04947798456650023,0.036426767676767675,0.2088353413654619,1
0.0,0.0,0.0,0.02338376891334251,0.033203125,0.09102730819245772,0.046933333333333334,0.063006300630063,0.046804680468046804,0.0,0.03230710756366401,0.02796859666339549,0.0023277349069450747,0.017249205628688154,0.026262626262626262,0.05184373859072655,1
0.664,0.0,0.0,0.0,0.0,0.0,0.1776,0.1494149414941494,0.0,0.0,0.3747624477385025,0.0,0.006354970494779846,0.016795279164775308,0.0049873737373737365,0.9660460021905806,1
0.0,0.0,0.0,0.0,0.0,0.0,0.19733333333333336,0.0,0.0,0.0,0.0,0.0,0.011044938719927372,0.012256014525646846,0.004924242424242424,0.0,1
0.0,0.0,0.0,0.0,0.09765625,0.13133940182054615,0.10826666666666666,0.27362736273627364,0.0,0.0,0.020904599011782595,0.0,0.002973218338629142,0.01997276441216523,0.015593434343434343,0.020080321285140562,0
0.0,0.0,0.0,0.0,0.0,0.0,0.0,0.0,0.0,0.0,0.0,0.0,0.0005447117566954154,0.002723558783477077,0.000946969696969697,0.0,0
0.0,0.0,0.0,0.0,0.0,0.0,0.0704,0.0,0.0,0.0,0.0,0.0,0.0005565138447571493,0.004539264639128461,0.004419191919191919,0.0,0
0.0,0.08163265306122448,0.1111111111111111,0.0,0.0,0.06501950585175552,0.08266666666666668,0.0675067506750675,0.004500450045004501,0.019011406844106467,0.020524515393386546,0.05789990186457312,0.0012519291874716295,0.04312301407172038,0.03674242424242424,0.2453450164293538,1
0.31200000000000006,0.06938775510204082,0.06296296296296297,0.05914718019257222,0.033203125,0.18075422626788032,0.12960000000000002,0.1017101710171017,0.023402340234023402,0.1311787072243346,0.10300266058532878,0.11923454367026498,0.00489786654561961,0.26418520199727646,0.08674242424242425,0.5965680905439942,1
0.0,0.0,0.0,0.08528198074277855,0.0,0.08062418725617684,0.06666666666666667,0.0279027902790279,0.0,0.0,0.09388065374382365,0.024043179587831212,0.0024802541988197912,0.040399455288243305,0.0202020202020202,0.10806863818912012,0
0.0,0.0,0.0,0.0,0.0,0.0,0.0,0.0,0.0,0.0,0.08551881413911061,0.0,0.0035460735360871537,0.017249205628688154,0.013257575757575758,0.08214676889375686,1
0.2,0.0,0.0,0.0,0.0,0.0,0.02666666666666667,0.0,0.045004500450045004,0.0,0.07145572025845687,0.0,0.0022342260553790284,0.02088061733999092,0.01130050505050505,0.2511865644395765,0
0.0,0.0,0.0,0.034387895460797804,0.0,0.0,0.06186666666666667,0.06930693069306931,0.0,0.0,0.2519954389965793,0.0,0.00022060826146164342,0.004539264639128461,0.011553030303030303,0.24205914567360354,1
0.144,0.0,0.0,0.0,0.0,0.0,0.07680000000000001,0.032403240324032405,0.0,0.0,0.040668947168377045,0.0,0.0018048116205174763,0.022696323195642305,0.01654040404040404,0.17050018254837532,0
0.0,0.0,0.0,0.0,0.0,0.0,0.07680000000000001,0.0,0.0,0.0,0.09388065374382365,0.0,0.0006209714026327735,0.0018157058556513845,0.001957070707070707,0.09017889740781307,0
0.0,0.0,0.0,0.0,0.158203125,0.0,0.03466666666666667,0.036003600360036005,0.0072007200720072,0.0,0.021664766248574687,0.010794896957801767,0.0007943713118474808,0.029051293690422152,0.0341540404040404,0.02884264330047463,0
0.0,0.0,0.0,0.0,0.0,0.0,0.0,0.0,0.0,0.0,0.0,0.0,0.0005447117566954154,0.0013617793917385383,0.00044191919191919195,0.0,0
0.0,0.0,0.0,0.0,0.0,0.0,0.0,0.0,0.0891089108910891,0.0,0.0,0.0,0.0010304130730821605,0.005447117566954153,0.00789141414141414,0.0,0
0.11200000000000002,0.0,0.0,0.038514442916093544,0.0,0.0,0.0896,0.1764176417641764,0.025202520252025205,0.0,0.012922843025465603,0.0,0.004207898320472084,0.051293690422151615,0.03800505050505051,0.11464037970062069,1
0.044000000000000004,0.0,0.0,0.0,0.0,0.0,0.024533333333333338,0.020702070207020702,0.0,0.21863117870722434,0.0,0.015701668302257117,0.00206536541080345,0.014525646845211076,0.032196969696969696,0.05184373859072655,0
0.0,0.0,0.0,0.0,0.0,0.10923276983094926,0.0,0.22862286228622863,0.0,0.0,0.0,0.0,0.0007054017249205627,0.004539264639128461,0.003977272727272727,0.0,0
0.58,0.0,0.0,0.09903713892709767,0.0,0.0,0.0,0.0,0.0,0.0,0.04713036868110985,0.06084396467124633,0.0007090331366318656,0.004993191103041307,0.007133838383838384,0.619934282584885,1
0.0,0.0,0.0,0.0,0.0,0.0,0.09493333333333334,0.0,0.0,0.0,0.09122006841505131,0.0,0.001664094416704494,0.004993191103041307,0.004229797979797979,0.08762322015334063,0
0.12,0.12244897959183672,0.0,0.0,0.05859375,0.03901170351105331,0.11253333333333333,0.27182718271827183,0.027002700270027002,0.0,0.0,0.10304219823356232,0.0006699954607353608,0.004539264639128461,0.011679292929292928,0.2957283680175246,1
0.23199999999999998,0.0,0.0,0.0,0.0,0.0,0.0,0.1566156615661566,0.0,0.0,0.0,0.0,0.0006354970494779846,0.004993191103041307,0.004229797979797979,0.2117561153705732,0
0.0,0.0,0.0,0.0,0.0,0.0,0.13493333333333332,0.09090909090909091,0.0,0.0,0.0,0.0,0.0007589650476622789,0.005447117566954153,0.006313131313131313,0.0,0
0.0,0.0,0.0,0.0,0.1875,0.0,0.12853333333333336,0.21692169216921695,0.0,0.0,0.19080197643481567,0.12315996074582926,0.004074443940081707,0.035860190649114845,0.01553030303030303,0.27491785323110624,1
0.0,0.0,0.0,0.0,0.0,0.0,0.0,0.0,0.0,0.0,0.0,0.0,0.0009078529278256923,0.0022696323195642307,0.0005681818181818182,0.0,0
0.0,0.0,0.0,0.0,0.0,0.0,0.22186666666666668,0.0,0.0,0.0,0.26187761307487645,0.0,0.0002723558783477078,0.0013617793917385383,0.0007575757575757576,0.2515516611902154,0
0.096,0.0,0.0,0.0,0.0078125,0.0,0.03626666666666667,0.07920792079207921,0.0036003600360036,0.030418250950570346,0.026985936906119345,0.03483807654563297,0.0008924194280526555,0.009986382206082615,0.08585858585858587,0.1394669587440672,0
0.20400000000000001,0.2897959183673469,0.04814814814814815,0.004126547455295736,0.06640625,0.044213263979193757,0.14666666666666667,0.12241224122412242,0.0855085508550855,0.07034220532319392,0.14405169137210186,0.06673209028459275,0.0021252837040399456,0.0817067635043123,0.12335858585858586,0.6809054399415846,1
0.0,0.0,0.0,0.0,0.0,0.0,0.0,0.0,0.0,0.0,0.0,0.0,0.0007834770767135723,0.0018157058556513845,0.0025252525252525255,0.0,0
0.0,0.0,0.0,0.0,0.0,0.0,0.07946666666666667,0.1341134113411341,0.0,0.0,0.0,0.0,0.00032682705401724935,0.0009078529278256922,0.0020833333333333333,0.0,0
0.0,0.0,0.34074074074074073,0.08390646492434664,0.05859375,0.0,0.13173333333333334,0.08280828082808281,0.08280828082808281,0.057034220532319393,0.2767008741923223,0.08930323846908735,0.0030313209260099867,0.026781661370857923,0.015277777777777777,0.6681270536692224,1
0.0,0.0,0.0,0.0,0.05664062499999999,0.0,0.0,0.15751575157515751,0.0,0.0,0.027366020524515394,0.0,0.0016768043576940537,0.026781661370857923,0.015214646464646464,0.02628696604600219,0
0.0,0.0,0.0,0.0,0.0,0.036410923276983094,0.12853333333333336,0.012601260126012603,0.0,0.0,0.0,0.0,0.00012346799818429416,0.0018157058556513845,0.006755050505050504,0.0,0
0.0,0.0,0.0,0.0,0.0,0.0,0.024,0.019801980198019802,0.0,0.1958174904942966,0.0,0.015210991167811582,0.002185201997276441,0.018157058556513846,0.033712121212121214,0.011317999269806499,0
0.0,0.0,0.0,0.0,0.0,0.0,0.0,0.0,0.0,0.0,0.03458760927404029,0.0,0.00019246482069904664,0.0018157058556513845,0.002462121212121212,0.03322380430814166,0
0.32400000000000007,0.0,0.0,0.0,0.0,0.0,0.21813333333333335,0.0,0.0,0.0,0.26833903458760927,0.0,0.0067280980481162055,0.024512029051293693,0.008964646464646463,0.5534866739686017,1
0.0,0.0,0.0,0.0,0.0,0.0,0.16640000000000002,0.0,0.0,0.0,0.0,0.0,0.0022278710848842487,0.004539264639128461,0.0023358585858585857,0.0,0
0.0,0.0,0.0,0.0,0.0,0.0,0.0,0.0,0.0,0.0,0.0,0.0,0.003033136631865638,0.020426690876078075,0.011174242424242423,0.0,0
0.0,0.0,0.0,0.0,0.0,0.0,0.12693333333333334,0.0,0.0,0.0,0.0,0.0,0.0001815705855651384,0.00045392646391284613,0.0006944444444444445,0.0,0
0.32000000000000006,0.0,0.0,0.11004126547455298,0.15625,0.10403120936280884,0.08586666666666667,0.14491449144914492,0.0,0.0,0.10224249334853669,0.0,0.0019201089423513391,0.008170676350431231,0.00505050505050505,0.39028842643300476,1
0.0,0.0,0.0,0.0,0.044921875,0.0,0.06293333333333333,0.0423042304230423,0.0,0.0,0.0,0.03385672227674191,0.0011039491602360418,0.019518837948252384,0.01351010101010101,0.025191675794085436,0
0.0,0.0,0.0,0.0,0.0,0.0,0.0,0.0,0.0,0.0,0.0,0.0,0.0011348161597821154,0.005901044030867,0.0016414141414141414,0.0,0
0.0,0.0,0.0,0.0,0.43359375000000006,0.0,0.27626666666666666,0.19981998199819984,0.2664266426642664,0.0,0.41657164576206773,0.0,0.00377666817975488,0.04811620517476169,0.01818181818181818,0.4001460387002556,1
0.0,0.0,0.0,0.0,0.0,0.0,0.3232,0.0,0.5454545454545454,0.0,0.18244013683010263,0.23552502453385674,0.0006209714026327735,0.0040853381752156154,0.001957070707070707,0.35049288061336253,1
0.388,0.0,0.0,0.13342503438789546,0.0,0.0,0.0,0.08730873087308731,0.0,0.0,0.0,0.08194308145240434,0.0022696323195642307,0.005447117566954153,0.004797979797979798,0.4151150054764513,1
0.0,0.0,0.0,0.08390646492434664,0.240234375,0.24057217165149544,0.1312,0.1107110711071107,0.0,0.0,0.13416951729380464,0.0,0.0011348161597821154,0.005447117566954153,0.00505050505050505,0.1288791529755385,1
0.0,0.17551020408163262,0.0,0.0,0.33984375,0.0,0.046400000000000004,0.0783078307830783,0.0,0.0,0.3321930824781452,0.0,0.0037349069450748978,0.04811620517476169,0.011237373737373737,0.4760861628331508,1
0.0,0.12653061224489795,0.0,0.04264099037138928,0.0,0.08062418725617684,0.049600000000000005,0.0558055805580558,0.0558055805580558,0.0,0.23185100722158875,0.0,0.007460735360871539,0.022696323195642305,0.03194444444444444,0.33588901058780574,1
0.0,0.0,0.0,0.0,0.0,0.0,0.018133333333333335,0.0,0.0,0.0,0.0,0.0,0.001041307308216069,0.004539264639128461,0.008207070707070706,0.0,0
0.196,0.0,0.0,0.03301237964236589,0.193359375,0.031209362808842647,0.21280000000000002,0.1791179117911791,0.0441044104410441,0.0,0.11972633979475486,0.017173699705593723,0.0027880163413527004,0.026781661370857923,0.014330808080808081,0.30668127053669225,1
0.22400000000000003,0.0,0.0,0.07702888583218709,0.66015625,0.0,0.2106666666666667,0.15211521152115212,0.0,0.0,0.4625617635879894,0.1702649656526006,0.003726736268724467,0.06309577848388562,0.012184343434343435,0.7754654983570647,1
0.0,0.0,0.5444444444444444,0.40440165061898214,0.57421875,0.0,0.0,0.39693969396939693,0.1323132313231323,0.279467680608365,0.16153553781832003,0.06918547595682041,0.12619155696777123,0.12619155696777123,0.017613636363636363,0.7433369843008397,1
0.0,0.2816326530612244,0.0,0.09491059147180193,0.0,0.0,0.0736,0.18721872187218722,0.0,0.0,0.26643861649562905,0.05691854759568205,0.007064003631411712,0.014979573309123922,0.017676767676767676,0.5502008032128514,1
0.0,0.0,0.0,0.0,0.681640625,0.0,0.06986666666666667,0.1566156615661566,0.0,0.0,0.11326491828202205,0.0731108930323847,0.0017748524738992284,0.02088061733999092,0.008333333333333333,0.16319824753559692,1
0.0,0.0,0.0,0.0797799174690509,0.169921875,0.0,0.13973333333333335,0.1566156615661566,0.0,0.0,0.0,0.13297350343473996,0.0006082614616432137,0.005901044030867,0.010164141414141414,0.09894121942314714,1
0.0,0.0,0.0,0.0,0.0,0.0,0.296,0.0,0.0,0.0,0.2630178639300646,0.0,0.0006600090785292783,0.0018157058556513845,0.0011363636363636363,0.2526469514421322,0
0.0,0.0,0.0,0.04264099037138928,0.0,0.0,0.16960000000000003,0.0279027902790279,0.05670567056705671,0.05893536121673004,0.05207145572025847,0.0,0.0023032228778937813,0.017703132092601,0.011994949494949494,0.05001825483753195,1
0.0,0.0,0.0,0.10453920220082533,0.0,0.09882964889466839,0.08106666666666668,0.06840684068406841,0.0,0.0,0.0,0.08684985279685967,0.002574670903313663,0.035406264185202,0.013257575757575758,0.06462212486308871,1
0.0,0.0,0.0,0.0,0.0,0.0,0.0864,0.14581458145814583,0.0,0.0,0.14063093880653743,0.0,0.003971856559237404,0.03086699954607354,0.00808080808080808,0.13508579773640014,0
0.0,0.7061224489795918,0.0,0.0,0.0,0.0,0.1386666666666667,0.0,0.0,0.0,0.0,0.0,0.0003195642305946438,0.0022696323195642307,0.001388888888888889,0.6316173786053304,0
0.0,0.0,0.0,0.0,0.0,0.0,0.0,0.0,0.0,0.0,0.22082858228810337,0.0,0.0005583295506128007,0.0013617793917385383,0.0012626262626262627,0.21212121212121213,0
0.0,0.0,0.0,0.0,0.0,0.0,0.4848,0.0,0.0,0.0,0.0,0.0,0.001270994098955969,0.005901044030867,0.001452020202020202,0.0,1
0.0,0.0,0.0,0.0,0.0,0.4642392717815344,0.0,0.0,0.0,0.0,0.09122006841505131,0.0,0.0006236949614162507,0.0040853381752156154,0.0016414141414141414,0.08762322015334063,0
0.0,0.0,0.0,0.0,0.0,0.0,0.0,0.0,0.0,0.0,0.0,0.0,0.0009078529278256923,0.004539264639128461,0.005113636363636364,0.0,0
0.0,0.0,0.0,0.0,0.0,0.2249674902470741,0.18453333333333335,0.1035103510351035,0.0,0.0,0.040668947168377045,0.0,0.0003822060826146164,0.002723558783477077,0.003345959595959596,0.03906535231836437,1
0.0,0.0,0.0,0.0,0.0,0.0,0.0,0.0,0.0,0.0,0.0,0.0,0.001008624602814344,0.002723558783477077,0.0011363636363636363,0.0,0
0.0,0.0,0.0,0.0,0.0,0.0,0.26666666666666666,0.09000900090009001,0.0,0.0,0.06461421512732803,0.0,0.000628234226055379,0.0013617793917385383,0.0013257575757575758,0.06206644760861629,0
0.22400000000000003,0.0,0.0,0.07702888583218709,0.66015625,0.0,0.2106666666666667,0.15211521152115212,0.0,0.0,0.4625617635879894,0.1702649656526006,0.003726736268724467,0.06309577848388562,0.012184343434343435,0.7754654983570647,1
0.0,0.08979591836734693,0.08148148148148147,0.009628610729023386,0.013671875000000002,0.0,0.176,0.16831683168316833,0.0,0.12737642585551331,0.04979095400988218,0.03483807654563297,0.0022206082614616434,0.03313663186563777,0.06130050505050505,0.23439211391018622,1
0.572,0.0,0.0,0.0,0.0,0.0,0.07626666666666666,0.0,0.0,0.0,0.0,0.0,2.9051293690422232e-05,0.00045392646391284613,0.001957070707070707,0.5220883534136547,0
0.068,0.02040816326530612,0.018518518518518517,0.0,0.0,0.0,0.05546666666666667,0.08280828082808281,0.0,0.10836501901140684,0.03762827822120867,0.038763493621197256,0.0035233772128915116,0.042669087607807535,0.08282828282828283,0.1635633442862359,1
0.0,0.0,0.0,0.0,0.0,0.0,0.022933333333333333,0.0774077407740774,0.0,0.0,0.024705435195743065,0.0,0.0018002723558783475,0.017703132092601,0.011237373737373737,0.023731288791529758,0
0.0,0.0,0.0,0.0,0.1875,0.0,0.0,0.0,0.018001800180018002,0.0,0.0,0.04170755642787047,0.0017467090331366318,0.02315024965955515,0.03888888888888889,0.031033223804308147,0
0.164,0.0,0.0,0.0,0.0,0.0,0.11093333333333334,0.37443744374437443,0.0,0.0,0.0,0.0,0.0012256014525646847,0.004993191103041307,0.008396464646464647,0.1496896677619569,1
0.0,0.0,0.0,0.0,0.0,0.0,0.048,0.32403240324032406,0.0,0.1711026615969582,0.21246674268339039,0.0,0.001724920562868815,0.012256014525646846,0.005429292929292929,0.2040890836071559,1
0.128,0.3428571428571428,0.1074074074074074,0.0,0.10546875,0.028608582574772428,0.18506666666666668,0.11881188118811882,0.0036003600360036,0.055133079847908745,0.2424933485366781,0.08096172718351326,0.002448479346345892,0.05265546981389015,0.220770202020202,0.8225629791894853,1
0.10400000000000001,0.0,0.0,0.0,0.0,0.0,0.057066666666666675,0.1692169216921692,0.0,0.0,0.016343595591030026,0.0,0.0017058556513844755,0.008170676350431231,0.016477272727272726,0.11062431544359255,0
0.272,0.0,0.12592592592592594,0.04676753782668502,0.06640625,0.044213263979193757,0.03626666666666667,0.030603060306030605,0.0,0.0,0.08513873052071456,0.027477919528949957,0.001141171130276895,0.007262823422605538,0.009911616161616161,0.4746257758305951,1
0.0,0.0,0.0,0.0,0.0,0.0,0.08693333333333333,0.07290729072907291,0.0,0.0,0.11174458380843785,0.07212953876349362,0.001210167952791648,0.004539264639128461,0.003914141414141413,0.16100766703176342,1
0.188,0.0,0.17407407407407405,0.19669876203576342,0.0,0.24837451235370608,0.10186666666666667,0.12871287128712872,0.0,0.0,0.02774610414291144,0.14474975466143278,0.0021434407625964594,0.024058102587380847,0.009911616161616161,0.47754654983570644,1
0.0,0.0,0.0,0.0,0.0,0.0,0.12693333333333334,0.2142214221422142,0.0,0.0,0.0,0.0,0.0004539264639128461,0.0013617793917385383,0.0008838383838383839,0.0,0
0.0,0.0,0.1,0.07565337001375518,0.21679687500000003,0.0,0.029333333333333336,0.0747074707470747,0.024302430243024305,0.05133079847908746,0.11440516913721019,0.0,0.016778937812074443,0.31457103949160237,0.07127525252525253,0.2084702446148229,1
0.0,0.0,0.0,0.0,0.0,0.0,0.3290666666666667,0.2214221422142214,0.0,0.0,0.3204104903078677,0.0,0.0009078529278256923,0.008170676350431231,0.006628787878787878,0.307776560788609,1
0.256,0.0,0.0,0.0,0.0,0.0,0.13813333333333333,0.0,0.0,0.0,0.25161535537818325,0.0,0.008232410349523378,0.05901044030867,0.01837121212121212,0.47535596933187296,1
0.0,0.0,0.0,0.0,0.0,0.0,0.13173333333333334,0.0315031503150315,0.0,0.0,0.12314709236031927,0.0,0.00010894235133908326,0.0009078529278256922,0.0034722222222222225,0.11829134720700987,0
0.0,0.0,0.0,0.0,0.0,0.0,0.24000000000000002,0.0,0.0,0.0,0.0,0.0,0.0004085338175215614,0.0013617793917385383,0.0017676767676767678,0.0,0
0.1,0.03265306122448979,0.06296296296296297,0.034387895460797804,0.015625,0.12093628088426527,0.0864,0.037803780378037805,0.015301530153015303,0.11216730038022814,0.1847206385404789,0.05789990186457312,0.005956423059464367,0.3032228778937812,0.08920454545454547,0.403066812705367,1
0.8160000000000001,0.13877551020408163,0.0,0.04676753782668502,0.0,0.044213263979193757,0.2538666666666667,0.2142214221422142,0.0,0.0,0.08437856328392247,0.0,0.005427144802541989,0.02496595551520654,0.020643939393939395,0.949981745162468,1
0.036,0.4040816326530612,0.03333333333333333,0.0,0.154296875,0.0507152145643693,0.17013333333333333,0.15211521152115212,0.0531053105310531,0.11216730038022814,0.12694792854427975,0.06526005888125615,0.013157512482977758,0.53109396277803,0.16035353535353536,0.5976633807959111,1
0.17600000000000002,0.17959183673469387,0.0,0.060522696011004136,0.0,0.057217165149544856,0.17706666666666668,0.2988298829882988,0.039603960396039604,0.041825095057034224,0.2234891676168757,0.07654563297350345,0.07780299591466183,0.47072174307762144,0.10940656565656566,0.592917123037605,1
0.0,0.0,0.0,0.0,0.0,0.0,0.07893333333333334,0.0,0.0,0.0,0.0,0.0,0.001293690422151611,0.009986382206082615,0.007133838383838384,0.0,0
0.0,0.0,0.0,0.0,0.0,0.0,0.11093333333333334,0.0,0.0,0.0,0.0,0.0,0.00038856105310939627,0.0013617793917385383,0.0005681818181818182,0.0,0
0.0,0.0,0.0,0.0,0.0,0.18205461638491544,0.14986666666666668,0.0,0.0,0.0,0.0,0.0,0.0001134816159782116,0.00045392646391284613,0.000505050505050505,0.0,0
0.07600000000000001,0.23265306122448975,0.0,0.0,0.083984375,0.06241872561768529,0.18986666666666668,0.07290729072907291,0.004500450045004501,0.06653992395437262,0.10186240973014064,0.07360157016683024,0.005230140717203813,0.08806173399909215,0.20909090909090908,0.43008397225264694,1
0.8800000000000001,0.0,0.0,0.10041265474552959,0.0,0.0,0.0784,0.1323132313231323,0.0,0.0,0.03344735841885215,0.0,0.0018592827961870177,0.012709940989559692,0.007828282828282828,0.8353413654618476,1
0.0,0.4653061224489795,0.0,0.0,0.0,0.0,0.0,0.3096309630963096,0.0,0.21673003802281368,0.0,0.09666339548577038,0.002433953699500681,0.01543349977303677,0.00505050505050505,0.4881343556042351,1
0.0,0.0,0.0,0.0,0.0,0.0,0.012266666666666669,0.0,0.0,0.0,0.0,0.0,0.0004384929641398095,0.0036314117113027695,0.005555555555555555,0.0,0
0.66,0.0,0.0,0.045392022008253104,0.0,0.2145643693107932,0.1408,0.05940594059405941,0.029702970297029705,0.0,0.20410490307867735,0.0,0.0013772128915115751,0.0036314117113027695,0.008838383838383838,0.7984665936473165,1
0.564,0.0,0.0,0.07702888583218709,0.05468750000000001,0.0,0.10506666666666667,0.10081008100810082,0.0,0.0,0.06005321170657545,0.0,0.007489786654561962,0.17839310031774852,0.03497474747474747,0.5724717050018254,1
0.0,0.0,0.0,0.0,0.0,0.0,0.0,0.0,0.0,0.0,0.0,0.0,0.0010821606899682253,0.01543349977303677,0.015025252525252525,0.0,0
0.0,0.0,0.0,0.0,0.0,0.0,0.21760000000000002,0.09180918091809182,0.18361836183618363,0.0,0.3679209426073736,0.0,0.0010703586019064908,0.007716749886518385,0.0053030303030303025,0.3534136546184739,1
0.0,0.0,0.0,0.0,0.0,0.0,0.0,0.0,0.0,0.0,0.0,0.0,0.0023195642305946437,0.007716749886518385,0.003977272727272727,0.0,0
0.0,0.0,0.0,0.0,0.0,0.06501950585175552,0.08,0.045004500450045004,0.0,0.0,0.03192702394526796,0.0,0.001182932364956877,0.006354970494779846,0.00808080808080808,0.030668127053669225,0
0.0,0.0,0.0,0.0,0.0,0.0,0.0,0.034203420342034205,0.0,0.0,0.0,0.0,0.002666364049024058,0.019518837948252384,0.043686868686868684,0.0,0
0.30000000000000004,0.0,0.0,0.0,0.072265625,0.14694408322496746,0.3232,0.37443744374437443,0.0333033303330333,0.0,0.15773470163435957,0.06771344455348383,0.0008506581933726737,0.004539264639128461,0.005808080808080807,0.47572106608251186,1
0.272,0.0,0.0,0.0,0.0,0.0,0.0,0.0,0.0,0.0,0.11744583808437857,0.0,0.0005447117566954154,0.0013617793917385383,0.001957070707070707,0.3610806863818913,1
0.248,0.03265306122448979,0.06296296296296297,0.060522696011004136,0.015625,0.17295188556566968,0.1418666666666667,0.1035103510351035,0.015301530153015303,0.15019011406844107,0.08551881413911061,0.10353287536800786,0.005197458011802088,0.26418520199727646,0.08484848484848485,0.47681635633442865,1
0.096,0.0,0.0,0.0,0.0,0.0,0.0128,0.0441044104410441,0.0,0.045627376425855515,0.0,0.0,0.0041352700862460285,0.09441670449387199,0.02518939393939394,0.08762322015334063,1
0.16000000000000003,0.16326530612244897,0.0,0.0,0.0,0.0,0.19466666666666668,0.14581458145814583,0.036003600360036005,0.0,0.0,0.1334641805691855,0.0019900136177939177,0.014979573309123922,0.010416666666666666,0.39138371668492156,1
0.264,0.08979591836734693,0.0,0.0,0.0,0.200260078023407,0.15306666666666668,0.13861386138613863,0.0,0.25095057034220536,0.2504751045229951,0.05593719332679098,0.0073536087153881075,0.029051293690422152,0.045896464646464644,0.6035049288061337,1
0.1,0.03265306122448979,0.06296296296296297,0.034387895460797804,0.015625,0.12223667100130037,0.0864,0.037803780378037805,0.015301530153015303,0.11216730038022814,0.16533637400228052,0.05789990186457312,0.005898320472083523,0.3032228778937812,0.0884469696969697,0.384446878422782,1
0.0,0.0,0.0,0.0,0.0,0.0,0.0,0.04860486048604861,0.0,0.0,0.0,0.0,0.0028270540172492054,0.01543349977303677,0.015782828282828284,0.0,0
0.0,0.0,0.0,0.0,0.0,0.0,0.096,0.08100810081008102,0.0,0.0,0.0,0.0,0.0005728551974580118,0.003177485247389923,0.001893939393939394,0.0,0
0.0,0.0,0.0,0.0,0.0,0.0,0.32,0.18001800180018002,0.0,0.0,0.13416951729380464,0.0,0.0005038583749432591,0.0013617793917385383,0.0008207070707070708,0.1288791529755385,0
0.196,0.0,0.0,0.0674002751031637,0.0,0.0637191157347204,0.18453333333333335,0.0891089108910891,0.0,0.0,0.32117065754465984,0.09568204121687932,0.005633227417158421,0.02088061733999092,0.017676767676767676,0.5585980284775466,1
0.0,0.3428571428571428,0.0,0.0,0.0,0.0,0.0,0.0,0.0,0.0,0.0,0.0,0.0034117113027689514,0.005901044030867,0.017361111111111112,0.30668127053669225,0
0.0,0.0,0.0,0.0,0.142578125,0.0,0.032,0.043204320432043204,0.0,0.0,0.012542759407069557,0.007850834151128559,0.0009586926917839312,0.029051293690422152,0.022916666666666665,0.017889740781307048,0
0.0,0.42857142857142855,0.0,0.09628610729023385,0.205078125,0.0,0.16853333333333334,0.126012601260126,0.0,0.13307984790874525,0.08741923223109085,0.0,0.0032646391284611898,0.026781661370857923,0.016477272727272726,0.46732384081781675,1
0.272,0.0,0.0,0.04676753782668502,0.0,0.17815344603381014,0.05493333333333334,0.0927092709270927,0.0,0.0,0.0,0.0,0.0019346345891965498,0.005447117566954153,0.007449494949494949,0.24826579043446517,1
0.0,0.1714285714285714,0.15555555555555553,0.05777166437414031,0.0,0.0,0.09066666666666667,0.11431143114311432,0.0,0.0,0.21740782972253894,0.030912659470068698,0.0042296867907399005,0.024512029051293693,0.015656565656565657,0.538517707192406,1
0.0,0.4653061224489795,0.0,0.0,0.0,0.04161248374512353,0.1312,0.1026102610261026,0.0072007200720072,0.0,0.28544279741543144,0.1251226692836114,0.002871538810712665,0.03767589650476623,0.044886363636363634,0.7834976268711209,1
0.188,0.0,0.0,0.0,0.0,0.0,0.10026666666666667,0.4662466246624662,0.0423042304230423,0.0,0.6412010642341316,0.08243375858684987,0.051048570131638674,0.2882433045846573,0.04690656565656565,0.8488499452354875,1
0.052000000000000005,0.0,0.02222222222222222,0.0,0.0,0.0,0.038933333333333334,0.0657065706570657,0.0,0.0,0.01064234131508932,0.03680078508341512,0.0009695869269178394,0.012709940989559692,0.054924242424242424,0.10697334793720338,0
0.0,0.0,0.0,0.0,0.0,0.0,0.32,0.0,0.0,0.0,0.0,0.0,0.00030231502496595546,0.0013617793917385383,0.0006944444444444445,0.0,0
0.0,0.0,0.0,0.0,0.0,0.0,0.09866666666666668,0.33303330333033304,0.0,0.0,0.120866590649943,0.0,0.0015388107126645483,0.006354970494779846,0.003851010101010101,0.11610076670317634,0
0.0,0.0,0.0,0.14305364511691887,0.203125,0.0,0.1952,0.1881188118811881,0.0,0.0,0.2360319270239453,0.030421982335623165,0.002634589196550159,0.026327734906945077,0.010037878787878787,0.24936108068638194,1
0.0,0.0,0.0,0.0,0.0,0.04161248374512353,0.017066666666666667,0.0,0.0576057605760576,0.0,0.0,0.0,0.002991375397185656,0.03903767589650477,0.016477272727272726,0.0,0
0.0,0.0,0.0,0.0,0.0,0.23537061118335498,0.33920000000000006,0.08100810081008102,0.0,0.0,0.11098441657164576,0.0,0.0018157058556513843,0.016795279164775308,0.0046717171717171714,0.10660825118656443,1
0.0,0.0,0.0,0.0,0.0,0.0,0.432,0.0,0.0,0.0,0.0,0.0,0.0,0.0,0.0002525252525252525,0.0,0
0.16000000000000003,0.0,0.0,0.0,0.0,0.10533159947984394,0.06506666666666668,0.07290729072907291,0.0,0.0,0.0,0.0,0.003404448479346346,0.031320926009986386,0.01672979797979798,0.14603870025556773,0
0.0,0.0,0.0,0.0,0.0,0.0,0.0,0.0,0.0,0.0,0.0,0.0,0.0011547889241942805,0.0013617793917385383,0.0015151515151515152,0.0,0
0.0,0.0,0.0,0.0,0.0,0.2548764629388816,0.10453333333333334,0.0,0.0,0.0,0.0,0.0,0.0007780299591466183,0.004539264639128461,0.0015782828282828283,0.0,0
0.0,0.0,0.0,0.0,0.0,0.0,0.0,0.0,0.0,0.0,0.0,0.0,0.0,0.0,6.313131313131313e-05,0.0,0
0.516,0.0,0.0,0.0,0.0,0.0,0.2074666666666667,0.3501350135013501,0.0,0.0,0.08969973394146712,0.0,0.005611438946890604,0.018157058556513846,0.004924242424242424,0.5571376414749909,1
0.0,0.0,0.0,0.0,0.0,0.0,0.0,0.0,0.0,0.0,0.0,0.0,0.003955515206536542,0.012256014525646846,0.009406565656565656,0.0,0
0.0,0.0,0.0,0.0,0.0,0.035110533159947985,0.07306666666666668,0.09810981098109811,0.024302430243024305,0.10266159695817492,0.17939946788293423,0.06280667320902847,0.008966863368134364,0.04176123467998184,0.03358585858585859,0.2190580503833516,1
0.07600000000000001,0.3142857142857143,0.4259259259259259,0.0,0.037109375,0.24967490247074117,0.11253333333333333,0.1035103510351035,0.0513051305130513,0.21863117870722434,0.16647662485746864,0.09371933267909717,0.012364049024058103,0.23785746709033137,0.05808080808080808,1.0,1
0.0,0.0,0.0,0.0,0.0,0.0,0.20640000000000003,0.0576057605760576,0.0576057605760576,0.0,0.4408969973394147,0.05691854759568205,0.0007262823422605537,0.004993191103041307,0.003914141414141413,0.46586345381526106,1
0.0,0.0,0.0,0.0,0.0,0.0,0.0,0.0,0.0,0.0,0.0,0.0,0.0021180208806173403,0.003177485247389923,0.0005681818181818182,0.0,0
0.0,0.0,0.0,0.0,0.0,0.0,0.09066666666666667,0.030603060306030605,0.0,0.06463878326996199,0.0,0.0,0.0006318656377666817,0.005447117566954153,0.007007575757575758,0.0,0
0.0,0.0,0.0,0.0,0.0,0.0,0.2773333333333334,0.0,0.0,0.0,0.0,0.0,6.445755787562414e-05,0.00045392646391284613,0.0008838383838383839,0.0,0
0.0,0.0,0.0,0.0,0.0,0.0,0.0896,0.0,0.0,0.0,0.04256936526035728,0.16486751717369974,0.0017793917385383567,0.008170676350431231,0.013952020202020202,0.16356334428623587,1
0.36000000000000004,0.0,0.0,0.1237964236588721,0.87890625,0.0,0.28800000000000003,0.08100810081008102,0.0,0.0,0.14861269479285444,0.06378802747791953,0.001044030866999546,0.002723558783477077,0.0026515151515151517,0.5188024826579044,1
0.0,0.0,0.37777777777777777,0.0,0.0,0.0,0.018133333333333335,0.06120612061206121,0.0,0.12927756653992398,0.3413150893196503,0.05152109911678116,0.401573309123922,0.6009986382206083,0.08390151515151516,0.7385907265425339,1
0.0,0.0,0.0,0.0,0.0,0.0,0.06186666666666667,0.0,0.0,0.0,0.0,0.0,5.265546981389024e-05,0.00045392646391284613,0.0010732323232323232,0.0,0
0.0,0.0,0.0,0.09491059147180193,0.0,0.0,0.18613333333333335,0.1251125112511251,0.0,0.0,0.07449638920562525,0.0,0.004630049931911031,0.025419881979119385,0.01148989898989899,0.07155896312522819,1
0.0,0.0,0.0,0.0,0.0,0.0,0.2234666666666667,0.1251125112511251,0.0,0.0,0.0,0.0,0.00018701770313209263,0.0018157058556513845,0.0043560606060606055,0.0,0
0.0,0.0,0.0,0.0,0.0,0.0,0.0,0.0,0.0,0.06083650190114069,0.0,0.0,0.001262823422605538,0.015887426236949616,0.0068813131313131305,0.0,1
0.0,0.0,0.0,0.0,0.0,0.0,0.0,0.1899189918991899,0.0,0.0,0.7506651463321932,0.18155053974484792,0.03128551974580118,0.042669087607807535,0.02904040404040404,0.8561518802482659,1
0.05600000000000001,0.0857142857142857,0.0,0.07840440165061899,0.013671875000000002,0.14824447334200258,0.08,0.1026102610261026,0.012601260126012603,0.21673003802281368,0.11744583808437857,0.05053974484789009,0.0035615070358601905,0.05265546981389015,0.0816919191919192,0.27820372398685655,1
0.0,0.0,0.0,0.0,0.0,0.0,0.0,0.0774077407740774,0.0,0.0,0.0,0.0,0.0006718111665910122,0.004539264639128461,0.002904040404040404,0.0,0
0.0,0.0,0.0,0.0,0.0,0.0,0.08053333333333335,0.0,0.0,0.0,0.0,0.0,0.0006808896958692693,0.0018157058556513845,0.0017045454545454547,0.0,0
0.032,0.0,0.0,0.0,0.1015625,0.0,0.2154666666666667,0.23762376237623764,0.0,0.0,0.0,0.0,0.0009432591920108944,0.007716749886518385,0.02607323232323232,0.029207740051113547,1
0.22400000000000003,0.0,0.0,0.15405777166437418,0.66015625,0.0,0.2106666666666667,0.20252025202520252,0.0,0.0,0.42949448878753327,0.1702649656526006,0.0035179300953245576,0.06309577848388562,0.012247474747474747,0.7437020810514786,1
0.0,0.0,0.0,0.0,0.0,0.11573472041612483,0.04746666666666667,0.06030603060306031,0.0,0.08365019011406845,0.11592550361079437,0.0,0.0008125283704039946,0.021334543803903767,0.010227272727272727,0.1113545089448704,1
0.0,0.0,0.0,0.08115543328748281,0.0,0.11573472041612483,0.19093333333333334,0.1341134113411341,0.026102610261026102,0.0,0.016723679209426075,0.06476938174681061,0.0005374489332728099,0.006354970494779846,0.007575757575757575,0.0642570281124498,0
0.0,0.0,0.0,0.0,0.0,0.0,0.1168,0.0,0.0,0.0,0.0,0.0,0.0018157058556513843,0.006354970494779846,0.0031565656565656565,0.0,0
0.0,0.0,0.0,0.0,0.08984375,0.0,0.0,0.0,0.013501350135013501,0.0,0.0,0.0,0.0004857013163867453,0.0022696323195642307,0.014962121212121211,0.0,0
0.0,0.0,0.0,0.0,0.0,0.0,0.4848,0.0,0.0,0.0,0.0,0.0,0.0,0.0,0.00031565656565656563,0.0,0
0.0,0.0,0.0,0.0,0.0,0.0,0.0,0.0,0.0,0.0,0.0,0.0,0.0003631411711302769,0.00045392646391284613,0.00037878787878787884,0.0,0
0.532,0.0,0.0,0.0,0.0,0.0,0.0,0.11971197119711972,0.11971197119711972,0.0,0.2599771949828963,0.0,0.0018157058556513843,0.004993191103041307,0.004292929292929293,0.7353048557867836,1
0.164,0.16734693877551018,0.0,0.0,0.0,0.10663198959687904,0.19893333333333335,0.1116111611161116,0.0,0.0,0.18282022044849866,0.2693817468105987,0.0019664094416704495,0.008170676350431231,0.007133838383838384,0.6754289886820007,1
0.032,0.0,0.0,0.0,0.1015625,0.0,0.2154666666666667,0.23762376237623764,0.0,0.0,0.0,0.0,0.0009432591920108944,0.007716749886518385,0.02607323232323232,0.029207740051113547,1
0.0,0.0,0.0,0.22145804676753789,0.0,0.0,0.17173333333333335,0.0,0.0,0.0,0.08741923223109085,0.0,0.0035778483885610534,0.026781661370857923,0.00523989898989899,0.08397225264695145,1
0.0,0.0,0.0,0.041265474552957364,0.0,0.0,0.04,0.027002700270027002,0.0,0.0,0.0,0.0,0.0006382206082614618,0.004993191103041307,0.009722222222222222,0.0,0
0.0,0.1714285714285714,0.0,0.0,0.0,0.0,0.13440000000000002,0.2646264626462646,0.037803780378037805,0.0,0.049030786773090085,0.09519136408243377,0.0007798456650022697,0.008624602814344077,0.007449494949494949,0.2712668857247171,1
0.024,0.0,0.0,0.0,0.03515625,0.007802340702210662,0.032,0.0702070207020702,0.0054005400540054005,0.011406844106463879,0.0,0.003925417075564279,0.0008824330458465729,0.011802088061734,0.059343434343434344,0.024826579043446515,0
0.0,0.0,0.0,0.0,0.0,0.0,0.0,0.0,0.0,0.0,0.0,0.0,0.003631411711302769,0.005901044030867,0.01698232323232323,0.0,0
0.0,0.0,0.0,0.188445667125172,0.0,0.044213263979193757,0.018133333333333335,0.0,0.06120612061206121,0.0,0.07829722538958571,0.1516192345436703,0.0027498865183840215,0.03086699954607354,0.01698232323232323,0.18802482657904346,1
0.10400000000000001,0.0,0.0,0.03576341127922972,0.0,0.0,0.0,0.046804680468046804,0.0,0.0,0.1402508551881414,0.0,0.011638674534725375,0.04675442578302315,0.06799242424242424,0.22964585615188027,1
0.0,0.0,0.0,0.0,0.0,0.0,0.08053333333333335,0.0,0.0,0.0,0.0,0.0,0.00010349523377212904,0.0018157058556513845,0.002398989898989899,0.0,0
0.032,0.0,0.0,0.0,0.0,0.0,0.0,0.0,0.023402340234023402,0.0,0.0,0.011285574092247303,0.0015052201543349977,0.025419881979119385,0.027462121212121212,0.037604965315808696,0
0.0,0.048979591836734684,0.04444444444444444,0.0,0.0234375,0.26527958387516254,0.14986666666666668,0.11431143114311432,0.010801080108010801,0.047528517110266164,0.14063093880653743,0.02993130520117763,0.0017049477984566502,0.03767589650476623,0.029924242424242423,0.24497991967871488,1
0.0,0.0,0.0,0.0,0.0,0.0,0.0,0.0,0.0,0.0,0.0,0.0,0.0018656377666817978,0.004539264639128461,0.003409090909090909,0.0,0
0.32000000000000006,0.0,0.14814814814814814,0.05502063273727649,0.0,0.0,0.10666666666666667,0.18001800180018002,0.0,0.0,0.04408969973394147,0.05691854759568205,0.0027762142532909667,0.024058102587380847,0.013005050505050504,0.5228185469149326,1
0.0,0.0,0.0,0.0,0.0,0.0,0.0,0.0,0.0,0.0,0.0,0.0,0.0011520653654108035,0.014525646845211076,0.007386363636363636,0.0,1
0.0,0.0,0.0,0.0,0.0,0.18075422626788032,0.11146666666666667,0.09360936093609361,0.0,0.0,0.29874572405929306,0.0,0.0024766227871084886,0.02723558783477077,0.016414141414141412,0.2869660460021906,1
0.0,0.0,0.0,0.0,0.005859375,0.003901170351105331,0.06186666666666667,0.019801980198019802,0.0,0.0,0.00532117065754466,0.0,0.00010077167498865182,0.002723558783477077,0.024494949494949493,0.005111354508944871,0
0.0,0.0,0.0,0.0,0.0,0.005201560468140441,0.010133333333333334,0.012601260126012603,0.0,0.12547528517110268,0.0,0.006378802747791954,0.0024375851112119836,0.038129822968679075,0.09229797979797981,0.004746257758305951,0
0.0,0.0,0.0,0.0,0.0,0.0,0.0,0.0,0.0,0.0,0.19384264538198406,0.16683022571148187,0.0025065819337267365,0.009986382206082615,0.004924242424242424,0.31033223804308147,1
0.0,0.0,0.0,0.0,0.0,0.0,0.0,0.0,0.0,0.0,0.0,0.0,0.0001906491148433953,0.0022696323195642307,0.004292929292929293,0.0,0
0.0,0.0,0.0,0.0,0.0,0.0,0.09333333333333334,0.0,0.0,0.0,0.0,0.0,0.00031230140717203824,0.0013617793917385383,0.002398989898989899,0.0,0
0.504,0.0,0.0,0.13892709766162314,0.048828125,0.03250975292587776,0.09440000000000001,0.11341134113411341,0.0,0.0,0.07183580387685291,0.0,0.0072374035406264185,0.20245120290512938,0.04071969696969697,0.5290251916757941,1
0.0,0.0,0.0,0.0,0.0,0.0,0.07786666666666667,0.032403240324032405,0.0,0.0,0.023565184340554924,0.0,0.005367226509305493,0.019064911484339538,0.02481060606060606,0.022635998539612998,0
0.0,0.0,0.0,0.0,0.0,0.0,0.22186666666666668,0.0,0.0,0.0,0.0,0.0,0.0004539264639128461,0.0013617793917385383,0.001452020202020202,0.0,0
0.0,0.0,0.0,0.01788170563961486,0.0,0.05331599479843952,0.0368,0.024302430243024305,0.011701170117011701,0.0,0.0,0.0,0.0004820699046754424,0.008624602814344077,0.009027777777777777,0.0,1
0.0,0.0,0.0,0.0,0.0,0.0,0.17493333333333333,0.0,0.0,0.0,0.04408969973394147,0.0,0.0009078529278256923,0.004993191103041307,0.005492424242424242,0.042351223074114645,0
0.0,0.0,0.0,0.02475928473177442,0.072265625,0.048114434330299084,0.168,0.08280828082808281,0.0,0.0,0.17293804637020146,0.0,0.00029051293690422156,0.0013617793917385383,0.0043560606060606055,0.1661190215407083,1
0.0,0.0,0.0,0.0,0.0,0.0,0.0688,0.0,0.0,0.0,0.0,0.0,0.0007780299591466183,0.003177485247389923,0.002398989898989899,0.0,0
0.0,0.0857142857142857,0.0,0.05777166437414031,0.375,0.05461638491547463,0.17120000000000002,0.1341134113411341,0.0,0.0,0.0999619916381604,0.03680078508341512,0.047601452564684524,0.22378574670903315,0.10113636363636365,0.2000730193501278,1
0.0,0.0857142857142857,0.0,0.05777166437414031,0.375,0.05461638491547463,0.17120000000000002,0.1341134113411341,0.0,0.0,0.0999619916381604,0.03680078508341512,0.047601452564684524,0.22378574670903315,0.10113636363636365,0.2000730193501278,1
0.0,0.0,0.0,0.2145804676753783,0.0,0.0,0.08320000000000001,0.0,0.0,0.0,0.2915241353097682,0.1251226692836114,0.006430322287789379,0.03631411711302769,0.006060606060606061,0.37312887915297555,1
0.0,0.0,0.0,0.0,0.0,0.0,0.1376,0.0,0.0,0.0,0.34587609274040293,0.0,0.0010630957784838854,0.0036314117113027695,0.004734848484848484,0.3322380430814166,0
0.7000000000000001,0.0,0.0,0.0,0.0,0.17035110533159947,0.14026666666666668,0.0783078307830783,0.0,0.0,0.137210186240973,0.08832188420019628,0.0006536541080344984,0.0022696323195642307,0.005366161616161616,0.8364366557137641,0
0.4,0.0,0.0,0.0,0.390625,0.0,0.21333333333333335,0.18001800180018002,0.0,0.0,0.0,0.0,0.000731729459827508,0.004539264639128461,0.0034722222222222225,0.36509675063891933,0
0.0,0.0,0.0,0.0,0.0,0.0,0.08320000000000001,0.0,0.0,0.0,0.015583428354237934,0.0,0.00046935996368588286,0.0013617793917385383,0.0027146464646464648,0.014968966776195693,0
0.0,0.0,0.0,0.0,0.0,0.0,0.0656,0.0,0.0,0.0,0.0,0.0,5.265546981389024e-05,0.00045392646391284613,0.0010732323232323232,0.0,0
0.0,0.0,0.0,0.0,0.0,0.0,0.1616,0.0,0.0,0.0,0.0,0.0,0.0002469359963685882,0.0013617793917385383,0.0008207070707070708,0.0,0
0.07600000000000001,0.0,0.0,0.02613480055020633,0.0,0.4460338101430429,0.0912,0.1881188118811881,0.0,0.18060836501901142,0.080577727099962,0.14867517173699707,0.00929822968679074,0.05946436677258284,0.04678030303030303,0.2573932092004381,1
0.13999999999999999,0.0,0.0,0.0,0.0,0.18595578673602078,0.09546666666666667,0.09630963096309632,0.0,0.0,0.47776510832383123,0.0,0.002628234226055379,0.02723558783477077,0.016414141414141412,0.5867104782767433,1
0.0,0.0,0.0,0.0,0.0,0.0,0.1776,0.0,0.0,0.0,0.0,0.0,0.0003404448479346346,0.0013617793917385383,0.0006313131313131314,0.0,0
0.2,0.0,0.0,0.0,0.0,0.0,0.13333333333333333,0.135013501350135,0.0,0.0,0.3390345876092741,0.0,0.0009078529278256923,0.008170676350431231,0.010795454545454546,0.5082146768893757,1
0.21600000000000003,0.310204081632653,0.05185185185185186,0.004126547455295736,0.0703125,0.04161248374512353,0.16266666666666665,0.1305130513051305,0.09090909090909091,0.07604562737642587,0.13036868110984418,0.06918547595682041,0.0021134816159782115,0.0817067635043123,0.10227272727272728,0.7024461482292808,1
0.0,0.0,0.0,0.0,0.0,0.0,0.21760000000000002,0.09180918091809182,0.18361836183618363,0.0,0.36830102622576966,0.0,0.0010703586019064908,0.007716749886518385,0.0053030303030303025,0.3537787513691128,1
0.096,0.24081632653061222,0.0,0.004126547455295736,0.080078125,0.003901170351105331,0.1594666666666667,0.11251125112511251,0.0054005400540054005,0.09885931558935362,0.16153553781832003,0.28115799803729147,0.004322287789378121,0.05901044030867,0.14034090909090907,0.6673968601679445,1
0.0,0.0,0.0,0.0,0.0,0.0,0.0,0.0,0.0,0.0,0.0,0.0,0.0013109396277802996,0.03404448479346346,0.012436868686868687,0.0,0
0.188,0.0,0.0,0.0,0.0,0.0,0.0,0.0423042304230423,0.0,0.0,0.0,0.0,0.00047026781661370853,0.006354970494779846,0.0101010101010101,0.17159547280029208,1
0.164,0.16734693877551018,0.0,0.0,0.0,0.10663198959687904,0.19893333333333335,0.1116111611161116,0.0,0.0,0.18282022044849866,0.2693817468105987,0.0019664094416704495,0.008170676350431231,0.007133838383838384,0.6754289886820007,1
0.164,0.0,0.0,0.0,0.0,0.10793237971391416,0.11093333333333334,0.11251125112511251,0.0,0.0,0.28506271379703535,0.0,0.0025882886972310483,0.05447117566954154,0.01792929292929293,0.4235122307411464,1
0.388,0.0,0.0,0.13342503438789546,0.0,0.0,0.0,0.08730873087308731,0.0,0.0,0.0,0.08194308145240434,0.0022696323195642307,0.005447117566954153,0.004797979797979798,0.4151150054764513,1
0.0,0.0,0.0,0.0,0.0,0.0,0.19733333333333336,0.6660666066606661,0.0,0.0,0.0,0.0,0.0009078529278256923,0.0013617793917385383,0.00044191919191919195,0.0,0
0.0,0.0,0.47777777777777775,0.08803301237964238,0.0,0.0,0.2074666666666667,0.11611161116111611,0.0,0.0,0.35005701254275945,0.16928361138370954,0.0007562414888788016,0.004539264639128461,0.003409090909090909,0.9331872946330778,1
0.0,0.0,0.0,0.0,0.0,0.6840052015604681,0.28053333333333336,0.0,0.0,0.0,0.0,0.1658488714425908,0.000604630049931911,0.0018157058556513845,0.0005681818181818182,0.12340270171595474,1
0.032,0.13877551020408163,0.0,0.011004126547455298,0.0,0.0,0.16053333333333333,0.06930693069306931,0.022502250225022502,0.015209125475285173,0.09806157354618017,0.126594700686948,0.003901044030866999,0.135724012709941,0.04375,0.34173055859802853,1
0.248,0.0,0.0,0.0,0.0,0.08062418725617684,0.0,0.27902790279027906,0.0,0.0,0.10946408209806158,0.0,0.004539264639128461,0.05220154334997731,0.01849747474747475,0.33150784958013874,0
0.0,0.0,0.0,0.0,0.0,0.0,0.0,0.0,0.16651665166516652,0.0,0.0,0.0,0.0018157058556513843,0.006354970494779846,0.003345959595959596,0.0,1
0.0,0.0,0.0,0.0,0.0,0.0,0.392,0.1323132313231323,0.0,0.0,0.0,0.0,0.0016059918293236494,0.006354970494779846,0.0022095959595959595,0.0,1
0.168,0.1714285714285714,0.0,0.0,0.0,0.10923276983094926,0.20213333333333336,0.11341134113411341,0.0,0.0,0.17939946788293423,0.23159960745829247,0.0018157058556513843,0.008170676350431231,0.006755050505050504,0.651332603139832,1
0.35600000000000004,0.11428571428571428,0.014814814814814814,0.02475928473177442,0.072265625,0.05981794538361508,0.20266666666666666,0.16831683168316833,0.025202520252025205,0.05323193916349811,0.19840364880273662,0.0534838076545633,0.00432047208352247,0.05220154334997731,0.13011363636363635,0.6721431179262505,1
0.0,0.0,0.0,0.0,0.0,0.0,0.0,0.0,0.0,0.0,0.0,0.0,0.0018157058556513843,0.002723558783477077,0.002967171717171717,0.0,0
0.0,0.0,0.0,0.0,0.0,0.0,0.3045333333333334,0.0,0.0,0.0,0.0,0.0,0.00010077167498865182,0.0009078529278256922,0.0011994949494949494,0.0,0
0.8880000000000001,0.0,0.0,0.1017881705639615,0.0,0.0,0.07893333333333334,0.1332133213321332,0.0,0.0,0.03344735841885215,0.0,0.0018592827961870177,0.012709940989559692,0.007828282828282828,0.8426433004746259,1
0.0,0.0,0.0,0.0,0.0,0.0,0.03946666666666667,0.0,0.0,0.0,0.0,0.0,0.00032410349523377213,0.0022696323195642307,0.0023358585858585857,0.0,0
0.0,0.0,0.0,0.0,0.0,0.0,0.016533333333333334,0.0,0.0,0.0,0.0,0.0,0.0004049024058102587,0.0022696323195642307,0.005871212121212121,0.0,0
0.0,0.0,0.0,0.0,0.0,0.0,0.0,0.0,0.0,0.0,0.0,0.0,0.002713572401270994,0.014525646845211076,0.04652777777777778,0.0,0
0.0,0.0,0.0,0.0,0.0,0.0,0.1056,0.0,0.0,0.0,0.07069555302166478,0.0,0.0008506581933726737,0.006354970494779846,0.003851010101010101,0.06790799561883899,0
0.6200000000000001,0.0,0.0,0.02338376891334251,0.06640625,0.022106631989596878,0.1568,0.21782178217821782,0.015301530153015303,0.0,0.0,0.042198233562316,0.003442578302315025,0.016795279164775308,0.032007575757575756,0.5972982840452721,1
0.0,0.0,0.0,0.0,0.0,0.0,0.0,0.0,0.0,0.0,0.863549980995819,0.0,0.0006808896958692693,0.002723558783477077,0.0008207070707070708,0.8294998174516246,0
0.36000000000000004,0.06530612244897958,0.059259259259259255,0.0674002751031637,0.015625,0.2028608582574772,0.12693333333333334,0.09630963096309632,0.0288028802880288,0.12357414448669203,0.09160015203344736,0.11187438665358196,0.005033136631865638,0.30957784838856106,0.09248737373737374,0.6166484118291348,1
0.0,0.0,0.0,0.0,0.115234375,0.07672301690507151,0.1584,0.26732673267326734,0.0531053105310531,0.0,0.039908779931584946,0.20608439646712465,0.0022042669087607805,0.004993191103041307,0.004482323232323232,0.19167579408543264,1
0.0,0.0,0.0,0.0,0.0,0.0,0.1776,0.5994599459945995,0.0,0.0,0.0,0.0,0.0002723558783477078,0.0009078529278256922,0.0007575757575757576,0.0,0
0.0,0.06530612244897958,0.18148148148148147,0.022008253094910595,0.0,0.0,0.13173333333333334,0.1332133213321332,0.0144014401440144,0.0,0.02888635499809958,0.04955839057899903,0.0009350885156604629,0.01407172038129823,0.016603535353535353,0.30193501277838625,1
0.0,0.0,0.0,0.0,0.0,0.0,0.15093333333333334,0.25472547254725475,0.0,0.0,0.0,0.0,0.008654561960962323,0.029051293690422152,0.009911616161616161,0.0,1
0.0,0.0,0.0,0.0,0.0,0.0,0.0,0.0,0.0,0.0,0.0,0.0,0.0016550158874262368,0.016795279164775308,0.015088383838383838,0.0,1
0.248,0.03265306122448979,0.06296296296296297,0.060522696011004136,0.015625,0.17295188556566968,0.1418666666666667,0.1035103510351035,0.015301530153015303,0.15019011406844107,0.08551881413911061,0.10353287536800786,0.005197458011802088,0.26418520199727646,0.08484848484848485,0.47681635633442865,1
0.0,0.0,0.0,0.0,0.0,0.0,0.0784,0.2646264626462646,0.0,0.0,0.1839604713036868,0.0,0.0013617793917385383,0.006354970494779846,0.00404040404040404,0.17670682730923695,0
0.0,0.0,0.0,0.0,0.0,0.0,0.05333333333333334,0.0675067506750675,0.0,0.0,0.0,0.0,0.0030676350431230134,0.09396277802995914,0.032007575757575756,0.0,0
0.0,0.0,0.0,0.0,0.0,0.0,0.376,0.1053105310531053,0.0,0.0,0.0,0.0,0.0018157058556513843,0.006354970494779846,0.002777777777777778,0.0,0
0.34400000000000003,0.10612244897959183,0.2222222222222222,0.011004126547455298,0.1171875,0.0,0.09706666666666668,0.1251125112511251,0.10081008100810082,0.0817490494296578,0.16875712656784495,0.12266928361138373,0.00194098955969133,0.024058102587380847,0.05858585858585859,0.8813435560423514,1
0.236,0.024489795918367342,0.02222222222222222,0.008253094910591473,0.037109375,0.04291287386215865,0.18666666666666668,0.13681368136813682,0.029702970297029705,0.13688212927756654,0.03838844545800076,0.04955839057899903,0.0030848842487517015,0.035406264185202,0.0807449494949495,0.3329682365826944,1
0.0,0.0,0.0,0.0,0.0,0.0,0.088,0.0738073807380738,0.0,0.0,0.0,0.0,0.0006155242850658193,0.0018157058556513845,0.002904040404040404,0.0,0
0.0,0.0,0.0,0.0,0.0,0.0,0.054400000000000004,0.0,0.0,0.0,0.0,0.0,0.0002632773490694509,0.0018157058556513845,0.002462121212121212,0.0,0
0.0,0.0,0.0,0.0,0.0,0.0,0.0,0.0,0.0,0.0,0.0,0.0,0.0019064911484339537,0.004539264639128461,0.001893939393939394,0.0,0
0.0,0.0,0.0,0.0,0.0,0.0,0.054400000000000004,0.04590459045904591,0.0,0.0,0.07867730900798175,0.0,0.008541988197911939,0.15524285065819338,0.040025252525252526,0.0755750273822563,0
0.0,0.0,0.0,0.0,0.0,0.0,0.1904,0.0,0.0,0.0,0.0,0.0,0.0,0.0,0.00012626262626262626,0.0,0
0.0,0.0,0.0,0.18982118294360387,0.0,0.0,0.0,0.1242124212421242,0.0,0.0,0.08931965032307107,0.11530912659470069,0.004780753517930096,0.018157058556513846,0.005871212121212121,0.17159547280029208,1
0.22400000000000003,0.0,0.0,0.15405777166437418,0.55078125,0.0,0.2106666666666667,0.15211521152115212,0.0,0.0,0.5017103762827823,0.16192345436702651,0.003753971856559237,0.06309577848388562,0.01193181818181818,0.8068638189120118,1
0.492,0.0,0.0,0.0,0.0,0.0,0.0656,0.0,0.0,0.0,0.07297605473204105,0.0,0.0004857013163867453,0.004993191103041307,0.0026515151515151517,0.5191675794085433,0
0.0,0.0,0.0,0.0,0.0,0.0,0.0,0.0,0.0,0.0,0.0,0.0,0.0010367680435769406,0.003177485247389923,0.0008838383838383839,0.0,0
0.148,0.0,0.0,0.05089408528198075,0.146484375,0.0,0.14133333333333334,0.1017101710171017,0.0,0.0,0.3352337514253136,0.0927379784102061,0.0027961870177031323,0.03495233772128915,0.015909090909090907,0.5261044176706827,1
0.24,0.24489795918367344,0.0,0.0,0.0,0.0,0.0,0.0,0.0,0.0,0.03876852907639681,0.351324828263003,0.003188379482523831,0.019064911484339538,0.011616161616161616,0.7367652427893391,1
0.1,0.1020408163265306,0.0,0.0,0.09765625,0.0,0.13333333333333333,0.135013501350135,0.022502250225022502,0.0,0.07715697453439757,0.0996074582924436,0.0016940535633227418,0.014979573309123922,0.00808080808080808,0.33077765607886095,1
0.0,0.0,0.0,0.0,0.0,0.0,0.0,0.0,0.0,0.0,0.0,0.0,0.001512482977757603,0.002723558783477077,0.001452020202020202,0.0,0
0.0,0.0,0.0,0.0,0.0,0.0,0.054400000000000004,0.0,0.0,0.0,0.0,0.0,0.00040127099409895583,0.003177485247389923,0.0046717171717171714,0.0,0
0.0,0.0,0.0,0.0,0.0,0.0,0.0,0.0,0.0,0.0,0.1322690992018244,0.0,0.000283250113481616,0.0013617793917385383,0.0012626262626262627,0.12705366922234393,0
0.24,0.0,0.0,0.0,0.0,0.0,0.128,0.0,0.0,0.0,0.0,0.0,6.718111665910125e-05,0.0009078529278256922,0.0017676767676767678,0.2190580503833516,0
0.0,0.0,0.0,0.0,0.0,0.0,0.018666666666666668,0.015301530153015303,0.0,0.0,0.0,0.0,0.001126645483431684,0.005447117566954153,0.012815656565656565,0.0,0
0.42000000000000004,0.0,0.0,0.0,0.205078125,0.0,0.168,0.18901890189018902,0.0,0.0,0.13873052071455722,0.08930323846908735,0.002127099409895597,0.012256014525646846,0.006691919191919192,0.5830595107703541,1
0.0,0.0,0.0,0.0,0.0,0.0,0.04853333333333334,0.24752475247524752,0.0,0.17300380228136883,0.21550741163055873,0.0,0.001724920562868815,0.012256014525646846,0.005429292929292929,0.20700985761226723,1
0.148,0.3061224489795918,0.25555555555555554,0.0,0.0859375,0.015604681404421323,0.15786666666666668,0.11341134113411341,0.022502250225022502,0.14258555133079848,0.1660965412390726,0.11481844946025517,0.0024285065819337264,0.01997276441216523,0.0672348484848485,0.9058050383351588,1
0.0,0.0,0.0,0.0,0.0,0.0,0.09493333333333334,0.0,0.0,0.0,0.2877232991258077,0.0,0.0028660916931457104,0.005447117566954153,0.004924242424242424,0.2763782402336619,1
0.0,0.0,0.0,0.0,0.0,0.0,0.21333333333333335,0.0,0.0,0.0,0.0,0.0,0.0,0.0,0.000505050505050505,0.0,0
0.0,0.12244897959183672,0.0,0.0,0.05859375,0.0,0.12053333333333333,0.08100810081008102,0.0,0.1711026615969582,0.14291144051691373,0.024533856722276745,0.0011538810712664548,0.021788470267816613,0.026893939393939394,0.26506024096385544,1
0.0,0.0,0.0,0.0,0.0,0.0,0.0,0.0,0.0,0.0,0.0,0.443081452404318,0.0011665910122560146,0.005901044030867,0.0049873737373737365,0.32968236582694416,0
0.0,0.0,0.0,0.0,0.177734375,0.0,0.0,0.0819081908190819,0.0,0.0,0.09464082098061574,0.0,0.0014307762142532908,0.005901044030867,0.004166666666666667,0.09090909090909091,0
0.0,0.0,0.0,0.0,0.0,0.0,0.14026666666666668,0.0,0.0,0.0,0.1573546180159635,0.0,0.0015478892419428054,0.005447117566954153,0.002840909090909091,0.1511500547645126,0
0.0,0.4653061224489795,0.0,0.0,0.0,0.0,0.0,0.3096309630963096,0.0,0.21673003802281368,0.0,0.09666339548577038,0.002433953699500681,0.01543349977303677,0.00505050505050505,0.4881343556042351,1
0.0,0.0,0.0,0.0,0.0,0.0,0.3466666666666667,0.27002700270027,0.0,0.0,0.055112124667426834,0.0,0.0003104857013163869,0.005901044030867,0.0031565656565656565,0.0529390288426433,0
0.484,0.0,0.0,0.16643741403026135,0.0,0.0,0.25973333333333337,0.0,0.0,0.0,0.0,0.0,0.0006137085792101679,0.006354970494779846,0.0035353535353535356,0.44176706827309237,1
0.068,0.0,0.06296296296296297,0.02338376891334251,0.0,0.1118335500650195,0.009066666666666667,0.0774077407740774,0.0,0.0,0.25275560623337134,0.0407262021589794,0.004806173399909215,0.05946436677258284,0.060732323232323235,0.39722526469514424,1
0.0,0.0,0.0,0.0,0.0,0.0,0.0,0.0,0.0,0.0,0.0,0.0,0.002930549251021334,0.023604176123467997,0.00928030303030303,0.0,0
0.0,0.0,0.0,0.0,0.0,0.0,0.0,0.0,0.0,0.0,0.04637020144431775,0.0,0.0010921470721743077,0.004993191103041307,0.008143939393939394,0.04454180357794816,0
0.0,0.0,0.0,0.0,0.0,0.0,0.3808,0.0,0.3213321332133213,0.0,0.5906499429874573,0.0,0.001008624602814344,0.006354970494779846,0.0023358585858585857,0.5673603504928807,1
0.0,0.0,0.0,0.0,0.0,0.0,0.06826666666666667,0.1152115211521152,0.0,0.0,0.26567844925883694,0.45731108930323855,0.0037067635043123016,0.017249205628688154,0.007638888888888889,0.5954728002920774,1
0.164,0.16734693877551018,0.0,0.0,0.0,0.10663198959687904,0.19893333333333335,0.1116111611161116,0.0,0.0,0.18282022044849866,0.2693817468105987,0.0019664094416704495,0.008170676350431231,0.007133838383838384,0.6754289886820007,1
0.0,0.17551020408163262,0.0,0.0,0.33984375,0.0,0.046400000000000004,0.0783078307830783,0.0,0.0,0.31736982136069936,0.0,0.0037349069450748978,0.04811620517476169,0.011237373737373737,0.4618473895582329,1
0.0,0.0,0.0,0.0,0.0,0.0,0.07253333333333334,0.24572457245724572,0.0,0.0,0.0,0.0,0.0009396277802995917,0.005447117566954153,0.0035353535353535356,0.0,0
0.0,0.0,0.0,0.0,0.0,0.0,0.0,0.0,0.0,0.0,0.0,0.0,0.0002723558783477078,0.0013617793917385383,0.0007575757575757576,0.0,0
0.0,0.0,0.0,0.0,0.380859375,0.0,0.009066666666666667,0.0,0.0315031503150315,0.0,0.0,0.0,0.000955969133000454,0.005447117566954153,0.014583333333333334,0.0,0
0.0,0.0,0.0,0.0,0.0,0.0,0.048,0.32403240324032406,0.0,0.1711026615969582,0.21246674268339039,0.0,0.001724920562868815,0.012256014525646846,0.005429292929292929,0.2040890836071559,1
0.0,0.0,0.0,0.0,0.0,0.0,0.1008,0.0,0.0,0.0,0.23565184340554923,0.0,0.0,0.0,0.0015782828282828283,0.22635998539612998,0
0.0,0.0,0.0,0.0,0.0,0.0,0.0,0.0,0.0,0.0,0.0,0.0,0.002834316840671811,0.008624602814344077,0.034027777777777775,0.0,0
0.0,0.0,0.0,0.0,0.0,0.0,0.018133333333333335,0.18361836183618363,0.0,0.0,0.0,0.0,5.628688152519302e-05,0.0013617793917385383,0.008585858585858586,0.0,0
0.0,0.0,0.0,0.0,0.0,0.0,0.23146666666666668,0.19531953195319532,0.0,0.0,0.0,0.0,0.0,0.0,0.00044191919191919195,0.0,0
0.0,0.0,0.0,0.0,0.0,0.0,0.09173333333333333,0.0,0.0,0.0,0.0,0.0,0.0005901044030866999,0.004993191103041307,0.00202020202020202,0.0,0
0.0,0.0,0.0,0.0,0.0,0.0,0.0,0.0,0.09990999099909992,0.0,0.0790573926263778,0.20412168792934252,0.0026781661370857924,0.009986382206082615,0.004924242424242424,0.22782037239868566,1
0.0,0.03673469387755102,0.0,0.0,0.017578125,0.0,0.06773333333333334,0.30423042304230424,0.032403240324032405,0.017110266159695818,0.011022424933485368,0.006869479882237489,0.0028978665456196096,0.021334543803903767,0.03566919191919192,0.04855786783497627,1
0.0,0.17551020408163262,0.0,0.028885832187070155,0.013671875000000002,0.036410923276983094,0.18506666666666668,0.14311431143114312,0.006300630063006301,0.0,0.14139110604332955,0.08832188420019628,0.0037349069450748978,0.04539264639128461,0.0648358585858586,0.3585250091274188,1
0.032,0.13877551020408163,0.0,0.011004126547455298,0.0,0.0,0.16,0.0846084608460846,0.022502250225022502,0.015209125475285173,0.09920182440136831,0.14425907752698724,0.0020717203812982295,0.027689514298683614,0.033712121212121214,0.3559693318729463,1
0.0,0.0,0.0,0.0,0.0,0.2028608582574772,0.049600000000000005,0.0279027902790279,0.0,0.0,0.04142911440516914,0.026496565260058884,0.001083068542896051,0.007716749886518385,0.008522727272727272,0.05951077035414385,0
0.36800000000000005,0.0,0.0,0.0,0.0,0.0,0.03253333333333334,0.0,0.0,0.0,0.0,0.0,0.001035860190649115,0.016795279164775308,0.01332070707070707,0.3358890105878058,1
0.0,0.0,0.0,0.0,0.0,0.0,0.0128,0.0,0.0,0.0,0.0038008361839604716,0.010304219823356234,0.0015696777122106219,0.024512029051293693,0.07077020202020202,0.011317999269806499,0
0.0,0.0,0.0,0.0,0.0,0.0,0.432,0.0,0.0,0.0,0.0,0.0,0.0007262823422605537,0.0018157058556513845,0.000505050505050505,0.0,0
0.0,0.0,0.0,0.0,0.0,0.0,0.0,0.0,0.0,0.0,0.0,0.0,0.0012964139809350885,0.0018157058556513845,0.00101010101010101,0.0,0
0.0,0.746938775510204,0.0,0.0,0.0,0.0,0.29333333333333333,0.0819081908190819,0.0,0.0,0.04941087039148613,0.0,0.0013227417158420333,0.02088061733999092,0.005366161616161616,0.7155896312522819,0
0.020000000000000004,0.008163265306122448,0.0,0.0,0.04296875,0.0,0.002666666666666667,0.0018001800180018,0.0018001800180018,0.028517110266159697,0.0,0.010794896957801767,0.00038402178847026793,0.008624602814344077,0.060858585858585855,0.033588901058780575,1
0.664,0.0,0.0,0.0,0.0,0.0,0.1776,0.1494149414941494,0.0,0.0,0.3747624477385025,0.0,0.006354970494779846,0.016795279164775308,0.0049873737373737365,0.9660460021905806,1
0.0,0.0,0.0,0.0,0.0,0.0,0.021866666666666666,0.0,0.0,0.0,0.026605853287723302,0.0,0.005929187471629596,0.019064911484339538,0.022285353535353537,0.025556772544724354,0
0.0,0.0,0.0,0.0,0.0,0.0,0.1376,0.0774077407740774,0.0,0.0,0.05777270999619916,0.0,0.001058556513844757,0.005901044030867,0.0032196969696969696,0.05549470609711574,0
0.0,0.0,0.0,0.0,0.0,0.0,0.0,0.6201620162016201,0.0,0.0,0.0,0.0,0.0,0.0,0.00037878787878787884,0.0,0
0.0,0.0,0.0,0.0,0.0,0.0,0.2837333333333334,0.1062106210621062,0.0531053105310531,0.0,0.04142911440516914,0.3743866535819431,0.0018157058556513843,0.01407172038129823,0.007133838383838384,0.3183643665571377,1
0.0,0.0,0.0,0.0,0.0,0.0,0.17120000000000002,0.25652565256525656,0.0315031503150315,0.0,0.13568985176738882,0.0,0.0008815251929187472,0.01044030866999546,0.012878787878787878,0.1303395399780942,1
0.0,0.0,0.0,0.0,0.0,0.0,0.0,0.0,0.0,0.0,0.0,0.0,0.0010930549251021333,0.0036314117113027695,0.012878787878787878,0.0,0
0.0,0.0,0.0,0.0,0.0,0.0,0.10453333333333334,0.0882088208820882,0.0,0.0,0.0,0.0,0.001932818883340899,0.007262823422605538,0.006060606060606061,0.0,0
0.0,0.0,0.0,0.0,0.0,0.044213263979193757,0.14613333333333337,0.0927092709270927,0.0,0.0,0.15431394906879514,0.0,0.00038583749432591927,0.0022696323195642307,0.004797979797979798,0.14822928075940126,0
0.0,0.0,0.0,0.0,0.0,0.0,0.128,0.0,0.0,0.0,0.2694792854427974,0.0,0.006191556967771222,0.017249205628688154,0.01919191919191919,0.2588535962029938,1
0.0,0.0,0.0,0.0,0.0,0.0,0.0,0.0,0.0,0.06463878326996199,0.0,0.0,0.0005292782569223787,0.0022696323195642307,0.0059343434343434335,0.0,0
0.0,0.0,0.0,0.0,0.0,0.0,0.0,0.0,0.0,0.0,0.0,0.0,0.0011747616886064456,0.003177485247389923,0.002398989898989899,0.0,0
0.0,0.0,0.0,0.0,0.3203125,0.0,0.07253333333333334,0.04860486048604861,0.0,0.05133079847908746,0.01710376282782212,0.0,0.00042215161143894706,0.003177485247389923,0.0053030303030303025,0.01642935377875137,0
0.0,0.0,0.0,0.0,0.0,0.0,0.0,0.0,0.0,0.0,0.0,0.0,0.0006482069904675442,0.0022696323195642307,0.001452020202020202,0.0,0
0.0,0.0,0.0,0.0,0.0,0.0,0.04853333333333334,0.0,0.0,0.0,0.217787913340935,0.0,0.0017103949160236038,0.007716749886518385,0.0046717171717171714,0.20920043811610076,1
0.17200000000000001,0.0,0.0,0.0,0.169921875,0.0,0.13973333333333335,0.11791179117911792,0.0,0.0,0.21930824781451919,0.10598626104023554,0.004788016341352701,0.040399455288243305,0.020138888888888887,0.4465133260313983,1
0.0,0.0,0.0,0.06189821182943605,0.0,0.0,0.048,0.04050405040504051,0.0,0.0,0.07715697453439757,0.0,0.006824330458465729,0.03222877893781208,0.03005050505050505,0.07411464037970063,1
0.0,0.0,0.0,0.0,0.0,0.0,0.18666666666666668,0.11791179117911792,0.0,0.0,0.0,0.0,0.0009850204266908759,0.010894235133908307,0.004545454545454545,0.0,0
0.264,0.08979591836734693,0.0,0.0,0.0,0.200260078023407,0.15306666666666668,0.13861386138613863,0.0,0.25095057034220536,0.2504751045229951,0.05593719332679098,0.0073536087153881075,0.029051293690422152,0.045896464646464644,0.6035049288061337,1
0.13999999999999999,0.0,0.0,0.0,0.0,0.18595578673602078,0.09546666666666667,0.09630963096309632,0.0,0.0,0.47776510832383123,0.0,0.002628234226055379,0.02723558783477077,0.016414141414141412,0.5867104782767433,1
0.0,0.0,0.0,0.0,0.22656249999999997,0.0,0.06186666666666667,0.0,0.0,0.0,0.0,0.0,0.0014997730367680437,0.012256014525646846,0.003787878787878788,0.0,1
0.0,0.0,0.0,0.0,0.0,0.0,0.13333333333333333,0.22502250225022502,0.0,0.0,0.0,0.0,0.00020154334997730375,0.0009078529278256922,0.0006313131313131314,0.0,0
0.0,0.0,0.0,0.0,0.0,0.0,0.11573333333333334,0.0,0.0,0.0,0.0,0.0,0.0017458011802088062,0.024512029051293693,0.007133838383838384,0.0,1
0.2,0.2040816326530612,0.0,0.27510316368638243,0.0,0.19505851755526654,0.16,0.135013501350135,0.0,0.0,0.16913721018624098,0.4803729146221787,0.0033454380390376755,0.012256014525646846,0.01029040404040404,0.8849945235487404,1
0.0,0.0,0.0,0.0,0.0,0.0,0.0,0.0,0.0,0.0,0.08171797795515014,0.21148184494602554,0.0027235587834770767,0.010894235133908307,0.004734848484848484,0.2358525009127419,1
0.0,0.0,0.0,0.0,0.0,0.0,0.0,0.0,0.0,0.0,0.0,0.0,0.0005447117566954154,0.0036314117113027695,0.001452020202020202,0.0,0
0.1,0.0,0.0,0.0,0.009765625,0.0,0.029333333333333336,0.05850585058505851,0.022502250225022502,0.057034220532319393,0.008361839604713038,0.028459273797841026,0.0008887880163413528,0.009986382206082615,0.06818181818181819,0.12048192771084339,0
0.34800000000000003,0.06938775510204082,0.06296296296296297,0.0,0.0,0.0,0.07413333333333333,0.0783078307830783,0.046804680468046804,0.0,0.12998859749144814,0.351324828263003,0.0017911938266000904,0.01543349977303677,0.0211489898989899,0.8280394304490689,1
0.0,0.0,0.0,0.0,0.0,0.0,0.0688,0.0,0.0,0.0,0.07145572025845687,0.0,0.0015306400363141169,0.022696323195642305,0.008585858585858586,0.06863818912011684,0
0.05600000000000001,0.17959183673469387,0.05185185185185186,0.0,0.0,0.018205461638491547,0.12533333333333335,0.07920792079207921,0.0,0.22243346007604564,0.07753705815279362,0.062315996074582936,0.001781207444394008,0.032682705401724924,0.02518939393939394,0.3837166849215043,1
0.0,0.0,0.0,0.0,0.0,0.0,0.23146666666666668,0.0,0.0,0.0,0.36259977194982895,0.0,0.0073763050385837504,0.02814344076259646,0.004545454545454545,0.348302300109529,0
0.0,0.0,0.0,0.02613480055020633,0.0,0.011703511053315994,0.010133333333333334,0.008100810081008101,0.0,0.0,0.023185100722158875,0.0,0.002384021788470268,0.019518837948252384,0.062436868686868686,0.02227090178897408,1
0.0,0.0,0.0,0.3191196698762036,0.0,0.0,0.24800000000000003,0.41854185418541856,0.0,0.0,0.26643861649562905,0.1717369970559372,0.0003940081706763505,0.0022696323195642307,0.00202020202020202,0.3837166849215042,1
0.0,0.0,0.0,0.0,0.0,0.0,0.1248,0.06030603060306031,0.0144014401440144,0.0,0.0,0.0,0.0008179754879709488,0.006808896958692692,0.008459595959595959,0.0,0
0.0,0.0,0.0,0.0,0.0,0.0,0.0,0.0,0.0,0.0,0.0,0.0,0.0004802541988197911,0.0022696323195642307,0.0015782828282828283,0.0,0
0.032,0.13877551020408163,0.0,0.011004126547455298,0.0,0.0,0.16,0.0846084608460846,0.022502250225022502,0.015209125475285173,0.10908399847966552,0.10942100098135428,0.0021007716749886518,0.027689514298683614,0.03383838383838384,0.33953997809419495,1
0.376,0.0,0.0,0.06464924346629987,0.0,0.0,0.10026666666666667,0.0846084608460846,0.0,0.0,0.08513873052071456,0.0,9.26009986382206e-05,0.0022696323195642307,0.003345959595959596,0.4249726177437021,1
0.0,0.0,0.0,0.1444291609353508,0.0,0.0,0.168,0.09450945094509451,0.0,0.0,0.06499429874572407,0.08390578999018647,0.0009532455742169767,0.0022696323195642307,0.0025252525252525255,0.12486308871851041,1
0.0,0.11836734693877549,0.0,0.0,0.05664062499999999,0.0,0.11733333333333335,0.07920792079207921,0.0,0.1673003802281369,0.1474724439376663,0.023552502453385676,0.0011475261007716747,0.021788470267816613,0.026957070707070707,0.26506024096385544,1
0.0,0.0,0.0,0.0,0.0,0.21976592977893364,0.3162666666666667,0.07560756075607561,0.0,0.0,0.0,0.0,0.00025873808443032233,0.0013617793917385383,0.0022095959595959595,0.0,0
0.5,0.0,0.0,0.0,0.0,0.0,0.26666666666666666,0.0,0.0,0.0,0.0,0.0,0.0001815705855651384,0.0013617793917385383,0.0022095959595959595,0.45637093829864916,1
0.128,0.13061224489795917,0.0,0.04401650618982119,0.0625,0.0,0.1216,0.2925292529252925,0.0288028802880288,0.0,0.0,0.0814524043179588,0.00044847934634589207,0.0040853381752156154,0.008712121212121211,0.294267981014969,1
0.0,0.0,0.0,0.0,0.0,0.0,0.23413333333333333,0.1476147614761476,0.0,0.0,0.0,0.0,0.0004648206990467545,0.004539264639128461,0.0036616161616161618,0.0,0
0.05600000000000001,0.11428571428571428,0.05185185185185186,0.0,0.027343750000000003,0.036410923276983094,0.23146666666666668,0.18901890189018902,0.07560756075607561,0.07984790874524715,0.14481185860889398,0.024533856722276745,0.0012001815705855652,0.006354970494779846,0.013573232323232322,0.3618108798831691,1
0.6240000000000001,0.0,0.0,0.08528198074277855,0.060546875,0.0,0.20053333333333334,0.11251125112511251,0.0279027902790279,0.0,0.2926643861649563,0.0,0.0013445301861098502,0.004539264639128461,0.008396464646464647,0.8506754289886821,1
0.0,0.0,0.0,0.0,0.0,0.0,0.0,0.0,0.0,0.0,0.0,0.0,0.0030803449841125736,0.014525646845211076,0.00909090909090909,0.0,0
0.0,0.0,0.0,0.0,0.0,0.0026007802340702207,0.005866666666666667,0.0072007200720072,0.0,0.06653992395437262,0.0,0.003925417075564279,0.0017703132092601,0.02315024965955515,0.10202020202020202,0.0029207740051113546,0
0.0,0.03673469387755102,0.0,0.0,0.0,0.0,0.10666666666666667,0.30243024302430244,0.016201620162016202,0.017110266159695818,0.09007981755986318,0.015210991167811582,0.002503858374943259,0.03086699954607354,0.033396464646464646,0.13070463672873311,1
0.15200000000000002,0.1551020408163265,0.0,0.0,0.0,0.15084525357607279,0.10293333333333334,0.034203420342034205,0.034203420342034205,0.0,0.22843025465602432,0.058881256133464184,0.001512482977757603,0.009532455742169769,0.010037878787878787,0.5407082876962395,1
0.0,0.0,0.0,0.0,0.140625,0.0,0.0,0.0,0.010801080108010801,0.022813688212927757,0.0,0.0,0.0007507943713118474,0.009986382206082615,0.029356060606060604,0.0,0
0.0,0.0,0.0,0.06189821182943605,0.0,0.0,0.096,0.04050405040504051,0.04050405040504051,0.0,0.07981755986316989,0.0,0.0012419428052655467,0.005901044030867,0.008459595959595959,0.07667031763417306,1
0.0,0.0,0.0,0.0,0.0,0.0,0.0,0.1242124212421242,0.0,0.0,0.1847206385404789,0.0,0.0015261007716749885,0.004539264639128461,0.0036616161616161618,0.1774370208105148,1
0.064,0.13061224489795917,0.0,0.0,0.0,0.0,0.0784,0.1323132313231323,0.0144014401440144,0.0,0.0,0.1422963689892051,0.001141171130276895,0.005447117566954153,0.009911616161616161,0.28112449799196787,1
0.41200000000000003,0.0,0.0,0.09353507565337003,0.06640625,0.022106631989596878,0.18346666666666667,0.12331233123312332,0.0,0.0,0.02128468263017864,0.09617271835132485,0.001143894689060372,0.023604176123467997,0.013068181818181817,0.4680540343190946,1
0.1,0.0,0.0,0.0,0.1484375,0.165149544863459,0.10880000000000001,0.06840684068406841,0.0,0.0,0.11022424933485367,0.0,0.001465274625510667,0.029505220154335,0.009343434343434343,0.19715224534501646,1
0.32000000000000006,0.0,0.0,0.0,0.15625,0.0,0.08586666666666667,0.21692169216921695,0.0,0.0,0.5936906119346257,0.17664376840039256,0.0014870630957784835,0.009532455742169769,0.007765151515151515,0.9937933552391386,1
0.0,0.0,0.0,0.0,0.0,0.0,0.1648,0.0,0.0,0.0,0.0,0.0,0.000604630049931911,0.002723558783477077,0.0015151515151515152,0.0,0
0.0,0.0,0.0,0.0,0.0,0.0,0.0,0.0,0.0,0.0,0.0,0.0,0.014962324103495236,0.021788470267816613,0.029734848484848486,0.0,1
0.0,0.0,0.0,0.0,0.11328124999999999,0.0,0.12426666666666668,0.0,0.0,0.0,0.15469403268719117,0.1997055937193327,0.002082614616432138,0.007262823422605538,0.007007575757575758,0.2971887550200803,0
0.0,0.0,0.0,0.0,0.0,0.0,0.0,0.0,0.0,0.0,0.0,0.0,0.0031420789832047207,0.012256014525646846,0.018244949494949494,0.0,0
0.08800000000000001,0.0,0.0,0.06189821182943605,0.0,0.028608582574772428,0.08426666666666667,0.1017101710171017,0.0,0.0,0.014063093880653743,0.07360157016683024,0.011743985474353156,0.051293690422151615,0.08352272727272728,0.14859437751004015,1
0.0,0.0,0.0,0.0,0.0,0.0,0.0,0.0,0.0,0.0,0.0,0.0,0.000604630049931911,0.0009078529278256922,0.0005681818181818182,0.0,0
0.0,0.0,0.0,0.0,0.0,0.11443433029908971,0.2112,0.27722772277227725,0.0,0.0,0.2542759407069556,0.14573110893032387,0.0024203359055832954,0.03676804357694054,0.010353535353535353,0.35268346111719606,1
0.6160000000000001,0.1551020408163265,0.0,0.0,0.0,0.0,0.28800000000000003,0.2079207920792079,0.0,0.0,0.09920182440136831,0.0,0.004236041761234681,0.02496595551520654,0.017108585858585858,0.7962760131434831,1
0.0,0.0,0.0,0.0,0.052734375,0.0,0.0,0.016201620162016202,0.0,0.0,0.0,0.01913640824337586,0.0011920108942351341,0.01044030866999546,0.03718434343434343,0.014238773274917854,0
0.196,0.19999999999999998,0.18148148148148147,0.0,0.0,0.0,0.0528,0.1791179117911791,0.0,0.0,0.23755226149752948,0.1530912659470069,0.003404448479346346,0.02088061733999092,0.01193181818181818,0.8787878787878789,1
0.0,0.0,0.0,0.0,0.0,0.0,0.0,0.1629162916291629,0.0,0.0,0.11744583808437857,0.0,0.00030231502496595546,0.004539264639128461,0.0034722222222222225,0.11281489594742607,1
0.0,0.0,0.0,0.0,0.0,0.10923276983094926,0.0,0.0,0.0,0.0,0.0467502850627138,0.0,0.004098955969133001,0.014979573309123922,0.011426767676767676,0.044906900328587074,0
0.0,0.22448979591836735,0.04814814814814815,0.03713892709766163,0.0,0.0,0.20853333333333335,0.23852385238523852,0.011701170117011701,0.21102661596958178,0.49182820220448503,0.08930323846908735,0.0033999092147072173,0.10485701316386746,0.04577020202020202,0.7871485943775102,1
0.328,0.13469387755102039,0.0,0.09078404401650621,0.064453125,0.020806241872561766,0.14986666666666668,0.0891089108910891,0.0,0.0,0.09578107183580388,0.024533856722276745,0.004783477076713573,0.1584203359055833,0.045454545454545456,0.5301204819277109,1
0.0,0.0,0.0,0.0,0.0,0.0,0.0,0.0,0.0,0.0,0.0,0.0,0.0005120290512936905,0.002723558783477077,0.003787878787878788,0.0,0
0.0,0.0,0.0,0.0,0.0,0.0,0.0,0.0,0.09990999099909992,0.0,0.0790573926263778,0.20412168792934252,0.0026781661370857924,0.009986382206082615,0.004924242424242424,0.22782037239868566,1
0.0,0.0,0.0,0.0,0.0,0.0,0.09333333333333334,0.0783078307830783,0.0,0.0,0.0,0.0,0.0004230594643667725,0.004993191103041307,0.0027146464646464648,0.0,0
0.0,0.0,0.0,0.0,0.021484375,0.0,0.025066666666666668,0.063006300630063,0.0,0.0,0.0,0.0,0.0004412165229232865,0.002723558783477077,0.010164141414141414,0.0,0
0.35200000000000004,0.14285714285714282,0.0962962962962963,0.011004126547455298,0.0859375,0.0,0.09920000000000001,0.1116111611161116,0.09540954095409541,0.10076045627376427,0.13416951729380464,0.12463199214916587,0.0023586019064911483,0.024058102587380847,0.061047979797979796,0.7656078860898138,1
0.0,0.0,0.0,0.0,0.0,0.0,0.0,0.0,0.0,0.0,0.0,0.0,0.004841579664094417,0.007262823422605538,0.0011363636363636363,0.0,0
0.0,0.0,0.0,0.0,0.0,0.0,0.0,0.0,0.0,0.0,0.0,0.0,0.001512482977757603,0.005447117566954153,0.005997474747474747,0.0,0
0.22400000000000003,0.0,0.0,0.07702888583218709,0.66015625,0.0,0.2106666666666667,0.15211521152115212,0.0,0.0,0.4625617635879894,0.1702649656526006,0.003726736268724467,0.06309577848388562,0.012184343434343435,0.7754654983570647,1
0.0,0.12244897959183672,0.0,0.0,0.0,0.09752925877763327,0.08053333333333335,0.04050405040504051,0.0,0.0,0.0330672748004561,0.0,0.0004902405810258739,0.007716749886518385,0.013068181818181817,0.14129244249726178,1
0.0,0.0,0.0,0.0,0.0,0.0,0.057066666666666675,0.09630963096309632,0.0,0.0,0.07297605473204105,0.0,0.001210167952791648,0.008170676350431231,0.0030303030303030303,0.0700985761226725,1
0.10400000000000001,0.13877551020408163,0.0,0.006877579092159561,0.0859375,0.0,0.17333333333333334,0.135013501350135,0.020702070207020702,0.08365019011406845,0.1307487647282402,0.3846908734052994,0.004624602814344077,0.08715388107126645,0.19116161616161614,0.6308871851040527,1
0.0,0.0,0.0,0.0,0.0,0.0,0.0,0.0,0.0,0.0,0.0,0.0,0.0011665910122560146,0.002723558783477077,0.001957070707070707,0.0,0
0.24,0.3918367346938775,0.0,0.0,0.046875,0.0,0.23680000000000004,0.16201620162016203,0.0,0.045627376425855515,0.03838844545800076,0.09911678115799806,0.0023132092600998636,0.024058102587380847,0.030176767676767677,0.6801752464403067,1
0.284,0.09387755102040815,0.0,0.0,0.279296875,0.0,0.28053333333333336,0.2367236723672367,0.0,0.0,0.15279361459521096,0.19725220804710505,0.004249659555152066,0.021788470267816613,0.024684343434343434,0.6367287331142754,1
0.0,0.0,0.0,0.0,0.0,0.0,0.10346666666666667,0.2331233123312331,0.0,0.0,0.0,0.0,0.0,0.0,0.0018308080808080809,0.0,0
0.04000000000000001,0.12244897959183672,0.14814814814814814,0.05502063273727649,0.0,0.14434330299089726,0.11840000000000002,0.17281728172817282,0.009000900090009001,0.26806083650190116,0.37666286583048275,0.19136408243375863,0.001972764412165229,0.02496595551520654,0.0658459595959596,0.7962760131434831,1
0.0,0.0,0.0,0.0,0.0,0.0,0.0,0.0,0.0,0.0,0.0,0.0,0.0002269632319564231,0.00045392646391284613,0.0002525252525252525,0.0,0
0.22400000000000003,0.0,0.0,0.0,0.0,0.0,0.12000000000000001,0.10081008100810082,0.0,0.0,0.23033067274800456,0.0,0.0012346799818429414,0.008170676350431231,0.009027777777777777,0.42570281124497994,1
0.048,0.0,0.0,0.0,0.0234375,0.015604681404421323,0.0064,0.010801080108010801,0.0,0.0,0.0,0.0,0.0012492056286881525,0.018157058556513846,0.030997474747474746,0.04381161007667032,1
0.0,0.0,0.0,0.0,0.0,0.0,0.18666666666666668,0.31503150315031503,0.0,0.0,0.0,0.3194308145240432,0.0001134816159782116,0.0009078529278256922,0.0010732323232323232,0.23767798466593648,0
0.15200000000000002,0.0,0.0,0.05226960110041266,0.1484375,0.0,0.16213333333333335,0.13681368136813682,0.0,0.0,0.2272900038008362,0.08783120706575075,0.003198365864729914,0.03495233772128915,0.01792929292929293,0.4224169404892297,1
0.0,0.0,0.0,0.0,0.0,0.0,0.47573333333333334,0.16021602160216022,0.0,0.0,0.0,0.0,0.0012600998638220605,0.009078529278256923,0.0026515151515151517,0.0,0
0.0,0.0,0.0,0.0,0.0,0.11443433029908971,0.2112,0.27722772277227725,0.0,0.0,0.2542759407069556,0.14573110893032387,0.0024203359055832954,0.03676804357694054,0.010353535353535353,0.35268346111719606,1
0.04000000000000001,0.13877551020408163,0.0,0.006877579092159561,0.091796875,0.0,0.17226666666666668,0.1341134113411341,0.023402340234023402,0.07984790874524715,0.12466742683390347,0.42100098135426894,0.004473899228325012,0.08987743985474353,0.19943181818181818,0.5936473165388829,1
0.0,0.0,0.0,0.0,0.0,0.0,0.11146666666666667,0.046804680468046804,0.0,0.0,0.11744583808437857,0.0,0.0026990467544257828,0.014979573309123922,0.00946969696969697,0.11281489594742607,0
0.0,0.0,0.02222222222222222,0.0,0.0,0.015604681404421323,0.08906666666666667,0.063006300630063,0.0,0.011406844106463879,0.0927404028886355,0.03483807654563297,0.0006645483431684068,0.019064911484339538,0.047285353535353535,0.13691128148959475,1
0.0,0.0,0.0,0.0,0.0,0.0,0.09493333333333334,0.0,0.0,0.0,0.0,0.0,0.0006636404902405812,0.006808896958692692,0.00726010101010101,0.0,0
0.22400000000000003,0.08979591836734693,0.0,0.0,0.0,0.0,0.09546666666666667,0.10081008100810082,0.0,0.08365019011406845,0.14177118966172558,0.09617271835132485,0.0014307762142532908,0.033590558329550615,0.024494949494949493,0.4925155166119022,1
0.0,0.0,0.0,0.07290233837689135,0.103515625,0.0,0.312,0.2871287128712871,0.0,0.0,0.137210186240973,0.0,0.0013045846572855195,0.008170676350431231,0.00486111111111111,0.13179992698064988,1
0.20400000000000001,0.0,0.0,0.0,0.0,0.0,0.0816,0.13771377137713772,0.0,0.0,0.20600532117065756,0.0,0.0008824330458465729,0.008170676350431231,0.009154040404040404,0.38408178167214313,1
0.792,0.0,0.0,0.0,0.0,0.25747724317295184,0.1056,0.05940594059405941,0.0,0.12547528517110268,0.16723679209426076,0.0,0.00034679981842941426,0.0018157058556513845,0.002904040404040404,0.8835341365461847,0
0.0,0.0,0.0,0.0,0.0,0.0,0.030933333333333334,0.052205220522052204,0.0,0.0,0.0,0.0,0.0023168406718111667,0.016341352700862462,0.023484848484848483,0.0,0
0.252,0.2571428571428571,0.0,0.0,0.060546875,0.4135240572171651,0.11840000000000002,0.1719171917191719,0.0,0.05893536121673004,0.020904599011782595,0.24582924435721298,0.0022778029959146617,0.04085338175215615,0.011679292929292928,0.6630156991602776,1
0.0,0.0,0.0,0.0,0.0,0.0,0.032,0.0,0.0,0.0,0.0,0.0,0.0005156604630049932,0.0036314117113027695,0.004292929292929293,0.0,0
0.0,0.0,0.0,0.0,0.203125,0.0,0.1952,0.1881188118811881,0.0,0.0,0.233751425313569,0.02993130520117763,0.0021044030866999544,0.026327734906945077,0.009154040404040404,0.24680540343190943,1
0.0,0.0,0.0,0.0,0.0,0.0,0.0736,0.1242124212421242,0.0,0.0,0.17027746104142913,0.0,0.0004094416704493873,0.004993191103041307,0.002777777777777778,0.16356334428623587,0
0.0,0.0,0.0,0.0,0.10546875,0.0,0.08693333333333333,0.0,0.0,0.0,0.0,0.0,0.003275533363595097,0.01543349977303677,0.026704545454545453,0.0,0
0.0,0.0,0.0,0.0,0.0,0.0,0.0,0.0,0.0,0.0,0.0,0.0,0.00030231502496595546,0.0009078529278256922,0.0006944444444444445,0.0,0
0.31600000000000006,0.21224489795918366,0.0,0.03576341127922972,0.0,0.0,0.0704,0.09450945094509451,0.0,0.09885931558935362,0.12428734321550743,0.0,0.0041298229686790745,0.03177485247389923,0.03566919191919192,0.597663380795911,1
0.136,0.0,0.0,0.09353507565337003,0.0,0.17685305591677503,0.1824,0.24572457245724572,0.0,0.0,0.018244013683010263,0.023552502453385676,0.0003731275533363595,0.006354970494779846,0.005997474747474747,0.15918218327856884,0
0.0,0.0,0.0,0.0,0.0,0.0,0.03466666666666667,0.05850585058505851,0.0,0.0,0.0,0.0,0.0003731275533363595,0.0013617793917385383,0.002967171717171717,0.0,0
0.0,0.0,0.17777777777777776,0.0,0.09375,0.031209362808842647,0.038400000000000004,0.06480648064806481,0.0,0.0,0.0,0.0,0.0019990921470721744,0.03903767589650477,0.01792929292929293,0.17524644030668127,0
0.0,0.0,0.0,0.0,0.0,0.0,0.07200000000000001,0.12151215121512152,0.0,0.0,0.9171417711896617,0.0,0.0021643213799364502,0.016341352700862462,0.00827020202020202,0.8809784592917123,1
0.0,0.0,0.0,0.0,0.025390625,0.0,0.0,0.0,0.05850585058505851,0.024714828897338406,0.0,0.025515210991167814,0.0010576486609169314,0.008624602814344077,0.028093434343434344,0.018985031033223805,0
0.21200000000000002,0.10612244897959183,0.0,0.0,0.0,0.0,0.07093333333333335,0.0,0.023402340234023402,0.0,0.21094640820980617,0.0,0.016577394462097144,0.04811620517476169,0.05587121212121212,0.49105512960934655,1
0.0,0.0,0.0,0.0,0.0,0.0,0.4,0.0,0.0,0.0,0.0,0.0,0.0010367680435769406,0.0018157058556513845,0.0008838383838383839,0.0,0
0.328,0.13469387755102039,0.0,0.09078404401650621,0.064453125,0.020806241872561766,0.14986666666666668,0.0891089108910891,0.0,0.0,0.09578107183580388,0.024533856722276745,0.004783477076713573,0.1584203359055833,0.045454545454545456,0.5301204819277109,1
0.0,0.15918367346938775,0.0,0.0,0.0,0.0,0.041600000000000005,0.0351035103510351,0.0,0.0,0.0,0.0,0.00032137993645029513,0.003177485247389923,0.0025883838383838386,0.14238773274917854,0
0.17200000000000001,0.0,0.0,0.0,0.0,0.2249674902470741,0.022933333333333333,0.0387038703870387,0.11611161116111611,0.0,0.11782592170277462,0.030421982335623165,0.0004330458465728553,0.003177485247389923,0.00404040404040404,0.2928075940124133,1
0.0,0.0,0.0,0.0,0.0,0.0,0.0,0.0,0.0,0.0,0.35841885214747243,0.0,0.001058556513844757,0.0018157058556513845,0.0007575757575757576,0.3442862358525009,0
0.0,0.0,0.0,0.0,0.0,0.0,0.064,0.10801080108010801,0.0,0.0,0.09007981755986318,0.0,0.001437131184748071,0.003177485247389923,0.003851010101010101,0.08652792990142388,0
0.192,0.0,0.0,0.0,0.09375,0.0,0.07680000000000001,0.25922592259225924,0.0,0.09125475285171103,0.11592550361079437,0.1869479882237488,0.0008025419881979118,0.0036314117113027695,0.006123737373737373,0.42570281124497994,0
0.0,0.0,0.0,0.0,0.0,0.0,0.0,0.0,0.0,0.0,0.07715697453439757,0.29931305201177627,0.002844303222877894,0.007262823422605538,0.003851010101010101,0.2968236582694414,1
0.0,0.0,0.0,0.0,0.0,0.0,0.3808,0.0,0.0,0.0,0.0,0.0,0.0,0.0,0.00037878787878787884,0.0,0
0.0,0.12244897959183672,0.0,0.0,0.0,0.0,0.21706666666666669,0.13591359135913592,0.1629162916291629,0.11406844106463879,0.5009502090459902,0.03336604514229637,0.0039046754425783024,0.05855651384475715,0.04880050505050505,0.615553121577218,1
0.0,0.0,0.0,0.08115543328748281,0.0,0.0,0.031466666666666664,0.0,0.0,0.0,0.01976434815659445,0.05152109911678116,0.0017122106218792556,0.011802088061734,0.007954545454545454,0.05732018985031034,1
0.0,0.0,0.0,0.0,0.0,0.0,0.5925333333333334,0.0,0.0,0.0,0.0,0.0,0.0002269632319564231,0.00045392646391284613,0.0002525252525252525,0.0,0
0.0,0.0,0.0,0.19669876203576342,0.0,0.0,0.15306666666666668,0.0423042304230423,0.0,0.0,0.2637780311668567,0.0,0.0060907852927825695,0.07399001361779392,0.015025252525252525,0.25337714494341,1
0.0,0.16326530612244897,0.0,0.0,0.0,0.0,0.064,0.10801080108010801,0.0,0.22813688212927757,0.32497149372862033,0.3895976447497547,0.002861552428506582,0.018157058556513846,0.022222222222222223,0.7480832420591457,1
0.0,0.0,0.0,0.0,0.0,0.0,0.0,0.0,0.0,0.0,0.0,0.05152109911678116,0.0007862006354970495,0.009532455742169769,0.007007575757575758,0.03833515881708653,1
0.0,0.02040816326530612,0.08518518518518518,0.006877579092159561,0.134765625,0.006501950585175552,0.22400000000000003,0.0927092709270927,0.004500450045004501,0.009505703422053233,0.007601672367920943,0.07899901864573113,0.0009922832501134816,0.022696323195642305,0.03377525252525253,0.16830960204454185,1
0.0,0.0,0.0,0.0,0.0,0.0,0.0,0.0,0.0,0.0,0.08209806157354618,0.0,0.0,0.0,0.0010732323232323232,0.07886089813800658,0
0.0,0.0,0.0,0.0,0.0,0.0,0.028800000000000003,0.024302430243024305,0.0,0.0,0.0,0.0,0.0035324557421697682,0.008624602814344077,0.04255050505050505,0.0,0
0.168,0.1714285714285714,0.0,0.0,0.0,0.10923276983094926,0.20213333333333336,0.11341134113411341,0.0,0.0,0.17939946788293423,0.23159960745829247,0.0018157058556513843,0.008170676350431231,0.006755050505050504,0.651332603139832,1
0.21600000000000003,0.0,0.0,0.0,0.0,0.0,0.08746666666666666,0.04860486048604861,0.0,0.0,0.5484606613454961,0.0,0.0008797094870630959,0.006808896958692692,0.008143939393939394,0.723986856516977,1
0.544,0.0,0.0,0.0,0.0,0.0,0.1216,0.4104410441044104,0.0,0.0,0.0,0.0,0.0009369042215161145,0.004993191103041307,0.00789141414141414,0.49653158086893034,1
0.0,0.0,0.0,0.08115543328748281,0.0,0.15344603381014302,0.09440000000000001,0.0,0.0,0.0,0.0,0.0,0.006886972310485702,0.029505220154335,0.015656565656565657,0.0,1
0.0,0.0,0.0,0.0,0.0,0.0,0.05653333333333334,0.09540954095409541,0.0,0.0,0.0,0.0,0.0003631411711302769,0.0013617793917385383,0.0017045454545454547,0.0,0
0.248,0.03265306122448979,0.06296296296296297,0.060522696011004136,0.015625,0.17295188556566968,0.1418666666666667,0.1035103510351035,0.015301530153015303,0.15019011406844107,0.08551881413911061,0.10353287536800786,0.005197458011802088,0.26418520199727646,0.08484848484848485,0.47681635633442865,1
0.0,0.0,0.0,0.0,0.0,0.0,0.14133333333333334,0.029702970297029705,0.0,0.0,0.019384264538198404,0.0,0.0007135724012709942,0.012256014525646846,0.008396464646464647,0.018619934282584884,0
0.1,0.0,0.0,0.034387895460797804,0.0,0.09882964889466839,0.12213333333333334,0.04590459045904591,0.0,0.0,0.1345496009122007,0.0,0.0014462097140263276,0.005901044030867,0.009595959595959595,0.22051843738590726,1
0.0,0.0,0.0,0.0,0.0,0.0,0.11573333333333334,0.0,0.0,0.0,0.2675788673508172,0.0,0.0,0.0,0.0005681818181818182,0.2570281124497992,0
0.0,0.4653061224489795,0.0,0.0,0.0,0.04161248374512353,0.1264,0.10981098109810981,0.0144014401440144,0.0,0.32117065754465984,0.1251226692836114,0.002899682251475261,0.03767589650476623,0.04494949494949495,0.8178167214311793,1
0.0,0.0,0.0,0.1237964236588721,0.17578125,0.0,0.14506666666666668,0.32673267326732675,0.32673267326732675,0.0,0.2941847206385405,0.0,0.0,0.0,0.0010732323232323232,0.28258488499452356,1
0.0,0.24897959183673465,0.07407407407407407,0.0,0.0,0.0,0.1418666666666667,0.18361836183618363,0.018001800180018002,0.2718631178707224,0.11326491828202205,0.0731108930323847,0.009950068088969588,0.1702224239673173,0.057323232323232325,0.45892661555312164,1
0.0,0.0,0.0,0.0,0.0,0.0,0.0,0.0,0.0,0.0,0.0,0.0,0.00038856105310939627,0.0009078529278256922,0.0005681818181818182,0.0,0
0.0,0.0,0.0,0.0,0.0,0.0,0.0,0.0,0.0,0.0,0.0,0.0,0.0015270086246028142,0.005447117566954153,0.0068813131313131305,0.0,0
0.0,0.0,0.0,0.0,0.0,0.0,0.07573333333333333,0.0,0.0,0.0,0.06651463321930824,0.0,0.000749886518384022,0.002723558783477077,0.0025883838383838386,0.06389193136181089,0
0.0,0.0,0.0,0.0,0.0,0.0,0.0,0.11971197119711972,0.0,0.0,0.0862789813759027,0.0,0.0009414434861552428,0.009532455742169769,0.003409090909090909,0.0828769623950347,0
0.0,0.0,0.0,0.0,0.0,0.0,0.024,0.019801980198019802,0.0,0.19391634980988595,0.0,0.015701668302257117,0.0016604630049931912,0.01407172038129823,0.0345959595959596,0.011683096020445418,0
0.068,0.0,0.06296296296296297,0.02338376891334251,0.0,0.1118335500650195,0.009066666666666667,0.0774077407740774,0.0,0.0,0.25275560623337134,0.0407262021589794,0.004806173399909215,0.05946436677258284,0.060732323232323235,0.39722526469514424,1
0.58,0.0,0.0,0.09903713892709767,0.0,0.0,0.0,0.0,0.0,0.0,0.04713036868110985,0.06084396467124633,0.0007090331366318656,0.004993191103041307,0.007133838383838384,0.619934282584885,1
0.0,0.5959183673469387,0.0,0.01788170563961486,0.0,0.0,0.2122666666666667,0.04770477047704771,0.0,0.12547528517110268,0.1573546180159635,0.010304219823356234,0.004498411257376306,0.029051293690422152,0.042045454545454546,0.6918583424607521,1
0.17200000000000001,0.0,0.0,0.05914718019257222,0.083984375,0.05591677503250975,0.09173333333333333,0.0774077407740774,0.0,0.0,0.049030786773090085,0.0,0.004357694053563323,0.020426690876078075,0.00726010101010101,0.20408908360715589,1
0.0,0.23673469387755097,0.0,0.0,0.0,0.07542262678803639,0.0,0.0,0.0,0.0,0.0,0.0,0.0013672265093054923,0.004539264639128461,0.01148989898989899,0.2117561153705732,0
0.0,0.0,0.0,0.0,0.0,0.25747724317295184,0.1584,0.1332133213321332,0.0441044104410441,0.0,0.03078677309007982,0.0,0.0003159328188833409,0.0013617793917385383,0.0035984848484848487,0.029572836801752468,0
0.0,0.0,0.0,0.0,0.0,0.11703511053315993,0.048,0.0,0.0,0.0,0.0,0.0,0.0003849296413980934,0.003177485247389923,0.002904040404040404,0.0,0
0.0,0.0,0.0,0.0,0.0,0.0,0.0,0.12241224122412242,0.0,0.0,0.0,0.0,0.002768951429868361,0.022696323195642305,0.00505050505050505,0.0,0
0.24,0.0,0.0,0.0,0.0,0.0,0.096,0.10801080108010801,0.0,0.0,0.3105283162295705,0.0,0.0007780299591466183,0.006354970494779846,0.002398989898989899,0.5173420956553486,0
0.0,0.0,0.0,0.0,0.0,0.0,0.10666666666666667,0.0,0.0,0.0,0.0,0.0,0.0013862914207898322,0.02088061733999092,0.005681818181818181,0.0,0
0.892,0.0,0.0,0.0,0.0,0.0,0.07946666666666667,0.0,0.0666066606660666,0.0,0.04142911440516914,0.0,0.001146618247843849,0.01044030866999546,0.005366161616161616,0.8539612997444324,1
0.0,0.0,0.0,0.0,0.0,0.014304291287386214,0.005866666666666667,0.0,0.0,0.0,0.0,0.0,0.000578302315024966,0.007716749886518385,0.032196969696969696,0.0,0
0.0,0.0,0.4888888888888889,0.0,0.0,0.0,0.05600000000000001,0.023402340234023402,0.0,0.0,0.06651463321930824,0.021099116781158,0.0066009986382206095,0.03086699954607354,0.05580808080808081,0.561518802482658,1
0.0,0.0,0.0,0.0,0.0,0.009102730819245773,0.015466666666666667,0.019801980198019802,0.0,0.14068441064638784,0.0,0.010304219823356234,0.0018429414434861552,0.01997276441216523,0.04450757575757576,0.007667031763417306,0
0.0,0.0,0.0,0.0,0.0,0.023407022106631988,0.22613333333333335,0.12151215121512152,0.0,0.0,0.07145572025845687,0.0,0.0002741715842033591,0.0036314117113027695,0.018686868686868686,0.06863818912011684,0
0.0,0.0,0.0,0.0,0.0,0.0,0.09173333333333333,0.0,0.0,0.0,0.0,0.0,0.000964139809350885,0.003177485247389923,0.00202020202020202,0.0,0
0.0,0.0,0.0,0.0,0.099609375,0.0,0.0,0.0,0.0,0.0,0.0,0.0,0.0005320018157058557,0.0022696323195642307,0.005744949494949495,0.0,0
0.0,0.0,0.0,0.0,0.0,0.0,0.0,0.0,0.0,0.0,0.06499429874572407,0.16781157998037294,0.00255015887426237,0.01044030866999546,0.0049873737373737365,0.18729463307776562,1
0.0,0.0,0.0,0.0,0.0,0.11053315994798438,0.13653333333333334,0.0,0.0,0.0,0.0,0.0,0.0006509305492510214,0.004993191103041307,0.004166666666666667,0.0,0
0.0,0.3224489795918367,0.0,0.10866574965612107,0.076171875,0.0,0.1264,0.2484248424842484,0.0,0.0,0.23261117445838086,0.08979391560353288,0.0015233772128915115,0.005447117566954153,0.0046717171717171714,0.5786783497626872,1
0.0,0.0,0.0,0.0,0.0,0.035110533159947985,0.07306666666666668,0.09810981098109811,0.024302430243024305,0.10266159695817492,0.17939946788293423,0.06280667320902847,0.008966863368134364,0.04176123467998184,0.03358585858585859,0.2190580503833516,1
0.0,0.0,0.0,0.0,0.0,0.010403120936280883,0.2234666666666667,0.1251125112511251,0.0,0.015209125475285173,0.029646522234891677,0.0,0.00010349523377212904,0.0036314117113027695,0.017108585858585858,0.028477546549835708,0
0.0,0.0,0.0,0.0,0.0,0.0,0.06186666666666667,0.034203420342034205,0.0,0.07224334600760457,0.0,0.0,0.0017730367680435766,0.014979573309123922,0.007954545454545454,0.0,0
0.21200000000000002,0.10612244897959183,0.0,0.0,0.0,0.0,0.07093333333333335,0.0,0.023402340234023402,0.0,0.21094640820980617,0.0,0.016577394462097144,0.04811620517476169,0.05587121212121212,0.49105512960934655,1
0.0,0.0,0.0,0.0,0.0,0.0,0.3946666666666667,0.0,0.0,0.0,0.0,0.0,0.0,0.0,0.000505050505050505,0.0,0
0.252,0.0,0.0,0.08665749656121047,0.123046875,0.0,0.06773333333333334,0.22862286228622863,0.0,0.0,0.19042189281641964,0.14720314033366047,0.0013236495687698594,0.009532455742169769,0.007386363636363636,0.5224534501642936,1
0.32400000000000007,0.0,0.0,0.22420907840440166,0.0,0.0,0.21813333333333335,0.0,0.0,0.0,0.4606613454960091,0.0,0.013541534271448026,0.03177485247389923,0.011994949494949494,0.738225629791895,1
0.0,0.0,0.7925925925925926,0.019257221458046772,0.0,0.0,0.15253333333333333,0.18001800180018002,0.0,0.0,0.09160015203344736,0.03532875368007851,0.004755333635950976,0.016341352700862462,0.07752525252525252,0.8955823293172692,1
0.0,0.0,0.0,0.05502063273727649,0.3125,0.05201560468140442,0.21333333333333335,0.18001800180018002,0.10801080108010801,0.0,0.26833903458760927,0.10402355250245339,0.0007607807535179302,0.005447117566954153,0.007133838383838384,0.3351588170865279,1
0.0,0.0,0.0,0.0,0.16015625,0.0,0.0,0.0,0.04590459045904591,0.0,0.0,0.026005888125613347,0.0011112119836586476,0.008170676350431231,0.03617424242424242,0.019350127783862723,0
0.0,0.0,0.0,0.0,0.0,0.07282184655396619,0.18186666666666668,0.1017101710171017,0.0,0.05323193916349811,0.0,0.0,0.0007571493418066273,0.006354970494779846,0.012563131313131312,0.0,0
0.0,0.6897959183673469,0.0,0.0,0.0,0.0,0.09013333333333334,0.0,0.0,0.0,0.0,0.0,6.445755787562414e-05,0.00045392646391284613,0.0008838383838383839,0.6170135085797737,0
0.0,0.0,0.0,0.0,0.0,0.0,0.0,0.39063906390639064,0.0,0.0,0.0,0.0,0.0010213345438039039,0.0022696323195642307,0.00101010101010101,0.0,0
0.0,0.0,0.0,0.0,0.0,0.0,0.0,0.0,0.0,0.0,0.18244013683010263,0.0,0.0009078529278256923,0.002723558783477077,0.0015782828282828283,0.17524644030668127,0
0.0,0.0,0.0,0.0,0.0,0.0,0.0,0.0,0.0,0.0,0.0,0.0,0.0031520653654108035,0.014525646845211076,0.0101010101010101,0.0,0
0.0,0.0,0.0,0.0,0.0,0.0,0.1024,0.0576057605760576,0.0,0.0,0.0,0.0,0.000486609169314571,0.003177485247389923,0.003914141414141413,0.0,0
0.144,0.4489795918367347,0.0,0.15130674002751035,0.359375,0.09492847854356305,0.1376,0.09900990099009901,0.0,0.0,0.16533637400228052,0.030421982335623165,0.0030966863368134356,0.08579210167952792,0.018876262626262626,0.7144943410003651,1
0.336,0.0,0.0,0.0,0.017578125,0.07282184655396619,0.14506666666666668,0.19441944194419444,0.0333033303330333,0.0,0.05397187381223869,0.03483807654563297,0.0008479346345891965,0.008170676350431231,0.024116161616161615,0.384446878422782,0
0.30400000000000005,0.0,0.0,0.0,0.0,0.0,0.050666666666666665,0.1026102610261026,0.017101710171017102,0.036121673003802285,0.10034207525655646,0.0,0.0027716749886518384,0.04176123467998184,0.023989898989898988,0.3738590726542534,1
0.0,0.0,0.0,0.0,0.0,0.0,0.2538666666666667,0.0,0.0,0.0,0.0,0.0,0.0,0.0,0.00012626262626262626,0.0,1
0.1,0.0,0.0,0.0,0.048828125,0.049414824447334194,0.09493333333333334,0.04590459045904591,0.0,0.0,0.0,0.018645731108930325,0.0005828415796640944,0.007262823422605538,0.013005050505050504,0.10514786418400876,0
0.0,0.0,0.0,0.028885832187070155,0.0,0.05461638491547463,0.0224,0.0576057605760576,0.0,0.0,0.011782592170277462,0.6226692836113837,0.010909668633681344,0.082614616432138,0.09362373737373739,0.47462577583059506,1
0.0,0.0,0.0,0.0,0.0,0.0,0.0,0.0,0.0,0.18821292775665402,0.0,0.0,0.0016559237403540625,0.012709940989559692,0.0101010101010101,0.0,0
0.1,0.03265306122448979,0.06296296296296297,0.034387895460797804,0.015625,0.12093628088426527,0.0864,0.037803780378037805,0.015301530153015303,0.11216730038022814,0.1847206385404789,0.05789990186457312,0.005956423059464367,0.3032228778937812,0.08920454545454547,0.403066812705367,1
0.0,0.0,0.0,0.0,0.09375,0.12483745123537059,0.15360000000000001,0.25922592259225924,0.043204320432043204,0.0,0.03192702394526796,0.16486751717369974,0.001997276441216523,0.004993191103041307,0.0049873737373737365,0.15334063526834613,1
0.0,0.02857142857142857,0.10370370370370371,0.0,0.05468750000000001,0.0,0.22986666666666666,0.0576057605760576,0.0,0.013307984790874527,0.0,0.10107948969578018,0.0006454834316840674,0.0040853381752156154,0.023926767676767675,0.20299379335523918,1
0.0,0.0,0.0,0.0,0.0,0.0,0.1504,0.0,0.0,0.0,0.0,0.0,0.0005292782569223787,0.002723558783477077,0.0035353535353535356,0.0,0
0.0,0.0,0.0,0.0,0.0,0.0,0.1632,0.18361836183618363,0.0,0.0,0.0,0.0,0.00030231502496595546,0.0018157058556513845,0.0017045454545454547,0.0,0
0.0,0.5959183673469387,0.0,0.01788170563961486,0.0,0.0,0.2122666666666667,0.04770477047704771,0.0,0.12547528517110268,0.1573546180159635,0.010304219823356234,0.004498411257376306,0.029051293690422152,0.042045454545454546,0.6918583424607521,1
0.1,0.0,0.0,0.0,0.0,0.0,0.013333333333333334,0.0,0.0,0.047528517110266164,0.016343595591030026,0.0,0.001008624602814344,0.007262823422605538,0.01193181818181818,0.10697334793720335,0
0.0,0.0,0.0,0.0,0.0,0.0,0.0,0.0,0.0,0.0,0.0,0.0,0.0013445301861098502,0.03404448479346346,0.012626262626262626,0.0,0
0.0,0.0,0.0,0.0,0.041015625,0.0,0.0112,0.09540954095409541,0.0,0.039923954372623575,0.06119346256176359,0.0,0.0016459373581479801,0.05447117566954154,0.04558080808080808,0.058780576852866015,0
0.0,0.0,0.0,0.0,0.0,0.0,0.0,0.0,0.0,0.0,0.0,0.0,0.0004539264639128461,0.0018157058556513845,0.0008838383838383839,0.0,0
0.0,0.0,0.0,0.0,0.0,0.18205461638491544,0.37546666666666667,0.0,0.0,0.0,0.20638540478905362,0.0,0.003631411711302769,0.006354970494779846,0.0030934343434343434,0.1982475355969332,1
0.544,0.0,0.0,0.0,0.0,0.0,0.10880000000000001,0.0,0.0,0.0,0.3804637020144432,0.0,0.0032237857467090334,0.01407172038129823,0.00827020202020202,0.8619934282584885,1
0.0,0.0,0.0,0.0,0.0,0.0,0.032,0.10891089108910891,0.0,0.0,0.0,0.0,0.0004857013163867453,0.005447117566954153,0.005366161616161616,0.0,0
0.18000000000000002,0.0,0.0,0.0,0.0,0.0,0.0976,0.45364536453645365,0.04050405040504051,0.0,0.620676548840745,0.12021589793915605,0.0575724012709941,0.3209260099863822,0.04873737373737374,0.8499452354874043,1
0.0,0.0,0.0,0.0,0.0,0.06631989596879063,0.13653333333333334,0.2304230423042304,0.04590459045904591,0.0,0.035727860129228434,0.232090284592738,0.0036659101225601453,0.026781661370857923,0.008207070707070706,0.20700985761226723,1
0.06,0.0,0.05555555555555555,0.020632737276478682,0.0,0.09882964889466839,0.008,0.06840684068406841,0.0,0.0,0.21550741163055873,0.011776251226692838,0.004017249205628688,0.05946436677258284,0.059532828282828285,0.32530120481927716,1
0.0,0.0,0.0,0.0,0.0,0.0,0.08426666666666667,0.010801080108010801,0.0,0.0,0.0,0.0,0.0003931003177485248,0.004993191103041307,0.004734848484848484,0.0,0
0.0,0.0,0.0,0.0,0.0,0.0,0.3290666666666667,0.2214221422142214,0.0,0.0,0.3204104903078677,0.0,0.0009078529278256923,0.008170676350431231,0.006628787878787878,0.307776560788609,1
0.0,0.0,0.0,0.0,0.0,0.0,0.13440000000000002,0.15121512151215122,0.0,0.0,0.0,0.0,0.00027598729005901045,0.0022696323195642307,0.0018308080808080809,0.0,1
0.0,0.0,0.0,0.0,0.0,0.0,0.24213333333333334,0.8181818181818181,0.0,0.0,0.0,0.0,0.0,0.0,0.0002525252525252525,0.0,0
0.0,0.0,0.0,0.0,0.0,0.0,0.0,0.0,0.0,0.0,0.0,0.0,0.0008697231048570131,0.0022696323195642307,0.002904040404040404,0.0,0
0.0,0.0,0.0,0.0,0.0,0.0,0.2538666666666667,0.0,0.0,0.0,0.0,0.0,0.04448479346345892,0.04448479346345892,0.0062499999999999995,0.0,0
0.132,0.0,0.37037037037037035,0.045392022008253104,0.12890625,0.13003901170351104,0.05333333333333334,0.18001800180018002,0.0,0.06273764258555134,0.14139110604332955,0.07801766437684005,0.0008116205174761689,0.005901044030867,0.0101010101010101,0.6794450529390289,1
0.0,0.0,0.0,0.0,0.0,0.0,0.06933333333333334,0.0288028802880288,0.0,0.0,0.056632459141011025,0.0,0.0010694507489786651,0.04811620517476169,0.01534090909090909,0.05439941584519898,0
0.0,0.0,0.0,0.0,0.0,0.0,0.07253333333333334,0.0,0.0,0.0,0.14709236031927025,0.0,0.0004539264639128461,0.006354970494779846,0.00523989898989899,0.14129244249726178,0
0.0,0.0,0.0,0.0,0.0,0.0,0.0,0.0,0.0,0.0,0.0,0.0,0.000604630049931911,0.0009078529278256922,0.0008838383838383839,0.0,0
0.0,0.0,0.0,0.0,0.0,0.0,0.09386666666666667,0.0,0.0,0.0,0.047510452299505894,0.0,0.0006182478438492965,0.0018157058556513845,0.0022727272727272726,0.045637093829864916,0
0.0,0.0,0.0,0.0,0.0,0.0,0.10880000000000001,0.06120612061206121,0.0,0.0,0.0,0.0,0.002565592374035406,0.013163867453472538,0.016603535353535353,0.0,1
0.0,0.0,0.0,0.04951856946354884,0.0,0.0,0.15413333333333334,0.19531953195319532,0.0,0.0,0.0,0.0,0.005161143894689061,0.026781661370857923,0.014709595959595959,0.0,1
0.0,0.3551020408163265,0.0,0.0,0.0,0.0,0.3274666666666667,0.0387038703870387,0.0,0.0817490494296578,0.0,0.07409224730127577,0.003709487063095779,0.014525646845211076,0.007323232323232323,0.3727637824023366,1
0.0,0.0,0.0,0.0,0.0,0.0,0.0,0.0,0.0,0.0,0.0,0.0,0.00047480708125283687,0.0018157058556513845,0.001957070707070707,0.0,0
0.0,0.0,0.0,0.0,0.0,0.0,0.049600000000000005,0.3357335733573357,0.0,0.17680608365019013,0.21322690992018248,0.0,0.001058556513844757,0.009986382206082615,0.00404040404040404,0.20481927710843376,1
0.1,0.14693877551020407,0.0,0.0,0.083984375,0.0026007802340702207,0.17173333333333335,0.1314131413141314,0.025202520252025205,0.0817490494296578,0.12352717597871533,0.3709519136408244,0.0044403086699954615,0.08715388107126645,0.19185606060606059,0.6173786053304127,1
0.0,0.0,0.0,0.0,0.0,0.0,0.12373333333333333,0.10441044104410441,0.0,0.0,0.0,0.0,0.0010213345438039039,0.007262823422605538,0.0031565656565656565,0.0,0
0.0,0.32653061224489793,0.0,0.0,0.0,0.0,0.04266666666666667,0.0,0.0,0.0,0.0,0.13002944062806676,0.00031502496595551524,0.0009078529278256922,0.001893939393939394,0.3888280394304491,0
0.0,0.0,0.0,0.0,0.0,0.0,0.22400000000000003,0.0,0.0,0.0,0.0,0.0,0.0004121652292328643,0.0036314117113027695,0.001957070707070707,0.0,0
0.36400000000000005,0.0,0.0,0.125171939477304,0.0,0.2379713914174252,0.2442666666666667,0.16471647164716471,0.0,0.0,0.17293804637020146,0.0,0.001672265093054925,0.0040853381752156154,0.003345959595959596,0.49835706462212487,1
0.0,0.0,0.0,0.0,0.0,0.0,0.0,0.0,0.0,0.0,0.0,0.0,0.001512482977757603,0.0018157058556513845,0.000946969696969697,0.0,0
0.0,0.0,0.0,0.0,0.0,0.0,0.0224,0.0,0.0,0.0,0.0,0.0,0.0010540172492056288,0.0018157058556513845,0.01849747474747475,0.0,0
0.0,0.0,0.0,0.0,0.0,0.0,0.0,0.0,0.0,0.0,0.0,0.0,0.0001134816159782116,0.00045392646391284613,0.000505050505050505,0.0,0
0.0,0.0,0.0,0.0,0.0,0.0,0.0,0.0,0.0,0.0,0.018624097301406312,0.0,0.0008343168406718112,0.024058102587380847,0.01047979797979798,0.017889740781307048,0
0.0,0.0,0.0,0.0,0.146484375,0.0,0.0,0.0,0.030603060306030605,0.0,0.0,0.026005888125613347,0.0007843849296413982,0.01407172038129823,0.05738636363636364,0.019350127783862723,1
0.0,0.07755102040816325,0.0,0.02613480055020633,0.0,0.024707412223667097,0.12586666666666665,0.1062106210621062,0.0,0.0,0.05777270999619916,0.0,0.00032410349523377213,0.008170676350431231,0.00928030303030303,0.1248630887185104,1
0.08800000000000001,0.08979591836734693,0.0,0.0,0.0,0.0,0.07200000000000001,0.10081008100810082,0.0,0.12737642585551331,0.049030786773090085,0.09470068694798824,0.0056813436223331825,0.03177485247389923,0.03888888888888889,0.27820372398685655,1
0.0,0.0,0.0,0.0,0.0,0.0,0.14400000000000002,0.24302430243024303,0.0,0.2566539923954373,0.241733181299886,0.0,0.00255015887426237,0.012256014525646846,0.0049873737373737365,0.2322015334063527,1
0.0,0.0,0.0,0.0,0.0,0.0,0.07680000000000001,0.043204320432043204,0.0,0.0,0.028126187761307486,0.0,0.0013926463912846115,0.007716749886518385,0.011616161616161616,0.02701715954728003,0
0.0,0.0,0.0,0.0,0.0,0.0,0.031466666666666664,0.0531053105310531,0.0,0.0,0.0,0.0,0.000749886518384022,0.003177485247389923,0.0025883838383838386,0.0,0
0.0,0.0,0.0,0.0,0.0,0.0,0.25866666666666666,0.0,0.0,0.0,0.0,0.0,0.00217067635043123,0.02088061733999092,0.00486111111111111,0.0,0
0.23199999999999998,0.03673469387755102,0.0,0.01237964236588721,0.169921875,0.024707412223667097,0.17120000000000002,0.21872187218721872,0.0,0.055133079847908745,0.02280501710376283,0.02208047105004907,0.0005419881979119382,0.008624602814344077,0.020707070707070705,0.28294998174516245,1
0.0,0.12244897959183672,0.0,0.0,0.0,0.09752925877763327,0.08053333333333335,0.04050405040504051,0.0,0.0,0.0330672748004561,0.0,0.0004902405810258739,0.007716749886518385,0.013068181818181817,0.14129244249726178,1
0.0,0.0,0.0,0.0,0.0,0.0,0.0,0.0,0.0,0.0,0.0,0.0,0.0004539264639128461,0.0009078529278256922,0.00031565656565656563,0.0,0
0.0,0.0,0.0,0.0,0.0,0.0,0.23146666666666668,0.0,0.0,0.0,0.21436716077537057,0.0,0.0,0.0,0.0008207070707070708,0.2059145673603505,0
0.0,0.0,0.0,0.0,0.0,0.0,0.0,0.0,0.0,0.0,0.0,0.0,0.0,0.0,0.0001893939393939394,0.0,0
0.0,0.0,0.0,0.0,0.0,0.0,0.11146666666666667,0.0,0.0,0.0,0.0,0.0,0.0007035860190649114,0.0018157058556513845,0.004419191919191919,0.0,0
0.0,0.0,0.0,0.0,0.0,0.0,0.1776,0.0,0.0,0.0,0.0,0.0,0.0006808896958692693,0.0009078529278256922,0.0008207070707070708,0.0,0
0.236,0.024489795918367342,0.02222222222222222,0.008253094910591473,0.037109375,0.04291287386215865,0.18666666666666668,0.13681368136813682,0.029702970297029705,0.13688212927756654,0.03838844545800076,0.04955839057899903,0.0030848842487517015,0.035406264185202,0.0807449494949495,0.3329682365826944,1
0.128,0.13061224489795917,0.0,0.04401650618982119,0.0625,0.0,0.1216,0.2925292529252925,0.0288028802880288,0.0,0.0,0.0814524043179588,0.00044847934634589207,0.0040853381752156154,0.008712121212121211,0.294267981014969,1
0.0,0.0,0.0,0.0,0.0,0.0,0.012266666666666669,0.0,0.0,0.0,0.0,0.0,0.00037403540626418515,0.0036314117113027695,0.005555555555555555,0.0,0
0.0,0.0,0.0,0.0,0.0,0.0,0.0,0.0,0.0,0.0,0.0,0.0,0.0016904221516114391,0.006354970494779846,0.005176767676767676,0.0,0
0.0,0.0,0.0,0.0,0.0,0.0,0.4101333333333334,0.0,0.0,0.0,0.0,0.0,0.00025873808443032233,0.00045392646391284613,0.000505050505050505,0.0,0
0.12,0.0,0.0,0.0,0.0,0.11703511053315993,0.1936,0.054005400540054004,0.0,0.0,0.0330672748004561,0.0,0.0015796640944167046,0.028597367226509306,0.00928030303030303,0.14129244249726178,0
0.0,0.0,0.0,0.22145804676753789,0.0,0.0,0.17173333333333335,0.0,0.0,0.0,0.08741923223109085,0.0,0.0035778483885610534,0.026781661370857923,0.00523989898989899,0.08397225264695145,1
0.0,0.0,0.0,0.0,0.0,0.0,0.0,0.0,0.2646264626462646,0.0,0.0,0.0,0.012256014525646846,0.01861098502042669,0.005429292929292929,0.0,1
0.0,0.0,0.0,0.15680880330123798,0.0,0.0,0.12213333333333334,0.20612061206120613,0.0,0.0,0.0,0.0,0.0002060826146164323,0.0022696323195642307,0.0016414141414141414,0.0,1
0.0,0.0,0.0,0.0,0.0,0.0,0.0,0.0,0.0,0.0,0.0,0.0,0.00032955061280072636,0.0018157058556513845,0.0018308080808080809,0.0,0
0.0,0.0,0.0,0.0,0.0,0.0,0.1024,0.0,0.0,0.0,0.0,0.0,0.0011865637766681797,0.0036314117113027695,0.0018308080808080809,0.0,0
0.18000000000000002,0.0,0.0,0.0,0.087890625,0.058517555266579965,0.096,0.12151215121512152,0.0,0.0,0.05245153933865451,0.0,0.004365864729913755,0.020426690876078075,0.007638888888888889,0.2146768893756846,1
0.0,0.0,0.0,0.0,0.0,0.0,0.23680000000000004,0.0,0.0,0.0,0.31660965412390724,0.0,0.0003404448479346346,0.0009078529278256922,0.0006313131313131314,0.3041255932822198,1
0.1,0.048979591836734684,0.09259259259259259,0.016506189821182946,0.0234375,0.0,0.15466666666666667,0.1242124212421242,0.045004500450045004,0.047528517110266164,0.0,0.05839057899901865,0.002864275987290059,0.016795279164775308,0.03194444444444444,0.2698064987221614,1
0.0,0.0,0.0,0.0,0.0,0.0,0.16533333333333336,0.0,0.0,0.0,0.0,0.0,0.0004266908760780754,0.003177485247389923,0.0030934343434343434,0.0,0
0.34400000000000003,0.0,0.0,0.11829436038514445,0.0,0.2249674902470741,0.18506666666666668,0.1557155715571557,0.0,0.0,0.17369821360699356,0.0,0.0015887426236949613,0.0040853381752156154,0.003409090909090909,0.48083242059145676,1
0.0,0.06530612244897958,0.11851851851851851,0.0,0.0625,0.04161248374512353,0.04266666666666667,0.18721872187218722,0.0,0.030418250950570346,0.008361839604713038,0.18498527968596665,0.00264911484339537,0.070812528370404,0.048674242424242425,0.3209200438116101,0
0.0,0.0,0.0,0.0,0.07421875,0.0,0.0112,0.009000900090009001,0.004500450045004501,0.09315589353612168,0.0,0.006869479882237489,0.0024648206990467545,0.04811620517476169,0.08743686868686869,0.005111354508944871,0
0.0,0.0,0.0,0.0,0.0,0.0,0.0,0.0,0.0,0.0,0.0,0.0,0.001520653654108034,0.015887426236949616,0.006186868686868687,0.0,1
0.0,0.0,0.07777777777777777,0.028885832187070155,0.041015625,0.0,0.034133333333333335,0.1539153915391539,0.0,0.0,0.17673888255416192,0.13297350343473996,0.007310031774852474,0.02587380844303223,0.0547979797979798,0.3453815261044177,1
0.0,0.0,0.0,0.0,0.0,0.0,0.16906666666666667,0.2853285328532853,0.0,0.0,0.11326491828202205,0.2929342492639843,0.0021180208806173403,0.004993191103041307,0.0018308080808080809,0.3267615918218328,1
0.0,0.0,0.0,0.0,0.0,0.0,0.0,0.0,0.0,0.0,0.2694792854427974,0.0,0.0009895596913300046,0.0022696323195642307,0.001388888888888889,0.2588535962029938,0
0.0,0.0,0.0,0.0,0.0,0.0,0.0,0.0,0.2871287128712871,0.0,0.07867730900798175,0.10157016683022572,0.0025065819337267365,0.010894235133908307,0.004924242424242424,0.1511500547645126,1
0.6240000000000001,0.0,0.0,0.2145804676753783,0.0,0.0,0.0,0.0,0.0,0.0,0.2922843025465603,0.0,0.0010213345438039039,0.004993191103041307,0.0020833333333333333,0.8503103322380432,1
0.0,0.0,0.0,0.0,0.0,0.0,0.03573333333333334,0.0,0.0,0.0,0.0,0.0,0.0017939173853835678,0.01044030866999546,0.008017676767676767,0.0,0
0.0,0.0,0.0,0.0,0.0,0.0,0.03573333333333334,0.019801980198019802,0.0,0.0,0.0,0.011776251226692838,0.0029260099863822058,0.070812528370404,0.0226010101010101,0.008762322015334063,0
0.0,0.0,0.0,0.0,0.0,0.0,0.0,0.0,0.0,0.0,0.10300266058532878,0.0,0.0018157058556513843,0.007716749886518385,0.004482323232323232,0.09894121942314714,0
0.0,0.0,0.0,0.0,0.0,0.06241872561768529,0.0512,0.0,0.0,0.0,0.05245153933865451,0.0,0.0008951429868361325,0.004539264639128461,0.009217171717171718,0.05038335158817087,0
0.036,0.19999999999999998,0.0,0.0,0.0,0.07672301690507151,0.21813333333333335,0.08010801080108011,0.008100810081008101,0.055133079847908745,0.07221588749524896,0.12119725220804711,0.0012019972764412165,0.008170676350431231,0.02297979797979798,0.3713033953997809,1
0.0,0.0,0.0,0.0,0.0,0.0,0.014933333333333335,0.0,0.0,0.0,0.0,0.0,0.0008697231048570131,0.024512029051293693,0.01193181818181818,0.0,0
0.0,0.0,0.0,0.0,0.197265625,0.0,0.0,0.0,0.0,0.0,0.06157354618015964,0.0,0.0010213345438039039,0.004993191103041307,0.004229797979797979,0.059145673603504936,0
0.15200000000000002,0.1551020408163265,0.0,0.05226960110041266,0.0,0.0,0.18293333333333336,0.20612061206120613,0.034203420342034205,0.0,0.0459901178259217,0.0,0.0009804811620517475,0.004993191103041307,0.006502525252525252,0.32165023731288794,1
0.0,0.0,0.0,0.0,0.0,0.0,0.02826666666666667,0.0,0.0,0.0,0.03420752565564424,0.0,0.0007489786654561961,0.002723558783477077,0.004545454545454545,0.03285870755750274,0
0.0,0.0,0.0,0.0,0.0,0.0,0.0528,0.0,0.021602160216021602,0.0,0.0,0.07850834151128559,0.007544257830231504,0.106218792555606,0.06988636363636365,0.058415480102227094,0
0.0,0.1714285714285714,0.0,0.0,0.0,0.0,0.13440000000000002,0.2646264626462646,0.037803780378037805,0.0,0.049030786773090085,0.09519136408243377,0.0007798456650022697,0.008624602814344077,0.007449494949494949,0.2712668857247171,1
0.0,0.0,0.0,0.0,0.0,0.0,0.0,0.0,0.0,0.0,0.0,0.0,0.0012864275987290058,0.014525646845211076,0.010164141414141414,0.0,1
0.0,0.0,0.0,0.0,0.15234375,0.0,0.0,0.0,0.0,0.0,0.0,0.010794896957801767,0.0013000453926463912,0.01044030866999546,0.034027777777777775,0.008032128514056224,0
0.0,0.0,0.0,0.0,0.0,0.0,0.0,0.0,0.0,0.0,0.06195362979855569,0.15996074582924438,0.0023104857013163866,0.009078529278256923,0.00486111111111111,0.17853231106243156,1
0.0,0.0,0.0,0.09215955983493812,0.0,0.0,0.03573333333333334,0.06030603060306031,0.0,0.0,0.08665906499429875,0.11187438665358196,0.0016768043576940537,0.006808896958692692,0.010542929292929293,0.1664841182913472,1
0.0,0.0,0.0,0.0,0.0,0.16384915474642392,0.0,0.0,0.0,0.0,0.056632459141011025,0.0,0.00038402178847026793,0.0040853381752156154,0.0022727272727272726,0.05439941584519898,0
0.0,0.0,0.0,0.0,0.0,0.0,0.1952,0.046804680468046804,0.0,0.0,0.03420752565564424,0.0,0.0004230594643667725,0.0022696323195642307,0.0027146464646464648,0.03285870755750274,0
0.0,0.0,0.0,0.0,0.0,0.0,0.0,0.0,0.0,0.0,0.5370581527936147,0.0,0.002766227871084884,0.009532455742169769,0.0053030303030303025,0.515881708652793,1
0.0,0.0,0.0,0.0,0.0,0.0,0.07626666666666666,0.0,0.0,0.0,0.06385404789053592,0.0,0.00020699046754425775,0.0018157058556513845,0.0026515151515151517,0.06133625410733845,0
0.0,0.0,0.0,0.0,0.0,0.0,0.017066666666666667,0.0,0.0,0.0,0.0,0.0,0.000807989105764866,0.004539264639128461,0.0086489898989899,0.0,0
0.0,0.0,0.0,0.0,0.0,0.0,0.0,0.0,0.0,0.0,0.06461421512732803,0.1673209028459274,0.00255015887426237,0.01044030866999546,0.0049873737373737365,0.18656443957648777,1
0.43600000000000005,0.0,0.0,0.0,0.21289062500000003,0.0,0.1754666666666667,0.19711971197119713,0.0,0.0,0.1410110224249335,0.0,0.001902859736722651,0.012256014525646846,0.005997474747474747,0.5334063526834611,1
0.0,0.0,0.0,0.0,0.0,0.0,0.0,0.0,0.0,0.0,0.0,0.0,0.002246935996368588,0.002723558783477077,0.008712121212121211,0.0,0
0.0,0.0,0.0,0.0,0.0,0.20676202860858256,0.04853333333333334,0.0,0.0,0.0,0.10832383124287343,0.0,0.0009468906037221973,0.013617793917385384,0.008838383838383838,0.104052573932092,0
0.0,0.17551020408163262,0.0,0.0,0.33984375,0.0,0.046400000000000004,0.0783078307830783,0.0,0.0,0.31736982136069936,0.0,0.0037349069450748978,0.04811620517476169,0.011237373737373737,0.4618473895582329,1
0.0,0.0,0.0,0.0,0.0,0.0,0.4848,0.0,0.0,0.0,0.0,0.0,0.0,0.0,0.0002525252525252525,0.0,0
0.0,0.0,0.0,0.0,0.037109375,0.0,0.21493333333333337,0.207020702070207,0.017101710171017102,0.036121673003802285,0.13264918282022045,0.0,0.004435769405356333,0.047208352246935995,0.019633838383838382,0.12741876597298285,1
0.0,0.0,0.0,0.0,0.0,0.0,0.0,0.0,0.1692169216921692,0.0,0.0,0.0,0.0013163867453472537,0.004539264639128461,0.0030303030303030303,0.0,1
0.0,0.0,0.0,0.0,0.0,0.0,0.0,0.0,0.0,0.0,0.0,0.0,0.0011093962778029958,0.009532455742169769,0.0062499999999999995,0.0,1
0.0,0.0,0.0,0.0,0.0,0.0,0.0,0.0,0.0,0.0,0.0604332953249715,0.0,0.0004085338175215614,0.002723558783477077,0.004608585858585858,0.05805038335158817,0
0.0,0.0,0.0,0.0,0.0,0.0,0.24213333333333334,0.0,0.0,0.0,0.290003800836184,0.0,0.0011093962778029958,0.003177485247389923,0.0011994949494949494,0.27856882073749545,0
0.036,0.07346938775510203,0.06666666666666667,0.10041265474552959,0.0,0.15604681404421325,0.0736,0.0576057605760576,0.008100810081008101,0.15779467680608367,0.16343595591030027,0.06575073601570168,0.006758965047662279,0.31547889241942806,0.0932449494949495,0.37020810514786423,1
0.868,0.0,0.0,0.14855570839064652,0.0,0.07022106631989597,0.17386666666666667,0.09720972097209722,0.0,0.0,0.13188901558342836,0.0,0.0002950522015433499,0.0018157058556513845,0.0032828282828282827,0.91894852135816,1
0.0,0.0,0.0,0.0,0.0,0.18205461638491544,0.37546666666666667,0.0,0.0,0.0,0.20638540478905362,0.0,0.003631411711302769,0.006354970494779846,0.0030934343434343434,0.1982475355969332,1
0.0,0.0,0.0,0.06877579092159561,0.197265625,0.13133940182054615,0.16213333333333335,0.09090909090909091,0.0,0.0,0.0676548840744964,0.0,0.0007190195188379484,0.007262823422605538,0.0059343434343434335,0.06498722161372764,1
0.10400000000000001,0.13877551020408163,0.0,0.006877579092159561,0.0859375,0.0,0.17333333333333334,0.135013501350135,0.023402340234023402,0.08365019011406845,0.12238692512352718,0.3748773307163887,0.004630049931911031,0.08715388107126645,0.19172979797979797,0.6155531215772181,1
0.0,0.0,0.0,0.0,0.0,0.0,0.13653333333333334,0.1152115211521152,0.1152115211521152,0.0,0.07715697453439757,0.0,0.0008679073990013618,0.0040853381752156154,0.002777777777777778,0.07411464037970063,1
0.128,0.13061224489795917,0.0,0.04401650618982119,0.0625,0.0,0.12106666666666667,0.29162916291629165,0.0576057605760576,0.0,0.0,0.08243375858684987,0.00044847934634589207,0.0040853381752156154,0.008712121212121211,0.2949981745162468,1
0.0,0.0,0.0,0.0,0.0,0.0,0.053866666666666674,0.0,0.0,0.0,0.18053971873812238,0.0,0.0005229232864275988,0.006354970494779846,0.0025252525252525255,0.1734209565534867,0
0.0,0.0,0.0,0.0,0.0,0.08062418725617684,0.06666666666666667,0.0,0.0,0.0,0.06423413150893198,0.0,0.0007834770767135723,0.0040853381752156154,0.005113636363636364,0.06170135085797737,0
0.0,0.0,0.0,0.20220082530949107,0.0,0.0,0.0,0.0,0.0,0.0,0.5936906119346257,0.0,0.003631411711302769,0.042669087607807535,0.010669191919191919,0.5702811244979921,1
0.05600000000000001,0.11428571428571428,0.05185185185185186,0.0,0.027343750000000003,0.036410923276983094,0.23146666666666668,0.18901890189018902,0.07560756075607561,0.07984790874524715,0.14481185860889398,0.024533856722276745,0.0012001815705855652,0.006354970494779846,0.013573232323232322,0.3618108798831691,1
0.0,0.0,0.0,0.0,0.0,0.0,0.0,0.0,0.0,0.0,0.0,0.0,0.0029505220154334997,0.012256014525646846,0.014962121212121211,0.0,0
0.0,0.0,0.0,0.0,0.0,0.0,0.0,0.0,0.04950495049504951,0.0,0.0,0.0,0.0029568769859282793,0.025419881979119385,0.027083333333333334,0.0,0
0.0,0.16734693877551018,0.0,0.011004126547455298,0.0,0.0,0.15413333333333334,0.08100810081008102,0.021602160216021602,0.0,0.10300266058532878,0.09371933267909717,0.0035442578302315023,0.11938266000907853,0.042045454545454546,0.3183643665571377,1
0.0,0.0,0.0,0.0,0.0,0.0,0.09493333333333334,0.0,0.0,0.0,0.0,0.0,0.0004539264639128461,0.0036314117113027695,0.0018308080808080809,0.0,0
0.1,0.03265306122448979,0.06296296296296297,0.034387895460797804,0.015625,0.12223667100130037,0.0864,0.037803780378037805,0.015301530153015303,0.11216730038022814,0.16533637400228052,0.05789990186457312,0.005898320472083523,0.3032228778937812,0.0884469696969697,0.384446878422782,1
0.24,0.12244897959183672,0.0,0.027510316368638245,0.0,0.10403120936280884,0.18293333333333336,0.13591359135913592,0.027002700270027002,0.07604562737642587,0.10452299505891298,0.10107948969578018,0.0035615070358601905,0.0463004993191103,0.0648989898989899,0.5041986126323476,1
0.0,0.0,0.0,0.0,0.0,0.0,0.2730666666666667,0.0,0.0,0.0,0.5864690231851007,0.0,0.0016132546527462552,0.0022696323195642307,0.0015151515151515152,0.5633442862358525,1
0.0,0.0,0.0,0.11966987620357636,0.083984375,0.05591677503250975,0.2336,0.11791179117911792,0.0,0.0,0.3880653743823641,0.1069676153091266,0.0021334543803903767,0.026327734906945077,0.008396464646464647,0.452354874041621,1
0.0,0.13469387755102039,0.0,0.0,0.0,0.0,0.10666666666666667,0.029702970297029705,0.0,0.0,0.08513873052071456,0.10991167811579983,0.0004920562868815252,0.006354970494779846,0.006755050505050504,0.28404527199707924,0
0.0,0.0,0.48518518518518516,0.18019257221458052,0.255859375,0.0,0.06986666666666667,0.3546354635463546,0.11791179117911792,0.2490494296577947,0.04446978335233752,0.057409224730127585,0.04312301407172038,0.08397639582387653,0.018308080808080808,0.5637093829864914,1
0.0,0.0,0.0,0.0,0.0,0.0,0.03306666666666667,0.0558055805580558,0.0,0.0,0.0,0.026496565260058884,0.0006091693145710396,0.005447117566954153,0.006691919191919192,0.019715224534501644,0
0.0,0.0,0.0,0.0,0.0,0.0,0.18346666666666667,0.0,0.0,0.0,0.0,0.0,0.0005447117566954154,0.0013617793917385383,0.00044191919191919195,0.0,0
0.0,0.0,0.0,0.0,0.0,0.0,0.14773333333333336,0.0,0.0,0.0,0.0,0.0,0.0,0.0,0.0006944444444444445,0.0,0
0.0,0.0,0.0,0.0,0.0,0.0,0.36746666666666666,0.0,0.0,0.0,0.0,0.0,0.0,0.0,0.00044191919191919195,0.0,0
0.0,0.0,0.0,0.0,0.0,0.0,0.053866666666666674,0.0,0.0,0.0,0.0,0.0,0.00038856105310939627,0.0022696323195642307,0.002462121212121212,0.0,0
0.0,0.0,0.0,0.0,0.0,0.0,0.07146666666666668,0.0,0.0,0.0,0.0,0.0,0.0013000453926463912,0.006354970494779846,0.0056186868686868684,0.0,0
0.0,0.0,0.0,0.0,0.0,0.0,0.10026666666666667,0.0423042304230423,0.0,0.0,0.027366020524515394,0.0,0.0009078529278256923,0.005447117566954153,0.010542929292929293,0.02628696604600219,0
0.31600000000000006,0.0,0.0,0.0,0.30859375,0.0,0.2112,0.1422142214221422,0.0,0.0,0.10186240973014064,0.0,0.0016477530640036315,0.011348161597821153,0.006691919191919192,0.38627236217597666,1
0.0,0.0,0.0,0.1237964236588721,0.0,0.11703511053315993,0.12053333333333333,0.16201620162016203,0.04050405040504051,0.0,0.31166856708475865,0.2011776251226693,0.001312755333635951,0.004993191103041307,0.008585858585858586,0.4490690032858708,1
0.08000000000000002,0.16326530612244897,0.0,0.0,0.0,0.0,0.010666666666666668,0.018001800180018002,0.0,0.038022813688212934,0.31584948688711517,0.1658488714425908,1.0,1.0,0.13914141414141412,0.6458561518802484,1
0.32000000000000006,0.0,0.0,0.0,0.15625,0.0,0.128,0.21602160216021601,0.0,0.0,0.3128088179399468,0.0,0.0016477530640036315,0.012709940989559692,0.006691919191919192,0.5925520262869661,1
0.0,0.0,0.0,0.1348005502063274,0.0,0.0,0.0784,0.2214221422142214,0.0,0.09315589353612168,0.0,0.0,0.0012464820699046755,0.004993191103041307,0.012373737373737374,0.0,1
0.41200000000000003,0.20816326530612242,0.0,0.0,0.0,0.0,0.1930666666666667,0.0927092709270927,0.0,0.0,0.0668947168377043,0.08635917566241413,0.0016032682705401724,0.011348161597821153,0.005176767676767676,0.6907630522088354,1
0.144,0.29795918367346935,0.0,0.0,0.0,0.33289986996098825,0.1562666666666667,0.032403240324032405,0.0657065706570657,0.0,0.0,0.06035328753680079,0.0016831593281888334,0.03041307308216069,0.009848484848484848,0.4428623585250091,0
0.08800000000000001,0.0,0.0,0.0,0.0,0.0,0.18133333333333335,0.1629162916291629,0.0,0.0,0.07563664006081339,0.0,0.0046218792555606,0.03722197004085338,0.033396464646464646,0.1529755385177072,1
0.31600000000000006,0.21224489795918366,0.0,0.03576341127922972,0.0,0.0,0.0704,0.09450945094509451,0.0,0.09885931558935362,0.12390725959711138,0.0,0.0041298229686790745,0.03177485247389923,0.03566919191919192,0.5972982840452721,1
0.23199999999999998,0.0,0.0,0.0,0.0,0.0,0.0,0.0,0.0,0.0,0.0,0.0,0.22696323195642307,0.6749886518384022,0.09501262626262627,0.2117561153705732,0
0.0,0.0,0.0,0.0,0.0,0.0,0.3552,0.0,0.0,0.0,0.0,0.0,0.0,0.0,0.0005681818181818182,0.0,0
0.0,0.0,0.0,0.0,0.0,0.0,0.15306666666666668,0.0774077407740774,0.0,0.0,0.11706575446598252,0.0,0.0001343622333182024,0.0013617793917385383,0.003345959595959596,0.11244979919678716,0
0.0,0.0,0.0,0.0,0.0,0.0,0.0,0.0,0.0,0.0,0.0,0.0,0.0024203359055832954,0.008624602814344077,0.03188131313131313,0.0,0
0.0,0.07755102040816325,0.07037037037037036,0.008253094910591473,0.01171875,0.0,0.20373333333333335,0.2232223222322232,0.0,0.10836501901140684,0.050551121246674276,0.02011776251226693,0.0020789832047208353,0.03313663186563777,0.06496212121212122,0.20226359985396133,1
0.0,0.0,0.0,0.02338376891334251,0.0,0.0,0.0,0.0,0.030603060306030605,0.032319391634980994,0.0,0.0,0.000507489786654562,0.0040853381752156154,0.00909090909090909,0.0,1
0.0,0.0,0.0,0.0,0.0,0.0,0.0,0.0,0.0,0.0,0.6833903458760928,0.0,0.0014661824784384932,0.005447117566954153,0.0020833333333333333,0.6564439576487769,0
0.0,0.0,0.0,0.0,0.0,0.0,0.0,0.0,0.0,0.0,0.0,0.0,0.00025873808443032233,0.00045392646391284613,0.000505050505050505,0.0,0
0.0,0.0,0.0,0.0,0.0,0.0,0.2330666666666667,0.0558055805580558,0.0,0.0,0.0,0.05691854759568205,0.00038039037675896504,0.0018157058556513845,0.0027146464646464648,0.042351223074114645,0
0.404,0.0,0.0,0.045392022008253104,0.0,0.21846553966189852,0.12586666666666665,0.3339333933393339,0.0,0.0,0.02280501710376283,0.029440628066732092,0.17476168860644575,0.4593735814798003,0.07323232323232323,0.4125593282219789,1
0.124,0.0,0.0,0.06327372764786797,0.029296875,0.12093628088426527,0.14026666666666668,0.1809180918091809,0.0,0.0,0.0467502850627138,0.0,0.004782569223785747,0.08851566046300499,0.03832070707070707,0.15808689302665208,1
0.0,0.0,0.0,0.0,0.0,0.0,0.0,0.0,0.0,0.0,0.0,0.0,0.0011139355424421241,0.002723558783477077,0.0030303030303030303,0.0,0
0.22000000000000003,0.0,0.0,0.0,0.0,0.0,0.17653333333333335,0.09900990099009901,0.0,0.0,0.1991638160395287,0.0,0.00020789832047208364,0.002723558783477077,0.0046717171717171714,0.3921139101861994,1
0.052000000000000005,0.10612244897959183,0.0,0.0,0.0,0.0,0.12533333333333335,0.011701170117011701,0.011701170117011701,0.07414448669201522,0.0,0.03336604514229637,0.001576032682705402,0.013163867453472538,0.02948232323232323,0.16721431179262505,1
0.0,0.0,0.0,0.0,0.0,0.0,0.24693333333333334,0.29792979297929795,0.0,0.0,0.0,0.0,0.0026945074897866544,0.014979573309123922,0.007954545454545454,0.0,0
0.0,0.0,0.0,0.0,0.0,0.0,0.1168,0.0,0.0,0.0,0.0,0.0,0.0020916931457103946,0.02088061733999092,0.004734848484848484,0.0,0
0.0,0.0,0.0,0.13204951856946356,0.0,0.12483745123537059,0.2048,0.08640864086408641,0.0,0.0,0.1755986316989738,0.0,0.000283250113481616,0.0022696323195642307,0.0012626262626262627,0.16867469879518074,1
0.0,0.0,0.0,0.0,0.0,0.0,0.0,0.0,0.0,0.0,0.0,0.0,0.0005247389922832501,0.0018157058556513845,0.003724747474747475,0.0,0
0.0,0.03265306122448979,0.0,0.011004126547455298,0.033203125,0.010403120936280883,0.064,0.2853285328532853,0.037803780378037805,0.015209125475285173,0.04104903078677309,0.006378802747791954,0.0027871084884248756,0.021334543803903767,0.03617424242424242,0.07338444687842278,1
0.0,0.03673469387755102,0.0,0.0,0.0,0.0,0.10666666666666667,0.30243024302430244,0.016201620162016202,0.017110266159695818,0.09007981755986318,0.015210991167811582,0.002503858374943259,0.03086699954607354,0.033396464646464646,0.13070463672873311,1
0.0,0.0,0.0,0.0,0.0,0.0,0.0528,0.0,0.0,0.0,0.03458760927404029,0.0,0.0001942805265546982,0.0018157058556513845,0.0031565656565656565,0.03322380430814166,0
0.772,0.0,0.0,0.1595598349381018,0.0,0.049414824447334194,0.12373333333333333,0.10441044104410441,0.0,0.0,0.07525655644241734,0.0,0.007504312301407173,0.15024965955515207,0.035037878787878785,0.7769258853596204,1
0.27999999999999997,0.14285714285714282,0.0,0.09628610729023385,0.0,0.0,0.32,0.1269126912691269,0.0,0.0,0.14481185860889398,0.030912659470068698,0.0009269178393100317,0.004993191103041307,0.0059343434343434335,0.5454545454545454,1
0.148,0.0,0.0,0.0,0.0,0.0,0.019733333333333335,0.0333033303330333,0.0,0.0,0.0,0.0,0.0014916023604176123,0.014979573309123922,0.012121212121212121,0.13508579773640014,0
0.0,0.0,0.0,0.0,0.244140625,0.0,0.16640000000000002,0.0558055805580558,0.0,0.0,0.030406689471683773,0.0,0.001008624602814344,0.007716749886518385,0.0035353535353535356,0.029207740051113547,1
0.18400000000000002,0.0,0.0,0.015130674002751034,0.044921875,0.044213263979193757,0.030933333333333334,0.052205220522052204,0.0,0.06463878326996199,0.12238692512352718,0.04612365063788028,0.0014307762142532908,0.021334543803903767,0.024494949494949493,0.31982475355969336,1
0.0,0.0,0.0,0.0,0.0,0.0,0.0,0.0,0.0,0.0,0.0,0.0,0.0007117566954153428,0.007716749886518385,0.008838383838383838,0.0,0
0.036,0.0,0.0,0.0,0.07421875,0.036410923276983094,0.02026666666666667,0.017101710171017102,0.0,0.0,0.0,0.0,0.0015714934180662732,0.014979573309123922,0.05580808080808081,0.03285870755750274,0
0.0,0.0,0.0,0.0,0.16015625,0.0,0.04373333333333333,0.04050405040504051,0.0,0.0,0.0,0.0,0.000238765320018157,0.0013617793917385383,0.012058080808080808,0.0,0
0.0,0.0,0.0,0.0,0.0,0.0,0.0,0.0,0.0,0.0,0.0,0.0,0.0022696323195642307,0.0036314117113027695,0.0012626262626262627,0.0,0
0.0,0.0,0.0,0.0,0.130859375,0.0,0.16266666666666665,0.1827182718271827,0.0,0.0,0.0,0.0,0.0006191556967771221,0.009078529278256923,0.004292929292929293,0.0,1
0.10400000000000001,0.10612244897959183,0.0,0.0,0.0,0.03381014304291287,0.1872,0.05940594059405941,0.029702970297029705,0.0,0.10566324591410112,0.11285574092247304,0.0026209714026327736,0.017703132092601,0.056628787878787876,0.3753194596568091,1
0.0,0.0,0.0,0.1348005502063274,0.0,0.0,0.0784,0.2214221422142214,0.0,0.09315589353612168,0.0,0.0,0.0012464820699046755,0.004993191103041307,0.012373737373737374,0.0,1
0.0,0.0,0.4444444444444444,0.16506189821182946,0.9394531249999999,0.0,0.128,0.32493249324932494,0.10801080108010801,0.22813688212927757,0.12580767768909162,0.0,0.04463549704947798,0.13345438039037677,0.01893939393939394,0.5589631252281855,1
0.0,0.0,0.0,0.0,0.0,0.0,0.0,0.0,0.0,0.0,0.0,0.0,0.0002269632319564231,0.002723558783477077,0.0053030303030303025,0.0,0
0.0,0.0,0.0,0.0,0.0,0.0,0.0,0.0,0.0,0.0,0.0,0.0,0.0009078529278256923,0.004539264639128461,0.0015782828282828283,0.0,0
0.0,0.0,0.0,0.0,0.0,0.0,0.10986666666666668,0.05040504050405041,0.0,0.0,0.03762827822120867,0.0,0.0004439400817067635,0.004539264639128461,0.008585858585858586,0.03614457831325302,0
0.0,0.1877551020408163,0.0,0.0,0.08984375,0.0,0.18613333333333335,0.1152115211521152,0.009900990099009901,0.17680608365019013,0.08741923223109085,0.06575073601570168,0.002978665456196096,0.064911484339537,0.04128787878787879,0.30083972252646957,1
0.10400000000000001,0.0,0.0,0.0,0.0,0.016905071521456434,0.14133333333333334,0.0351035103510351,0.0,0.0,0.0733561383504371,0.0,0.0019264639128461188,0.031320926009986386,0.035227272727272725,0.16538882803943047,0
0.068,0.0,0.0,0.0,0.0,0.0,0.11946666666666668,0.0927092709270927,0.0,0.06463878326996199,0.0,0.0,0.0017485247389922832,0.021334543803903767,0.020075757575757577,0.06206644760861629,0
0.0,0.0,0.0,0.0,0.0,0.0,0.07253333333333334,0.0,0.0,0.0,0.0,0.0,0.0019446209714026326,0.004539264639128461,0.005492424242424242,0.0,0
0.0,0.38367346938775504,0.0,0.12929848693259974,0.0,0.0,0.25120000000000003,0.0846084608460846,0.0,0.0,0.06195362979855569,0.640333660451423,0.0014262369496141625,0.008624602814344077,0.0022095959595959595,0.8791529755385177,1
0.012,0.07346938775510203,0.0,0.0,0.013671875000000002,0.009102730819245773,0.2336,0.1341134113411341,0.006300630063006301,0.18441064638783272,0.026225769669327256,0.10843964671246321,0.0022024512029051296,0.03222877893781208,0.05164141414141414,0.18254837531945967,1
0.048,0.0,0.0,0.016506189821182946,0.0,0.07802340702210663,0.12853333333333336,0.021602160216021602,0.0,0.0,0.02128468263017864,0.04612365063788028,0.0002233318202451202,0.005901044030867,0.024494949494949493,0.09857612267250823,1
0.0,0.0,0.0,0.14718019257221462,0.0,0.2093628088426528,0.057066666666666675,0.0,0.0,0.0,0.0,0.0,0.001210167952791648,0.005901044030867,0.007449494949494949,0.0,1
0.0,0.0,0.15555555555555553,0.0,0.08203125,0.0,0.0,0.0,0.0,0.0,0.0,0.0,0.0011693145710394912,0.004539264639128461,0.006439393939393939,0.15334063526834613,0
0.0,0.0,0.0,0.0,0.197265625,0.0,0.0,0.0,0.011701170117011701,0.07604562737642587,0.0,0.0814524043179588,0.0016377666817975487,0.01997276441216523,0.03888888888888889,0.060606060606060615,0
0.0,0.4653061224489795,0.0,0.0,0.0,0.04161248374512353,0.1264,0.10981098109810981,0.0144014401440144,0.0,0.32117065754465984,0.1251226692836114,0.002899682251475261,0.03767589650476623,0.04494949494949495,0.8178167214311793,1
0.32400000000000007,0.0,0.0,0.0,0.0,0.0,0.1744,0.1467146714671467,0.0,0.0,0.09806157354618017,0.0,0.0016577394462097142,0.008624602814344077,0.00404040404040404,0.38992332968236587,1
0.10400000000000001,0.13877551020408163,0.0,0.006877579092159561,0.0859375,0.0,0.1728,0.135013501350135,0.023402340234023402,0.08365019011406845,0.12504751045229953,0.38272816486751726,0.004580118020880618,0.08715388107126645,0.19305555555555554,0.6239503468419132,1
0.31200000000000006,0.0,0.0,0.0,0.0,0.0,0.08320000000000001,0.0,0.0,0.14828897338403044,0.0,0.06673209028459275,0.0014707217430776215,0.004539264639128461,0.004734848484848484,0.3344286235852501,0
0.0,0.0,0.0,0.0,0.0,0.0,0.0,0.0,0.0,0.0,0.0,0.0,0.0009950068088969586,0.004993191103041307,0.00404040404040404,0.0,0
0.036,0.0,0.0,0.0,0.037109375,0.07542262678803639,0.07200000000000001,0.034203420342034205,0.0,0.0,0.0,0.022571148184494606,0.0006554698138901497,0.007262823422605538,0.016792929292929294,0.04965315808689303,0
0.0,0.0,0.0,0.0,0.0,0.0,0.21866666666666665,0.2709270927092709,0.032403240324032405,0.0,0.007221588749524895,0.009322865554465163,0.0006482069904675442,0.014979573309123922,0.01130050505050505,0.013873676524278934,1
0.0,0.0,0.0,0.0,0.51953125,0.6931079323797138,0.1418666666666667,0.23942394239423945,0.0,0.0,0.6837704294944889,0.25220804710500494,0.0007471629596005447,0.004539264639128461,0.003851010101010101,0.8444687842278203,1
0.31200000000000006,0.06938775510204082,0.06296296296296297,0.05914718019257222,0.033203125,0.18075422626788032,0.12960000000000002,0.1017101710171017,0.023402340234023402,0.1311787072243346,0.10300266058532878,0.11923454367026498,0.00489786654561961,0.26418520199727646,0.08674242424242425,0.5965680905439942,1
0.0,0.0,0.0,0.0,0.01953125,0.0,0.0112,0.009000900090009001,0.0,0.09885931558935362,0.0,0.006378802747791954,0.0023522469359963686,0.01543349977303677,0.08383838383838385,0.004746257758305951,0
0.0,0.06530612244897958,0.18518518518518517,0.022008253094910595,0.0,0.0,0.13440000000000002,0.13591359135913592,0.0144014401440144,0.0,0.030026605853287727,0.05152109911678116,0.0009078529278256923,0.01407172038129823,0.016351010101010102,0.3081416575392479,1
0.0,0.0,0.0,0.0,0.0,0.0,0.0,0.0,0.0,0.0,0.0,0.0,0.0009477984566500227,0.009532455742169769,0.005744949494949495,0.0,1
0.0,0.0,0.0,0.0,0.0,0.0,0.0864,0.0,0.0,0.0,0.054351957430634736,0.0,4.993191103041302e-05,0.00045392646391284613,0.0011363636363636363,0.05220883534136546,0
0.0,0.0,0.0,0.0,0.0,0.0,0.02026666666666667,0.017101710171017102,0.008100810081008101,0.16539923954372626,0.0,0.012757605495583907,0.002454834316840672,0.021334543803903767,0.04577020202020202,0.009492515516611903,0
0.128,0.13061224489795917,0.0,0.04401650618982119,0.0625,0.0,0.1216,0.2925292529252925,0.0288028802880288,0.0,0.0,0.0814524043179588,0.00044847934634589207,0.0040853381752156154,0.008712121212121211,0.294267981014969,1
0.0,0.0,0.0,0.2888583218707016,0.0,0.0,0.22453333333333333,0.0,0.0,0.0,0.0,0.0,0.0015388107126645483,0.006354970494779846,0.003851010101010101,0.0,1
0.0,0.0,0.0,0.0,0.0,0.0,0.10773333333333335,0.09090909090909091,0.0,0.0,0.0,0.0,0.0007943713118474808,0.004539264639128461,0.002777777777777778,0.0,0
0.0,0.0,0.0,0.0,0.080078125,0.0,0.0,0.0,0.0,0.0,0.0,0.021099116781158,0.0011547889241942805,0.01044030866999546,0.03308080808080808,0.01569916027747353,0
0.0,0.0,0.0,0.0,0.0,0.0,0.0,0.0,0.0,0.0,0.0,0.0,0.0027725828415796645,0.008170676350431231,0.018623737373737372,0.0,0
0.0,0.0,0.0,0.0,0.138671875,0.09232769830949283,0.15200000000000002,0.22502250225022502,0.0315031503150315,0.0,0.08855948308627899,0.11432777232580964,0.002191556967771221,0.010894235133908307,0.008775252525252525,0.17013508579773642,1
0.020000000000000004,0.0,0.07407407407407407,0.0,0.01953125,0.049414824447334194,0.0037333333333333337,0.015301530153015303,0.004500450045004501,0.0,0.04256936526035728,0.008832188420019628,0.002652746255106673,0.22151611438946892,0.20643939393939392,0.13873676524278936,1
0.012,0.0,0.0,0.0,0.009765625,0.003901170351105331,0.006933333333333334,0.013501350135013501,0.0027002700270027003,0.005703422053231939,0.0007601672367920944,0.0024533856722276748,0.0010376758965047659,0.04811620517476169,0.1999368686868687,0.013508579773640015,0
0.0,0.0,0.0,0.09353507565337003,0.1328125,0.08842652795838751,0.14506666666666668,0.12241224122412242,0.0,0.0,0.0,0.054465161923454374,0.005073082160689969,0.03041307308216069,0.007007575757575758,0.040525739320920046,1
0.34,0.0,0.0,0.0,0.0,0.11053315994798438,0.2506666666666667,0.0765076507650765,0.0,0.0,0.0,0.04023552502453386,0.005601452564684521,0.01861098502042669,0.01849747474747475,0.3402701715954728,1
0.0,0.23265306122448975,0.0,0.07840440165061899,0.0,0.07412223667100129,0.2464,0.1035103510351035,0.0,0.0,0.19688331432915243,0.0,0.008276895142986837,0.014525646845211076,0.010795454545454546,0.39722526469514424,1
0.0,0.0,0.0,0.0,0.0,0.0,0.1568,0.0,0.0,0.0,0.0,0.0,0.0,0.0,0.00037878787878787884,0.0,0
0.0,0.0,0.0,0.0,0.0,0.0,0.009066666666666667,0.0,0.0,0.0,0.0,0.0,0.0034571039491602357,0.008624602814344077,0.03787878787878788,0.0,0
0.0,0.0,0.0,0.0,0.0,0.31989596879063714,0.0656,0.1107110711071107,0.0,0.0,0.10566324591410112,0.0,0.0006681797548797095,0.0040853381752156154,0.004103535353535353,0.10149689667761959,0
0.0,0.0,0.0,0.0,0.0,0.07932379713914173,0.09866666666666668,0.0,0.0,0.0,0.0,0.0,0.000604630049931911,0.005447117566954153,0.0043560606060606055,0.0,0
0.0,0.0,0.0,0.0,0.0,0.0,0.21493333333333337,0.0,0.0,0.0,0.33257316609654125,0.0,0.004539264639128461,0.021334543803903767,0.0086489898989899,0.3194596568090544,1
0.0,0.0,0.0,0.0,0.0,0.006501950585175552,0.010666666666666668,0.013501350135013501,0.0,0.10456273764258557,0.0,0.006869479882237489,0.0017067635043123012,0.01997276441216523,0.06811868686868687,0.005111354508944871,0
0.1,0.14693877551020407,0.0,0.0,0.083984375,0.0026007802340702207,0.17173333333333335,0.1314131413141314,0.025202520252025205,0.0817490494296578,0.12352717597871533,0.3709519136408244,0.0044403086699954615,0.08715388107126645,0.19185606060606059,0.6173786053304127,1
0.588,0.0,0.0,0.20220082530949107,0.287109375,0.0,0.0,0.1323132313231323,0.0,0.0,0.19308247814519194,0.0829244357212954,0.008738084430322288,0.06309577848388562,0.010669191919191919,0.7838627236217599,1
0.0,0.0,0.0,0.0,0.0,0.0,0.0,0.0,0.0,0.0,0.35157734701634363,0.0,0.0002723558783477078,0.0013617793917385383,0.0007575757575757576,0.33771449434100037,0
0.0,0.0,0.0,0.16918844566712518,0.240234375,0.0,0.0,0.0,0.0,0.0,0.15317369821360702,0.0,0.0009487063095778484,0.0022696323195642307,0.002777777777777778,0.1471339905074845,0
0.0,0.0,0.0,0.0,0.0,0.0,0.09813333333333335,0.16561656165616562,0.0,0.0,0.0,0.0,0.0004321379936450294,0.003177485247389923,0.003851010101010101,0.0,0
0.0,0.0,0.0,0.0,0.0,0.0,0.11306666666666668,0.19081908190819083,0.0,0.0,0.0,0.0,0.002829777576032683,0.02088061733999092,0.0043560606060606055,0.0,0
0.0,0.0,0.0,0.0,0.0,0.0,0.0,0.0,0.0,0.0,0.14215127328012164,0.0,0.0003404448479346346,0.0018157058556513845,0.0013257575757575758,0.13654618473895583,0
0.572,0.2897959183673469,0.0,0.0,0.0,0.0,0.22986666666666666,0.12871287128712872,0.0639063906390639,0.0,0.05017103762827823,0.0,0.0012001815705855652,0.006808896958692692,0.004482323232323232,0.8294998174516246,1
0.13999999999999999,0.6122448979591836,0.0962962962962963,0.011004126547455298,0.015625,0.0,0.22186666666666668,0.1989198919891989,0.0072007200720072,0.18441064638783272,0.12884834663626,0.07948969578017666,0.002847934634589196,0.03313663186563777,0.047474747474747475,0.9532676159182184,1
0.0,0.0,0.0,0.0,0.0,0.0,0.25973333333333337,0.0,0.0,0.0,0.0,0.0,0.00041852019972764417,0.0018157058556513845,0.0011363636363636363,0.0,0
0.0,0.0,0.0,0.0,0.0,0.0,0.049066666666666675,0.041404140414041404,0.0,0.0,0.0,0.0,0.00046300499319110297,0.0040853381752156154,0.004608585858585858,0.0,0
1.0,0.0,0.0,0.171939477303989,0.0,0.1625487646293888,0.26666666666666666,0.11251125112511251,0.0,0.0,0.08475864690231852,0.0,0.0012256014525646847,0.012709940989559692,0.008396464646464647,0.9941584519897773,1
0.0,0.0,0.0,0.0,0.0,0.0,0.18506666666666668,0.1557155715571557,0.0,0.0,0.2938046370201445,0.0,0.0,0.0,0.00101010101010101,0.28221978824388466,0
0.0,0.06530612244897958,0.18148148148148147,0.022008253094910595,0.0,0.0,0.13173333333333334,0.1332133213321332,0.0144014401440144,0.0,0.02888635499809958,0.04955839057899903,0.0009350885156604629,0.01407172038129823,0.016603535353535353,0.30193501277838625,1
0.32000000000000006,0.0,0.0,0.11004126547455298,0.15625,0.10403120936280884,0.08533333333333334,0.14401440144014402,0.0,0.0,0.10224249334853669,0.0,0.0019201089423513391,0.008170676350431231,0.00505050505050505,0.39028842643300476,1
0.0,0.0,0.0,0.11829436038514445,0.0,0.223667100130039,0.04586666666666667,0.0,0.0,0.0,0.0,0.06673209028459275,0.0032147072174307767,0.013617793917385384,0.006818181818181818,0.04965315808689303,1
0.0,0.0,0.0,0.0,0.0,0.006501950585175552,0.016533333333333334,0.013501350135013501,0.0,0.09885931558935362,0.0,0.007360157016683023,0.0015660463004993192,0.016795279164775308,0.07253787878787879,0.00547645125958379,0
0.0,0.0,0.0,0.0,0.0,0.0,0.04266666666666667,0.0,0.0,0.0,0.0,0.0,0.0008170676350431229,0.006354970494779846,0.0035353535353535356,0.0,0
0.032,0.0,0.0,0.0,0.05078125,0.0,0.09333333333333334,0.1026102610261026,0.0072007200720072,0.015209125475285173,0.01444317749904979,0.0,0.0005991829323649568,0.008624602814344077,0.04071969696969697,0.04308141657539248,0
0.0,0.0,0.0,0.0,0.0,0.0,0.0,0.0,0.0,0.0,0.0,0.0,0.0011093962778029958,0.009532455742169769,0.0062499999999999995,0.0,1
0.6440000000000001,0.0,0.0,0.0,0.0,0.0,0.0,0.0,0.0,0.0,0.09045990117825922,0.0,0.0030258738084430327,0.004539264639128461,0.006502525252525252,0.674698795180723,1
0.0,0.0,0.0,0.0,0.0,0.0,0.0,0.0,0.0,0.0,0.0,0.0,0.00013890149795733095,0.0009078529278256922,0.0008838383838383839,0.0,0
0.22400000000000003,0.0,0.0,0.0,0.0,0.0,0.12000000000000001,0.10081008100810082,0.0,0.0,0.233751425313569,0.0,0.001273717657739446,0.008170676350431231,0.008585858585858586,0.4289886820007302,1
0.0,0.0,0.0,0.0,0.0,0.0,0.18773333333333334,0.14401440144014402,0.0,0.0,0.04865070315469404,0.0,0.0005928279618701771,0.0018157058556513845,0.005366161616161616,0.046732384081781674,0
0.0,0.0,0.0,0.0,0.0,0.0,0.0,0.0,0.0,0.0,0.0,0.0,0.0006482069904675442,0.0022696323195642307,0.0006944444444444445,0.0,0
0.0,0.0,0.0,0.0,0.0,0.0,0.17973333333333336,0.20162016201620164,0.10081008100810082,0.0,0.0,0.0,0.0009078529278256923,0.0018157058556513845,0.0027146464646464648,0.0,0
0.0,0.0,0.0,0.0,0.0,0.0,0.22666666666666668,0.19081908190819083,0.0,0.0,0.0,0.0,0.003177485247389923,0.011348161597821153,0.002777777777777778,0.0,1
0.272,0.0,0.0,0.04676753782668502,0.0,0.17815344603381014,0.05493333333333334,0.0927092709270927,0.0,0.0,0.0,0.0,0.0019346345891965498,0.005447117566954153,0.007449494949494949,0.24826579043446517,1
0.0,0.0,0.0,0.1141678129298487,0.0,0.1898569570871261,0.05546666666666667,0.018001800180018002,0.0,0.038022813688212934,0.06917521854808058,0.07163886162904809,0.002533817521561507,0.011348161597821153,0.022916666666666665,0.11975173420956553,1
0.0,0.0,0.0,0.0,0.0,0.0,0.0,0.0,0.0,0.0,0.0,0.0,0.0004947798456650022,0.0022696323195642307,0.00101010101010101,0.0,0
0.0,0.0,0.0,0.0,0.027343750000000003,0.0,0.0,0.026102610261026102,0.0,0.0,0.0,0.0,0.001177485247389923,0.020426690876078075,0.042866161616161615,0.0,0
0.0,0.0,0.0,0.0,0.0,0.0,0.037333333333333336,0.0,0.0,0.0,0.0,0.04661432777232582,0.0006246028143440761,0.004539264639128461,0.006439393939393939,0.03468419131069734,0
0.0,0.0,0.0,0.0,0.0,0.0,0.1802666666666667,0.15211521152115212,0.0,0.0,0.0,0.309126594700687,0.0018910576486609169,0.004993191103041307,0.0022727272727272726,0.2300109529025192,0
0.0,0.0,0.0,0.0,0.0,0.0,0.049600000000000005,0.3357335733573357,0.0,0.17680608365019013,0.2037248194602813,0.0,0.001058556513844757,0.009986382206082615,0.00404040404040404,0.19569185834246078,1
0.0,0.0,0.0,0.0,0.0,0.0,0.13226666666666667,0.1791179117911791,0.0,0.0,0.1353097681489928,0.0,0.008502950522015433,0.028597367226509306,0.019570707070707072,0.12997444322745527,1
0.31200000000000006,0.0,0.0,0.0,0.15234375,0.0,0.08320000000000001,0.2106210621062106,0.0,0.0,0.30102622576966936,0.16633954857703634,0.0014770767135724012,0.009532455742169769,0.00707070707070707,0.6976998904709748,1
0.0,0.0,0.0,0.0,0.0,0.0,0.13653333333333334,0.0,0.0,0.0,0.1797795515013303,0.0,0.0013200181570585568,0.006354970494779846,0.0016414141414141414,0.17269076305220885,0
0.064,0.0,0.0,0.0,0.0,0.0,0.12960000000000002,0.0288028802880288,0.0,0.0,0.031166856708475868,0.0,0.0006391284611892873,0.02088061733999092,0.01047979797979798,0.08835341365461848,0
0.0,0.0,0.0,0.0,0.0,0.0,0.0,0.0,0.0,0.0,0.0,0.0,0.0006808896958692693,0.0009078529278256922,0.0012626262626262627,0.0,0
0.196,0.0,0.0,0.03301237964236589,0.193359375,0.031209362808842647,0.21280000000000002,0.1791179117911791,0.0441044104410441,0.0,0.11972633979475486,0.017173699705593723,0.0027880163413527004,0.026781661370857923,0.014330808080808081,0.30668127053669225,1
0.084,0.2204081632653061,0.0,0.0,0.083984375,0.003901170351105331,0.1616,0.12151215121512152,0.016201620162016202,0.10266159695817492,0.16837704294944889,0.2502453385672228,0.00507489786654562,0.33499773036768044,0.14722222222222223,0.6217597663380796,1
0.0,0.0,0.03333333333333333,0.0,0.072265625,0.0,0.0,0.0,0.008100810081008101,0.0,0.0,0.0,0.0011593281888334092,0.011802088061734,0.03516414141414141,0.03285870755750274,0
0.0,0.11836734693877549,0.2518518518518519,0.02613480055020633,0.0,0.1521456436931079,0.1978666666666667,0.15751575157515751,0.08730873087308731,0.16539923954372626,0.15355378183200305,0.10991167811579983,0.002982296867907399,0.021788470267816613,0.05486111111111111,0.583424607520993,1
0.168,0.0,0.0,0.11691884456671253,0.0,0.16644993498049412,0.18186666666666668,0.153015301530153,0.0,0.0,0.3112884834663626,0.0,0.003486155242850658,0.01861098502042669,0.02285353535353535,0.452354874041621,1
0.128,0.13061224489795917,0.0,0.04401650618982119,0.0625,0.0,0.1216,0.2925292529252925,0.0288028802880288,0.0,0.0,0.07703631010794898,0.00048751702224239665,0.0040853381752156154,0.008964646464646463,0.2909821102592187,1
0.0,0.0,0.0,0.0,0.0,0.05981794538361508,0.049600000000000005,0.0,0.013501350135013501,0.0,0.03610794374762448,0.011285574092247303,0.0560599182932365,0.6827054017249206,0.17424242424242423,0.04308141657539248,1
0.1,0.0,0.0,0.034387895460797804,0.0,0.09882964889466839,0.12213333333333334,0.04590459045904591,0.0,0.0,0.1345496009122007,0.0,0.0014462097140263276,0.005901044030867,0.009595959595959595,0.22051843738590726,1
0.0,0.07346938775510203,0.0,0.0,0.072265625,0.0,0.13013333333333335,0.08370837083708371,0.016201620162016202,0.07034220532319392,0.10186240973014064,0.052502453385672235,0.0015415342714480253,0.01861098502042669,0.015782828282828284,0.2026286966046002,1
0.0,0.0,0.0,0.12104539202200827,0.0,0.0,0.046933333333333334,0.0,0.0,0.0,0.0,0.0,0.0005710394916023605,0.0036314117113027695,0.0027146464646464648,0.0,0
0.336,0.0,0.0,0.0,0.05468750000000001,0.5864759427828348,0.13546666666666668,0.22862286228622863,0.025202520252025205,0.0,0.4359559103002661,0.02208047105004907,0.005608715388107127,0.04675442578302315,0.033017676767676765,0.7418765972982841,1
0.0,0.0,0.0,0.09491059147180193,0.0,0.0,0.18613333333333335,0.1251125112511251,0.0,0.0,0.07449638920562525,0.0,0.004630049931911031,0.025419881979119385,0.01148989898989899,0.07155896312522819,1
0.0,0.0,0.0,0.13204951856946356,0.0,0.0,0.15360000000000001,0.25922592259225924,0.0,0.0,0.23413150893196505,0.0,0.0001643213799364503,0.0009078529278256922,0.0007575757575757576,0.22489959839357432,1
0.22400000000000003,0.0,0.0,0.0,0.03515625,0.07282184655396619,0.02986666666666667,0.05040504050405041,0.0,0.0,0.18738122386925124,0.02993130520117763,0.0007934634589196551,0.005447117566954153,0.015909090909090907,0.4067177802117561,1
0.0,0.310204081632653,0.0,0.0,0.048828125,0.0,0.14986666666666668,0.022502250225022502,0.0,0.047528517110266164,0.07943747624477385,0.10255152109911679,0.0016123467998184291,0.033590558329550615,0.013257575757575758,0.43008397225264694,1
0.0,0.0,0.0,0.0,0.0,0.0,0.0,0.0,0.0,0.0,0.0,0.0,0.0008206990467544258,0.004539264639128461,0.0049873737373737365,0.0,0
0.0,0.0,0.0,0.0,0.0,0.0,0.0,0.0,0.0,0.0,0.0,0.0,0.0007380844303222879,0.004539264639128461,0.006691919191919192,0.0,0
0.0,0.0,0.0,0.0,0.0,0.0,0.0,0.0,0.0,0.0,0.3618396047130369,0.0,0.003470721743077622,0.005447117566954153,0.005113636363636364,0.34757210660825116,1
0.04000000000000001,0.04081632653061224,0.07407407407407407,0.06877579092159561,0.0,0.14434330299089726,0.06986666666666667,0.063006300630063,0.0,0.15209125475285173,0.185480805777271,0.07703631010794898,0.006854289605083977,0.3032228778937812,0.08522727272727273,0.38152610441767065,1
0.0,0.0,0.0,0.13755158184319122,0.0,0.0,0.26666666666666666,0.18001800180018002,0.0,0.0,0.04180919802356519,0.0,0.0019773036768043575,0.027689514298683614,0.005555555555555555,0.040160642570281124,1
0.0,0.0,0.0,0.0,0.0,0.0,0.009066666666666667,0.0,0.0,0.0,0.0,0.0,0.003486155242850658,0.008624602814344077,0.03630050505050505,0.0,0
0.08800000000000001,0.0,0.0,0.030261348005502068,0.0,0.0,0.10826666666666666,0.019801980198019802,0.0,0.0,0.24591410110224252,0.0,0.0007889241942805265,0.009078529278256923,0.01351010101010101,0.31653888280394304,1
0.772,0.0,0.0,0.1595598349381018,0.0,0.049414824447334194,0.12373333333333333,0.10441044104410441,0.0,0.0,0.07525655644241734,0.0,0.007504312301407173,0.15024965955515207,0.035037878787878785,0.7769258853596204,1
0.04000000000000001,0.0,0.018518518518518517,0.006877579092159561,0.009765625,0.0,0.037866666666666667,0.041404140414041404,0.004500450045004501,0.009505703422053233,0.011022424933485368,0.010304219823356234,0.0007907399001361779,0.010894235133908307,0.07083333333333335,0.07301935012778386,0
0.0,0.2816326530612244,0.0,0.09491059147180193,0.0,0.0,0.0736,0.18721872187218722,0.0,0.0,0.26643861649562905,0.05691854759568205,0.007064003631411712,0.014979573309123922,0.017676767676767676,0.5502008032128514,1
0.0,0.0,0.0,0.0,0.0,0.0,0.07200000000000001,0.12151215121512152,0.0,0.0,0.9171417711896617,0.0,0.0021643213799364502,0.016341352700862462,0.00827020202020202,0.8809784592917123,1
0.124,0.12653061224489795,0.0,0.04264099037138928,0.060546875,0.0,0.136,0.2871287128712871,0.0279027902790279,0.0,0.0,0.07998037291462219,0.0004675442578302315,0.0040853381752156154,0.009027777777777777,0.2858707557502739,1
0.0,0.0,0.0,0.060522696011004136,0.0,0.057217165149544856,0.09386666666666667,0.19801980198019803,0.0,0.0,0.16343595591030027,0.1756624141315015,0.001273717657739446,0.006808896958692692,0.008585858585858586,0.28769623950346845,1
0.21200000000000002,0.06938775510204082,0.0,0.011004126547455298,0.015625,0.0,0.19093333333333334,0.08010801080108011,0.0,0.06653992395437262,0.1402508551881414,0.0534838076545633,0.003536995006808897,0.053563322741715845,0.08061868686868688,0.43008397225264694,1
0.0,0.0,0.0,0.0,0.015625,0.0,0.046933333333333334,0.05670567056705671,0.026102610261026102,0.015209125475285173,0.016723679209426075,0.025024533856722278,0.0006028143440762597,0.011802088061734,0.07967171717171717,0.03468419131069734,0
0.064,0.13061224489795917,0.0,0.0,0.0,0.0,0.0784,0.1323132313231323,0.0144014401440144,0.0,0.0,0.1422963689892051,0.001141171130276895,0.005447117566954153,0.009911616161616161,0.28112449799196787,1
0.0,0.0,0.4444444444444444,0.16506189821182946,0.9394531249999999,0.0,0.128,0.32493249324932494,0.10801080108010801,0.22813688212927757,0.12580767768909162,0.0,0.04463549704947798,0.13345438039037677,0.01893939393939394,0.5589631252281855,1
0.0,0.0,0.037037037037037035,0.020632737276478682,0.00390625,0.016905071521456434,0.11146666666666667,0.1413141314131413,0.0018001800180018,0.10456273764258557,0.09502090459901179,0.022571148184494606,0.0014244212437585111,0.029505220154335,0.14255050505050504,0.14457831325301207,1
0.0,0.0,0.0,0.0,0.0,0.0,0.04266666666666667,0.0,0.0,0.0,0.04370961611554543,0.0,0.002167952791647753,0.012256014525646846,0.007638888888888889,0.041986126323475724,0
0.028000000000000004,0.02857142857142857,0.02592592592592593,0.0,0.197265625,0.0,0.008,0.0,0.006300630063006301,0.013307984790874527,0.0,0.021099116781158,0.0009196550158874262,0.01044030866999546,0.03630050505050505,0.0923694779116466,0
0.11599999999999999,0.0,0.0,0.0,0.0,0.0,0.2336,0.052205220522052204,0.0,0.0,0.0,0.0,0.0001107580571947346,0.0009078529278256922,0.003409090909090909,0.1058780576852866,0
0.0,0.0,0.0,0.0,0.1015625,0.06762028608582574,0.1408,0.23762376237623764,0.046804680468046804,0.0,0.03610794374762448,0.23307163886162907,0.0036659101225601453,0.026781661370857923,0.008207070707070706,0.208105147864184,1
0.0,0.0,0.0,0.0,0.0,0.0,0.20373333333333335,0.04860486048604861,0.0,0.0,0.1489927784112505,0.0,0.0007526100771674988,0.002723558783477077,0.0046717171717171714,0.14311792625045638,0
0.0,0.0,0.0,0.0,0.0,0.0,0.0,0.0,0.0738073807380738,0.0,0.0,0.0,0.0003576940535633227,0.004993191103041307,0.0032828282828282827,0.0,0
0.0,0.5265306122448979,0.0,0.0,0.0,0.0,0.0688,0.4671467146714672,0.0,0.0,0.0,0.10206084396467126,0.0029323649568769863,0.010894235133908307,0.003409090909090909,0.5469149324571012,1
0.0,0.0,0.0,0.0,0.0,0.0,0.04853333333333334,0.24752475247524752,0.0,0.17300380228136883,0.21550741163055873,0.0,0.001724920562868815,0.012256014525646846,0.005429292929292929,0.20700985761226723,1
0.0,0.0,0.0,0.0,0.0,0.0,0.0,0.0,0.0,0.0,0.0,0.4229636898920511,0.006808896958692692,0.007262823422605538,0.0020833333333333333,0.31471339905074847,1
0.0,0.0,0.0,0.0,0.0,0.0,0.128,0.07200720072007201,0.0,0.0,0.0,0.0,0.0005410803449841128,0.004993191103041307,0.005176767676767676,0.0,0
0.11599999999999999,0.0,0.0,0.0,0.0,0.0,0.20586666666666667,0.026102610261026102,0.0,0.0,0.0,0.0,0.0001997276441216522,0.0022696323195642307,0.003787878787878788,0.1058780576852866,0
0.15200000000000002,0.0,0.14074074074074072,0.15818431911966988,0.0,0.049414824447334194,0.2458666666666667,0.06840684068406841,0.0,0.0,0.1847206385404789,0.1702649656526006,0.000551974580118021,0.0022696323195642307,0.004608585858585858,0.5815991237677984,1
0.0,0.0,0.0,0.0,0.0,0.0,0.015466666666666667,0.0,0.0,0.0,0.00798175598631699,0.0,0.00064911484339537,0.004539264639128461,0.011742424242424242,0.007667031763417306,0
0.0,0.0,0.0,0.11829436038514445,0.0,0.0,0.022933333333333333,0.0,0.0,0.24714828897338406,0.0,0.030912659470068698,0.002993191103041307,0.013163867453472538,0.009974747474747475,0.02300109529025192,1
0.0,0.0,0.0,0.0,0.041015625,0.0,0.06826666666666667,0.0576057605760576,0.0,0.0,0.0,0.047595682041216884,0.0013172945982750793,0.024512029051293693,0.016035353535353535,0.035414384811975175,0
0.0,0.0,0.0,0.0,0.0,0.0,0.0,0.0,0.0,0.0,0.0,0.0,0.0016504766227871085,0.003177485247389923,0.001893939393939394,0.0,0
0.0,0.5346938775510204,0.0,0.0,0.0,0.0,0.06986666666666667,0.4734473447344734,0.0,0.0,0.0,0.10304219823356232,0.003177485247389923,0.010894235133908307,0.003345959595959596,0.5549470609711574,1
0.0,0.0,0.0,0.0,0.380859375,0.0,0.009066666666666667,0.0,0.0315031503150315,0.0,0.0,0.0,0.0009959146618247843,0.005901044030867,0.014898989898989898,0.0,0
0.0,0.0,0.0,0.0,0.0,0.0,0.0,0.0,0.0,0.0,0.08551881413911061,0.0,0.0035460735360871537,0.017249205628688154,0.013257575757575758,0.08214676889375686,1
0.0,0.0,0.0,0.0,0.0,0.0,0.1456,0.0,0.0,0.0,0.02432535157734702,0.0,0.002348615524285066,0.024512029051293693,0.014204545454545454,0.023366192040890837,0
0.0,0.0,0.0,0.0,0.0,0.0,0.0,0.0,0.0,0.0,0.0,0.0,0.0002088061733999093,0.0013617793917385383,0.000946969696969697,0.0,0
0.0,0.0,0.0,0.0,0.0,0.0,0.192,0.0,0.0,0.0,0.0,0.0,0.001058556513844757,0.003177485247389923,0.0032196969696969696,0.0,0
0.0,0.0,0.0,0.0,0.0,0.0,0.0,0.0,0.0,0.0,0.15849486887115166,0.10206084396467126,0.0025528824330458464,0.006808896958692692,0.003787878787878788,0.22818546914932458,1
0.07600000000000001,0.23265306122448975,0.0,0.0,0.083984375,0.06241872561768529,0.18986666666666668,0.07290729072907291,0.004500450045004501,0.06653992395437262,0.10376282782212087,0.07360157016683024,0.005255560599182933,0.08806173399909215,0.20997474747474748,0.4319094560058416,1
0.0,0.11020408163265305,0.0,0.03713892709766163,0.0,0.0,0.13066666666666668,0.12241224122412242,0.09720972097209722,0.0,0.18586088939566706,0.019627085377821398,0.0010177031320926012,0.008170676350431231,0.014267676767676768,0.2917123037604965,1
0.0,0.0,0.0,0.0,0.0,0.0,0.0,0.0,0.0,0.0,0.0,0.0,0.0006808896958692693,0.0013617793917385383,0.0008207070707070708,0.0,0
0.22799999999999998,0.0,0.0,0.0,0.0,0.0,0.16906666666666667,0.025202520252025205,0.0,0.0,0.018624097301406312,0.07212953876349362,9.078529278256926e-05,0.00045392646391284613,0.003409090909090909,0.27966411098941224,0
0.6240000000000001,0.0,0.0,0.2145804676753783,0.0,0.0,0.0,0.0,0.0,0.0,0.2922843025465603,0.0,0.0010213345438039039,0.004993191103041307,0.0020833333333333333,0.8503103322380432,1
0.0,0.0,0.0,0.0,0.0,0.0,0.15093333333333334,0.25472547254725475,0.0,0.0,0.0,0.0,0.008654561960962323,0.029051293690422152,0.009911616161616161,0.0,1
0.0,0.22448979591836735,0.0,0.0,0.0,0.14434330299089726,0.08906666666666667,0.2007200720072007,0.04950495049504951,0.0,0.03344735841885215,0.1732090284592738,0.0014262369496141625,0.004539264639128461,0.006755050505050504,0.36181087988316907,1
0.0,0.0,0.0,0.0,0.0,0.0,0.08693333333333333,0.04860486048604861,0.0,0.0,0.0,0.0,0.00033862914207898325,0.004539264639128461,0.010606060606060605,0.0,0
0.31600000000000006,0.0,0.0,0.0,0.0,0.0,0.08426666666666667,0.0,0.0,0.0,0.1755986316989738,0.0,0.0043513390830685434,0.009532455742169769,0.010542929292929293,0.457101131799927,1
0.08000000000000002,0.0,0.0,0.08390646492434664,0.078125,0.02600780234070221,0.0976,0.10981098109810981,0.036003600360036005,0.0,0.4682630178639301,0.0,0.0028679073990013617,0.06400363141171131,0.018055555555555554,0.5228185469149325,1
0.32000000000000006,0.0,0.14814814814814814,0.05502063273727649,0.0,0.0,0.10666666666666667,0.18001800180018002,0.0,0.0,0.04408969973394147,0.05691854759568205,0.0027762142532909667,0.024058102587380847,0.013005050505050504,0.5228185469149326,1
0.128,0.0,0.0,0.0,0.0,0.16775032509752924,0.0864,0.08730873087308731,0.0,0.0,0.4047890535917902,0.0,0.0026618247843849295,0.02723558783477077,0.018308080808080808,0.5056589996349032,1
0.192,0.0,0.0,0.06602475928473178,0.1875,0.0,0.12853333333333336,0.21692169216921695,0.0,0.0,0.1847206385404789,0.11923454367026498,0.0037494325919201084,0.03495233772128915,0.014835858585858586,0.4414019715224535,1
0.512,0.0,0.0,0.0,0.0,0.0,0.04533333333333334,0.037803780378037805,0.0,0.0,0.0,0.0,0.0013073082160689965,0.004993191103041307,0.009027777777777777,0.46732384081781675,0
0.0,0.0,0.0,0.0,0.0,0.0,0.0304,0.0513051305130513,0.0,0.0,0.0,0.0,0.00012346799818429416,0.0009078529278256922,0.0015151515151515152,0.0,0
0.384,0.0,0.0,0.13204951856946356,0.0,0.0,0.0,0.17281728172817282,0.0,0.0,0.31318890155834284,0.0,0.0018384021788470264,0.029959146618247844,0.007386363636363636,0.651332603139832,1
0.0,0.0,0.0,0.0,0.0,0.03250975292587776,0.0,0.0,0.09000900090009001,0.0,0.0,0.0,0.0008697231048570131,0.011348161597821153,0.020707070707070705,0.0,0
0.0,0.0,0.8555555555555555,0.019257221458046772,0.0,0.0,0.15413333333333334,0.18181818181818182,0.0,0.0,0.10224249334853669,0.039254170755642796,0.012788016341352702,0.03313663186563777,0.07708333333333334,0.9707922599488866,1
0.0,0.14693877551020407,0.0,0.0,0.142578125,0.0,0.1568,0.36363636363636365,0.032403240324032405,0.06844106463878327,0.2481946028126188,0.05789990186457312,0.000481162051747617,0.005447117566954153,0.0046717171717171714,0.4129244249726178,1
0.0,0.0,0.0,0.06189821182943605,0.0,0.0,0.096,0.04050405040504051,0.04050405040504051,0.0,0.07981755986316989,0.0,0.0012419428052655467,0.005901044030867,0.008459595959595959,0.07667031763417306,1
0.192,0.19591836734693874,0.0,0.0,0.0,0.0,0.12960000000000002,0.08730873087308731,0.0,0.0,0.17103762827822122,0.0,0.0001252837040399455,0.0013617793917385383,0.0025252525252525255,0.5147864184008762,0
0.0,0.0,0.0,0.0,0.0,0.0,0.0,0.0,0.0,0.0,0.0,0.0,0.005016795279164776,0.03722197004085338,0.015593434343434343,0.0,0
0.0,0.0,0.0,0.015130674002751034,0.04296875,0.0,0.0,0.0,0.0,0.020912547528517112,0.013302926643861651,0.06084396467124633,0.0008896958692691785,0.005901044030867,0.01919191919191919,0.05805038335158817,1
0.12,0.24489795918367344,0.0,0.0,0.0,0.0,0.14400000000000002,0.10801080108010801,0.0,0.11406844106463879,0.07183580387685291,0.06918547595682041,0.0008461189287335451,0.013617793917385384,0.012626262626262626,0.4490690032858708,1
0.0,0.0,0.0,0.0,0.0,0.0,0.13440000000000002,0.15121512151215122,0.0,0.0,0.0,0.0,0.00027598729005901045,0.0022696323195642307,0.0018308080808080809,0.0,1
0.0,0.0,0.0,0.125171939477304,0.0,0.0,0.34240000000000004,0.0,0.0,0.0,0.0,0.0,0.0008542896050839766,0.004993191103041307,0.00202020202020202,0.0,1
0.34400000000000003,0.13877551020408163,0.06296296296296297,0.011004126547455298,0.06640625,0.0,0.09706666666666668,0.11701170117011701,0.09360936093609361,0.09885931558935362,0.13606993538578488,0.1280667320902846,0.0023186563776668176,0.024058102587380847,0.06186868686868687,0.7261774370208105,1
0.052000000000000005,0.0,0.04814814814814815,0.01788170563961486,0.0,0.1014304291287386,0.020800000000000003,0.046804680468046804,0.0,0.0,0.13911060433295325,0.0,0.005572401270994099,0.06718111665910123,0.0779040404040404,0.2285505658999635,1
0.18000000000000002,0.0,0.0,0.0,0.0,0.0,0.011733333333333333,0.04050405040504051,0.04050405040504051,0.0,0.0,0.0,0.0013345438039037679,0.011802088061734,0.026767676767676767,0.1642935377875137,1
0.0,0.0,0.0,0.0,0.330078125,0.0,0.0,0.0,0.0,0.0,0.15507411630558723,0.0,0.004709033136631866,0.02088061733999092,0.006186868686868687,0.14895947426067907,0
0.0,0.0,0.0,0.0,0.0,0.0,0.17173333333333335,0.0,0.0,0.0,0.20752565564424175,0.0,0.0006808896958692693,0.002723558783477077,0.0008207070707070708,0.19934282584884996,0
0.0,0.0,0.0,0.0,0.0,0.24447334200260074,0.0,0.0,0.0,0.0,0.0,0.0,0.000483885610531094,0.0018157058556513845,0.001388888888888889,0.0,0
0.0,0.0,0.0,0.30536451169188455,0.0,0.0,0.0,0.0,0.19981998199819984,0.0,0.0,0.3263002944062807,0.0032419428052655468,0.010894235133908307,0.003977272727272727,0.24278933917488138,0
0.0,0.0,0.0,0.0,0.09375,0.0,0.0512,0.08640864086408641,0.0,0.0,0.00798175598631699,0.030912659470068698,0.0025320018157058556,0.017249205628688154,0.027209595959595958,0.030668127053669225,0
0.0,0.0,0.0,0.0,0.0,0.0,0.14880000000000002,0.15031503150315031,0.0,0.0,0.0,0.0,0.00035587834770767137,0.0013617793917385383,0.002398989898989899,0.0,0
0.0,0.0,0.0,0.07427785419532326,0.0,0.0,0.1456,0.24572457245724572,0.0,0.10266159695817492,0.5572025845686052,0.126594700686948,0.02758783477076714,0.17748524738992283,0.035606060606060606,0.6294267981014969,1
0.0,0.0,0.0,0.0,0.0,0.0,0.0,0.0,0.0,0.0,0.0,0.0,0.0006681797548797095,0.004993191103041307,0.007828282828282828,0.0,0
0.0,0.0,0.0,0.0,0.0,0.0,0.2538666666666667,0.0,0.0,0.0,0.0,0.0,0.0,0.0,0.00012626262626262626,0.0,1
0.0,0.0,0.0,0.07015130674002752,0.201171875,0.13394018205461636,0.16533333333333336,0.0927092709270927,0.0,0.0,0.06841505131128849,0.0,0.0007017703132092601,0.007262823422605538,0.005871212121212121,0.06571741511500548,1
0.0,0.0,0.0,0.0,0.0,0.08452535760728218,0.0,0.0,0.0,0.0,0.020904599011782595,0.0,0.0006218792555605991,0.0022696323195642307,0.0036616161616161618,0.020080321285140562,0
0.096,0.1714285714285714,0.0,0.0,0.0234375,0.0,0.041600000000000005,0.06480648064806481,0.016201620162016202,0.0,0.016723679209426075,0.012757605495583907,0.0007925556059918294,0.012709940989559692,0.05315656565656566,0.2665206279664111,0
0.032,0.0,0.0,0.005502063273727649,0.0,0.0,0.04106666666666667,0.018001800180018002,0.0036003600360036,0.007604562737642586,0.012542759407069557,0.0,0.0015860190649114843,0.03858374943259192,0.12588383838383838,0.04125593282219789,0
0.0,0.5265306122448979,0.0,0.11829436038514445,0.16796875,0.05591677503250975,0.0688,0.4284428442844284,0.0,0.0,0.34777651083238315,0.0,0.0026246028143440763,0.02088061733999092,0.009027777777777777,0.8050383351588172,1
0.13999999999999999,0.0,0.0,0.0,0.0,0.18205461638491544,0.1312,0.126012601260126,0.0,0.0,0.3409350057012543,0.0,0.0031139355424421237,0.05447117566954154,0.022032828282828282,0.4552756480467324,1
0.0,0.0,0.0,0.0,0.0,0.07932379713914173,0.0,0.0,0.0,0.0,0.0,0.0,0.0010948706309577847,0.008170676350431231,0.008017676767676767,0.0,0
0.0,0.0,0.0,0.08803301237964238,0.0,0.0,0.30933333333333335,0.0576057605760576,0.0,0.0,0.5473204104903079,0.0,0.0017022242396731728,0.009078529278256923,0.0071969696969696965,0.5257393209200438,1
0.0,0.0,0.0,0.0,0.0,0.0,0.05866666666666667,0.0747074707470747,0.0,0.0,0.0,0.0,0.0015651384475714935,0.035406264185202,0.019886363636363636,0.0,0
0.0,0.29387755102040813,0.15185185185185182,0.0,0.0390625,0.2028608582574772,0.09973333333333334,0.0747074707470747,0.0558055805580558,0.11787072243346008,0.20828582288103387,0.09764474975466145,0.012075351793009533,0.31048570131638675,0.0956439393939394,0.6852866009492515,1
0.0,0.0,0.0,0.06602475928473178,0.1875,0.0,0.1792,0.08640864086408641,0.0,0.0,0.06195362979855569,0.0,0.0006318656377666817,0.007262823422605538,0.0059343434343434335,0.05951077035414385,1
0.392,0.0,0.0,0.0,0.037109375,0.0507152145643693,0.031466666666666664,0.0702070207020702,0.017101710171017102,0.0,0.060813378943367545,0.07850834151128559,0.0010240581025873809,0.013617793917385384,0.04602272727272727,0.47462577583059506,1
0.0,0.0,0.0,0.03301237964236589,0.0,0.0,0.04586666666666667,0.021602160216021602,0.0,0.0,0.0,0.0,0.0007271901951883794,0.005447117566954153,0.014267676767676768,0.0,0
0.0,0.0,0.0,0.0,0.0,0.18075422626788032,0.11146666666666667,0.09360936093609361,0.0,0.0,0.29874572405929306,0.0,0.0024766227871084886,0.02723558783477077,0.016414141414141412,0.2869660460021906,1
0.0,0.0,0.0,0.0,0.0,0.0,0.0,0.0,0.0,0.0,0.14861269479285444,0.0,0.00030231502496595546,0.0013617793917385383,0.0011994949494949494,0.14275282949981746,0
0.0,0.0,0.0,0.0,0.0,0.07672301690507151,0.1904,0.1071107110711071,0.0,0.0,0.0,0.0,0.0,0.0,0.001452020202020202,0.0,0
0.0,0.0,0.0,0.04264099037138928,0.0,0.04031209362808842,0.033600000000000005,0.05670567056705671,0.0,0.05893536121673004,0.0,0.0,0.0023123014071720384,0.020426690876078075,0.01628787878787879,0.0,0
0.0,0.0,0.0,0.0,0.0,0.0,0.08586666666666667,0.0,0.0,0.0,0.0,0.0,0.0002269632319564231,0.00045392646391284613,0.0008838383838383839,0.0,0
0.0,0.0,0.0,0.0,0.0,0.0,0.23680000000000004,0.0,0.0,0.0,0.31660965412390724,0.0,0.0003404448479346346,0.0009078529278256922,0.0006313131313131314,0.3041255932822198,1
0.05600000000000001,0.17959183673469387,0.05185185185185186,0.0,0.0,0.018205461638491547,0.12533333333333335,0.07920792079207921,0.0,0.22243346007604564,0.07753705815279362,0.062315996074582936,0.001781207444394008,0.032682705401724924,0.02518939393939394,0.3837166849215043,1
0.15600000000000003,0.0,0.0,0.0,0.0,0.0,0.0528,0.0,0.0,0.0,0.011022424933485368,0.0,0.0001189287335451656,0.004539264639128461,0.009722222222222222,0.1529755385177072,0
0.0,0.0,0.0,0.0,0.0,0.0,0.0,0.0,0.0,0.0,0.2877232991258077,0.0,0.00020154334997730375,0.0013617793917385383,0.0013257575757575758,0.2763782402336619,0
0.0,0.0,0.0,0.0,0.0,0.0,0.0,0.0,0.0,0.0,0.0,0.0,0.002844303222877894,0.011348161597821153,0.007765151515151515,0.0,0
0.0,0.0,0.0,0.11829436038514445,0.0,0.223667100130039,0.04586666666666667,0.0,0.0,0.0,0.0,0.06673209028459275,0.0032147072174307767,0.013617793917385384,0.006818181818181818,0.04965315808689303,1
0.21200000000000002,0.06938775510204082,0.0,0.011004126547455298,0.015625,0.0,0.19093333333333334,0.08010801080108011,0.0,0.06653992395437262,0.1402508551881414,0.0534838076545633,0.003536995006808897,0.053563322741715845,0.08061868686868688,0.43008397225264694,1
0.272,0.0,0.16666666666666666,0.030261348005502068,0.04296875,0.0,0.10933333333333332,0.14311431143114312,0.0,0.0,0.05131128848346637,0.03287536800785084,0.0013617793917385383,0.011802088061734,0.013194444444444444,0.4863088718510406,0
0.27999999999999997,0.14285714285714282,0.0,0.09628610729023385,0.0,0.0,0.32,0.1269126912691269,0.0,0.0,0.14481185860889398,0.030912659470068698,0.0009269178393100317,0.004993191103041307,0.0059343434343434335,0.5454545454545454,1
0.052000000000000005,0.0,0.0,0.0,0.0078125,0.005201560468140441,0.049600000000000005,0.05850585058505851,0.0036003600360036,0.007604562737642586,0.017863930064614217,0.02993130520117763,0.0006227871084884248,0.008624602814344077,0.07468434343434344,0.08689302665206279,0
0.0,0.0,0.0,0.0,0.06640625,0.0,0.07253333333333334,0.0,0.030603060306030605,0.0,0.0,0.0,0.0003822060826146164,0.003177485247389923,0.005681818181818181,0.0,0
0.0,0.0,0.0,0.0,0.123046875,0.0,0.0074666666666666675,0.0,0.0,0.0,0.0,0.0,0.0011348161597821154,0.011348161597821153,0.053914141414141414,0.0,0
0.0,0.0,0.0,0.0,0.0,0.0,0.023466666666666667,0.0,0.0,0.0,0.028126187761307486,0.0,0.0057085792101679534,0.019064911484339538,0.020643939393939395,0.02701715954728003,0
0.052000000000000005,0.0,0.0,0.005502063273727649,0.0078125,0.0,0.06933333333333334,0.1053105310531053,0.0,0.0,0.010262257696693273,0.0029440628066732095,0.0007117566954153428,0.012709940989559692,0.07518939393939394,0.05951077035414385,0
0.0,0.0,0.0,0.0,0.0,0.0,0.011733333333333333,0.0,0.009900990099009901,0.0,0.0,0.015210991167811582,0.0005574216976849752,0.004993191103041307,0.021338383838383837,0.011317999269806499,0
0.0,0.0,0.0,0.0,0.0,0.0,0.21653333333333333,0.14581458145814583,0.0,0.0,0.05093120486507032,0.0,0.00033227417158420336,0.0018157058556513845,0.0025252525252525255,0.048922964585615195,0
0.0,0.0,0.47407407407407404,0.3521320495185695,1.0,0.0,0.13653333333333334,0.4608460846084608,0.1152115211521152,0.24334600760456276,0.20600532117065756,0.0,0.09229777576032683,0.13753971856559238,0.01938131313131313,0.665206279664111,1
0.0,0.0,0.0,0.0,0.22460937499999997,0.0,0.0304,0.0,0.0,0.0,0.0,0.0,0.0004539264639128461,0.0018157058556513845,0.004482323232323232,0.0,0
0.0,0.5224489795918367,0.0,0.0,0.0,0.0,0.06826666666666667,0.576957695769577,0.0,0.0,0.0,0.10009813542688911,0.0037957330912392197,0.010894235133908307,0.0035353535353535356,0.5418035779481563,1
0.0,0.0,0.0,0.0,0.0,0.0,0.1744,0.0,0.0,0.0,0.0,0.0,0.0005065819337267363,0.004539264639128461,0.0032828282828282827,0.0,1
0.0,0.0,0.0,0.0,0.0,0.0,0.0,0.0,0.0,0.0,0.1603952869631319,0.3110893032384691,0.002783477076713572,0.007262823422605538,0.003787878787878788,0.3855421686746988,1
0.0,0.0,0.0,0.0,0.0,0.0,0.296,0.0,0.0,0.0,0.0,0.0,0.0,0.0,6.313131313131313e-05,0.0,0
0.0,0.0,0.0,0.0,0.060546875,0.0,0.14880000000000002,0.13951395139513953,0.0,0.0,0.021664766248574687,0.0,0.0017902859736722652,0.007716749886518385,0.0068813131313131305,0.0208105147864184,1
0.0,0.1714285714285714,0.0,0.05777166437414031,0.0,0.0,0.136,0.19081908190819083,0.0,0.2414448669201521,0.06727480045610035,0.10843964671246321,0.007060372219700408,0.024058102587380847,0.03484848484848485,0.29864914202263604,1
0.0,0.0,0.0,0.0,0.556640625,0.3706111833550065,0.07573333333333333,0.3213321332133213,0.0639063906390639,0.0,0.35385784872671994,0.0,0.010036314117113029,0.05265546981389015,0.013636363636363636,0.3399050748448339,1
0.0,0.5795918367346938,0.0,0.0,0.0,0.0,0.0,0.0,0.0,0.0,0.0,0.0,0.0033790285973672265,0.025419881979119385,0.0053030303030303025,0.5184373859072654,1
0.0,0.0,0.5444444444444444,0.40440165061898214,0.57421875,0.0,0.0,0.39693969396939693,0.1323132313231323,0.279467680608365,0.16153553781832003,0.06918547595682041,0.12619155696777123,0.12619155696777123,0.017613636363636363,0.7433369843008397,1
0.0,0.0,0.0,0.0,0.0,0.0,0.0,0.0,0.0,0.0,0.0,0.0,0.0005674080798910576,0.0036314117113027695,0.0015782828282828283,0.0,0
0.31600000000000006,0.0,0.0,0.0,0.154296875,0.20546163849154744,0.16906666666666667,0.1422142214221422,0.0,0.0,0.10300266058532878,0.06624141315014721,0.0020490240581025874,0.011348161597821153,0.007133838383838384,0.4366557137641476,1
0.0,0.0,0.0,0.0,0.0,0.0,0.037866666666666667,0.0,0.0,0.0,0.0,0.06133464180569186,0.0002469359963685882,0.0013617793917385383,0.0017045454545454547,0.045637093829864916,0
0.0,0.0,0.0,0.0,0.0,0.0,0.0,0.0,0.0,0.0,0.0,0.0,0.00024330458465728554,0.0013617793917385383,0.0032196969696969696,0.0,0
0.22400000000000003,0.0,0.0,0.0,0.10937500000000001,0.0,0.09013333333333334,0.15211521152115212,0.0,0.0,0.34587609274040293,0.13395485770363103,0.0011647753064003628,0.009532455742169769,0.007575757575757575,0.6363636363636365,1
0.17200000000000001,0.0,0.0,0.0,0.0,0.0,0.11573333333333334,0.11701170117011701,0.0,0.0,0.4306347396427214,0.0,0.0001815705855651384,0.0022696323195642307,0.007133838383838384,0.5706462212486308,1
0.0,0.0,0.0,0.0,0.0,0.0,0.08320000000000001,0.0,0.0,0.0,0.0,0.0,0.004399455288243305,0.007262823422605538,0.004734848484848484,0.0,0
0.0,0.0,0.0,0.0,0.0,0.10403120936280884,0.08533333333333334,0.0,0.0,0.15209125475285173,0.0,0.0,0.00015070358601906484,0.00045392646391284613,0.0008207070707070708,0.0,0
0.0,0.0,0.0,0.0,0.0,0.0,0.21333333333333335,0.0,0.0,0.0,0.2329912580767769,0.0,0.0,0.0,0.0008207070707070708,0.22380430814165755,0
0.0,0.0,0.0,0.0,0.0,0.0,0.0,0.0,0.0,0.0,0.0,0.0,0.0011529732183386291,0.006808896958692692,0.00523989898989899,0.0,0
0.0,0.0,0.0,0.0,0.0,0.0,0.050666666666666665,0.0,0.0,0.0,0.0,0.0,0.0010367680435769406,0.0018157058556513845,0.002777777777777778,0.0,0
0.0,0.0,0.0,0.0,0.0,0.0,0.06826666666666667,0.0,0.0,0.0,0.0,0.0,0.0010367680435769406,0.004539264639128461,0.002777777777777778,0.0,0
0.0,0.0,0.5444444444444444,0.20220082530949107,0.57421875,0.0,0.0,0.2646264626462646,0.1323132313231323,0.279467680608365,0.11174458380843785,0.07212953876349362,0.06445755787562416,0.12709940989559693,0.018118686868686867,0.6976998904709748,1
0.2,0.0,0.0,0.0,0.0,0.0,0.13333333333333333,0.135013501350135,0.0,0.0,0.3390345876092741,0.0,0.0009078529278256923,0.008170676350431231,0.010795454545454546,0.5082146768893757,1
0.0,0.0,0.0,0.0,0.0,0.0,0.0,0.0,0.0,0.0,0.0,0.0,0.00015070358601906484,0.00045392646391284613,0.0008207070707070708,0.0,0
0.0,0.0,0.0,0.0,0.0,0.0,0.0,0.0,0.0,0.0,0.0,0.0,0.0027625964593735817,0.012256014525646846,0.011679292929292928,0.0,0
0.0,0.0,0.0,0.0,0.0,0.0,0.07946666666666667,0.0666066606660666,0.0,0.0,0.0,0.0,0.0014589196550158874,0.004993191103041307,0.008333333333333333,0.0,0
0.0,0.20816326530612242,0.0,0.0,0.0,0.0,0.08213333333333334,0.0927092709270927,0.0,0.0,0.30406689471683773,0.08684985279685967,0.0019291874716295958,0.004993191103041307,0.0062499999999999995,0.542898868200073,1
0.13999999999999999,0.0,0.0,0.0,0.0,0.0,0.21013333333333334,0.12871287128712872,0.0,0.0,0.0,0.0,0.006433045846572856,0.06899682251475261,0.011679292929292928,0.12778386272362177,1
0.064,0.26938775510204077,0.0,0.0,0.046875,0.031209362808842647,0.18506666666666668,0.1854185418541854,0.0144014401440144,0.030418250950570346,0.08095781071835804,0.055446516192345446,0.0019518837948252384,0.03404448479346346,0.027777777777777776,0.4184008762322016,1
0.0,0.12244897959183672,0.0,0.0,0.0,0.09752925877763327,0.08053333333333335,0.04050405040504051,0.0,0.0,0.0330672748004561,0.0,0.0004902405810258739,0.007716749886518385,0.013068181818181817,0.14129244249726178,1
0.0,0.0,0.0,0.0,0.0,0.0,0.0,0.0,0.0,0.0,0.0,0.0,0.002019972764412165,0.009532455742169769,0.00808080808080808,0.0,0
0.564,0.0,0.0,0.0,0.275390625,0.0,0.3781333333333334,0.5103510351035103,0.0,0.0,0.0,0.0,0.0028833408987743985,0.019518837948252384,0.008901515151515152,0.5147864184008762,1
0.0,0.0,0.0,0.02613480055020633,0.0,0.011703511053315994,0.010133333333333334,0.008100810081008101,0.0,0.0,0.023185100722158875,0.0,0.002384021788470268,0.019518837948252384,0.062436868686868686,0.02227090178897408,1
0.396,0.0,0.0,0.0,0.046875,0.0,0.13173333333333334,0.0666066606660666,0.021602160216021602,0.0,0.18167996959331054,0.0,0.0016958692691783931,0.019518837948252384,0.010984848484848484,0.5359620299379335,1
0.8880000000000001,0.0,0.0,0.15268225584594228,0.0,0.0,0.1776,0.29972997299729975,0.0,0.0,0.05245153933865451,0.06771344455348383,0.001543349977303677,0.004539264639128461,0.003345959595959596,0.9112814895947426,1
0.272,0.0,0.12592592592592594,0.04676753782668502,0.06640625,0.044213263979193757,0.03626666666666667,0.030603060306030605,0.0,0.0,0.08513873052071456,0.027477919528949957,0.001141171130276895,0.007262823422605538,0.009911616161616161,0.4746257758305951,1
0.0,0.0,0.0,0.0,0.0,0.0,0.0,0.0,0.09720972097209722,0.0,0.072595971113645,0.18792934249263987,0.0026781661370857924,0.009986382206082615,0.004924242424242424,0.20956553486673973,1
0.0,0.0,0.0,0.0,0.0,0.0,0.014933333333333335,0.0,0.0,0.0,0.0,0.0,0.0005910122560145256,0.003177485247389923,0.006818181818181818,0.0,0
0.0,0.0,0.0,0.0,0.0,0.0,0.0304,0.0,0.0,0.0,0.0338274420372482,0.0,0.0010930549251021333,0.0040853381752156154,0.006060606060606061,0.03249361080686382,0
0.0,0.0,0.0,0.0,0.0,0.0,0.0,0.0,0.0,0.0,0.0,0.0,0.0030195188379482517,0.012256014525646846,0.05183080808080808,0.0,0
0.0,0.0,0.0,0.0,0.0,0.0,0.0,0.0,0.0,0.06083650190114069,0.0,0.0,0.001262823422605538,0.015887426236949616,0.0068813131313131305,0.0,1
0.6440000000000001,0.0,0.0,0.22145804676753789,0.0,0.0,0.0,0.0,0.0,0.0,0.3055872291904219,0.0,0.0013309123921924648,0.007262823422605538,0.0022727272727272726,0.8813435560423514,1
0.0,0.0,0.0,0.0,0.0,0.0,0.0,0.0,0.0,0.0,0.0,0.0,0.003050385837494326,0.020426690876078075,0.006818181818181818,0.0,0
0.0,0.0,0.0,0.3094910591471802,0.0,0.07282184655396619,0.1802666666666667,0.10081008100810082,0.0,0.0,0.19118206005321173,0.0,0.013893781207444394,0.06672719019518839,0.02361111111111111,0.18364366557137643,1
0.0,0.0,0.0,0.0,0.0,0.0,0.08586666666666667,0.0,0.0,0.0,0.0,0.0,0.000604630049931911,0.0013617793917385383,0.0011994949494949494,0.0,0
0.17200000000000001,0.0,0.0,0.0,0.0,0.0,0.0688,0.0774077407740774,0.0,0.0,0.2797415431394907,0.0,0.0016432137993645031,0.02723558783477077,0.013952020202020202,0.42570281124497994,1
0.0,0.0,0.4666666666666666,0.34800550206327374,0.9882812499999999,0.0,0.13493333333333332,0.34113411341134114,0.11341134113411341,0.23954372623574147,0.20410490307867735,0.0,0.064911484339537,0.129822968679074,0.018244949494949494,0.656078860898138,1
0.0,0.0,0.0,0.0,0.0,0.0,0.04533333333333334,0.0,0.0,0.0,0.0,0.0,0.0026554698138901494,0.022696323195642305,0.006628787878787878,0.0,1
0.0,0.0,0.0,0.0,0.0,0.0,0.11253333333333333,0.25292529252925294,0.0,0.0,0.0,0.0,0.001118474807081253,0.004993191103041307,0.010227272727272727,0.0,0
0.26,0.0,0.0,0.0894085281980743,0.0,0.0,0.3136,0.05850585058505851,0.0,0.0,0.6708475864690232,0.0,0.0018384021788470264,0.009078529278256923,0.007386363636363636,0.8817086527929902,1
0.0,0.0,0.0,0.0,0.0,0.0,0.0,0.0,0.0,0.0,0.0,0.0,0.0014798002723558782,0.006808896958692692,0.010732323232323232,0.0,0
0.0,0.0,0.0,0.0,0.0,0.0,0.0,0.0,0.0,0.0,0.08209806157354618,0.0,0.001058556513844757,0.0022696323195642307,0.002398989898989899,0.07886089813800658,0
0.0,0.0,0.0,0.0,0.0,0.0,0.23680000000000004,0.0,0.0,0.0,0.31660965412390724,0.0,0.0003404448479346346,0.0009078529278256922,0.0006313131313131314,0.3041255932822198,1
0.132,0.13469387755102039,0.0,0.045392022008253104,0.064453125,0.0,0.1056,0.297029702970297,0.029702970297029705,0.0,0.0,0.07948969578017666,0.001084884248751702,0.02224239673172946,0.01268939393939394,0.3001095290251917,1
0.0,0.0,0.0,0.013755158184319122,0.01953125,0.0,0.0,0.0,0.04770477047704771,0.019011406844106467,0.006081337894336755,0.03189401373895977,0.0010022696323195644,0.012709940989559692,0.023989898989898988,0.029572836801752468,1
0.08000000000000002,0.0,0.0,0.0,0.078125,0.02600780234070221,0.04266666666666667,0.036003600360036005,0.0,0.0,0.0,0.14818449460255154,0.0006600090785292783,0.004539264639128461,0.01193181818181818,0.1832785688207375,1
0.124,0.0,0.0,0.06327372764786797,0.029296875,0.12093628088426527,0.14026666666666668,0.1809180918091809,0.0,0.0,0.0467502850627138,0.0,0.004782569223785747,0.08851566046300499,0.03832070707070707,0.15808689302665208,1
0.0,0.0,0.0,0.0,0.0,0.0,0.0608,0.0,0.0,0.0,0.0,0.0,0.0004947798456650022,0.0013617793917385383,0.00101010101010101,0.0,1
0.5559999999999999,0.12244897959183672,0.0,0.009628610729023386,0.029296875,0.11053315994798438,0.11946666666666668,0.06930693069306931,0.020702070207020702,0.04372623574144487,0.0,0.08979391560353288,0.0020072628234226054,0.03767589650476623,0.04412878787878788,0.683826213946696,1
0.0,0.42857142857142855,0.0,0.09628610729023385,0.205078125,0.0,0.16853333333333334,0.126012601260126,0.0,0.13307984790874525,0.08741923223109085,0.0,0.0032646391284611898,0.026781661370857923,0.016477272727272726,0.46732384081781675,1
0.0,0.0,0.0,0.0,0.0,0.0,0.030933333333333334,0.0,0.0,0.0,0.0,0.0,0.0011311847480708122,0.005447117566954153,0.009154040404040404,0.0,0
0.0,0.0,0.0,0.0,0.0,0.0,0.192,0.16201620162016203,0.0,0.0,0.0,0.0,0.0016032682705401724,0.004993191103041307,0.005176767676767676,0.0,0
0.164,0.0,0.0,0.0,0.0,0.05331599479843952,0.0656,0.0369036903690369,0.0,0.0,0.043329532497149374,0.0,0.0038093508851566042,0.031320926009986386,0.016666666666666666,0.19131069733479375,0
0.0,0.0,0.0,0.0,0.0,0.0,0.0432,0.0,0.0,0.0,0.0,0.0,0.0005773944620971401,0.004993191103041307,0.0022095959595959595,0.0,0
0.0,0.0,0.0,0.0,0.099609375,0.06631989596879063,0.13813333333333333,0.4662466246624662,0.0,0.0,0.14177118966172558,0.0731108930323847,0.0056586472991375395,0.03177485247389923,0.013636363636363636,0.1905805038335159,1
0.0,0.0,0.0,0.0,0.0,0.0,0.08,0.0,0.045004500450045004,0.0,0.028506271379703536,0.0,0.0004384929641398095,0.0022696323195642307,0.005555555555555555,0.02738225629791895,0
0.6240000000000001,0.0,0.0,0.2145804676753783,0.0,0.0,0.0,0.0,0.0,0.0,0.26605853287723297,0.0,0.0010213345438039039,0.004993191103041307,0.0020833333333333333,0.8251186564439577,1
0.5,0.0,0.0,0.0,0.12109375,0.0,0.16746666666666668,0.11251125112511251,0.0,0.05893536121673004,0.18434055492208287,0.19038272816486754,0.0021080344984112575,0.02723558783477077,0.020075757575757577,0.7751004016064257,1
0.0,0.03265306122448979,0.0,0.011004126547455298,0.033203125,0.010403120936280883,0.064,0.2826282628262826,0.0387038703870387,0.015209125475285173,0.03344735841885215,0.006378802747791954,0.0028688152519291874,0.021334543803903767,0.07190656565656567,0.0660825118656444,1
0.0,0.0,0.0,0.0,0.0,0.0,0.16373333333333334,0.2763276327632763,0.0,0.0,0.09616115545419993,0.0,0.0010640036314117115,0.0036314117113027695,0.003914141414141413,0.0923694779116466,0
0.0,0.0,0.0,0.0,0.0,0.0,0.0,0.0,0.0,0.0,0.0,0.0,0.0008252383113935543,0.0018157058556513845,0.0012626262626262627,0.0,0
1.0,0.0,0.0,0.171939477303989,0.0,0.1625487646293888,0.26666666666666666,0.11251125112511251,0.0,0.0,0.08551881413911061,0.0,0.0012256014525646847,0.012709940989559692,0.008396464646464647,0.9948886454910552,1
0.084,0.2204081632653061,0.0,0.0,0.083984375,0.003901170351105331,0.16,0.12151215121512152,0.016201620162016202,0.10266159695817492,0.1725579627518054,0.25662414131501476,0.00507489786654562,0.33499773036768044,0.14722222222222223,0.6305220883534137,1
0.44400000000000006,0.0,0.0,0.0,0.0,0.07152145643693107,0.08853333333333334,0.19981998199819984,0.04950495049504951,0.0,0.1839604713036868,0.039254170755642796,0.006695415342714481,0.038129822968679075,0.012626262626262626,0.611171960569551,1
0.0,0.0,0.0,0.0,0.2109375,0.0,0.14400000000000002,0.04860486048604861,0.04860486048604861,0.0,0.0,0.0,0.0004448479346345892,0.008170676350431231,0.005113636363636364,0.0,1
0.0,0.0,0.0,0.0,0.556640625,0.0,0.0,0.0,0.0,0.0,0.0,0.0,0.0002269632319564231,0.0009078529278256922,0.0005681818181818182,0.0,0
0.0,0.0,0.0,0.0,0.0,0.0,0.0,0.0,0.0,0.0,0.0,0.0,0.002587380844303223,0.011348161597821153,0.004797979797979798,0.0,0
0.0,0.0,0.0,0.0,0.0,0.0,0.0,0.0,0.0,0.0,0.0,0.05152109911678116,0.0007862006354970495,0.009532455742169769,0.007007575757575758,0.03833515881708653,1
0.0,0.0,0.0,0.0,0.0,0.015604681404421323,0.08053333333333335,0.022502250225022502,0.0,0.0,0.0733561383504371,0.0,0.0001643213799364503,0.0013617793917385383,0.006502525252525252,0.07046367287331143,0
0.244,0.0,0.0,0.0,0.0,0.07932379713914173,0.06506666666666668,0.0,0.0,0.0,0.19650323071075637,0.05053974484789009,0.0017848388561053112,0.012256014525646846,0.011174242424242423,0.4490690032858708,1
0.0,0.0,0.0,0.0,0.0,0.0,0.4133333333333334,0.0,0.0,0.0,0.11858608893956671,0.0,7.262823422605547e-05,0.00045392646391284613,0.0016414141414141414,0.11391018619934283,0
0.0,0.0,0.0,0.0,0.0,0.0,0.1744,0.0,0.0,0.0,0.0,0.0,0.0016604630049931912,0.02088061733999092,0.00726010101010101,0.0,0
0.0,0.0,0.0,0.0,0.0,0.0,0.1968,0.0621062106210621,0.020702070207020702,0.0,0.0,0.015210991167811582,0.0009223785746709034,0.008170676350431231,0.01534090909090909,0.011317999269806499,0
0.0,0.0,0.0,0.060522696011004136,0.0,0.0,0.046933333333333334,0.039603960396039604,0.0,0.0,0.07221588749524896,0.0,0.006384929641398094,0.03222877893781208,0.02986111111111111,0.06936838262139468,1
0.22400000000000003,0.0,0.0,0.0,0.03515625,0.07282184655396619,0.02986666666666667,0.05040504050405041,0.0,0.0,0.18738122386925124,0.02993130520117763,0.0007934634589196551,0.005447117566954153,0.015909090909090907,0.4067177802117561,1
0.0,0.0,0.0,0.0,0.0,0.0,0.12960000000000002,0.0,0.0,0.0,0.0,0.0,0.0001815705855651384,0.0009078529278256922,0.0006944444444444445,0.0,0
0.0,0.0,0.0,0.0,0.0,0.14694408322496746,0.12106666666666667,0.306030603060306,0.0,0.0,0.0,0.0,0.0,0.0,0.0006313131313131314,0.0,0
0.0,0.0,0.0,0.08115543328748281,0.0,0.0,0.031466666666666664,0.0,0.0,0.0,0.01976434815659445,0.05152109911678116,0.0017122106218792556,0.011802088061734,0.007954545454545454,0.05732018985031034,1
0.0,0.0,0.0,0.0,0.0,0.0,0.0,0.0,0.0,0.0,0.0,0.0,0.00012891511575124817,0.00045392646391284613,0.00044191919191919195,0.0,0
0.052000000000000005,0.0,0.02222222222222222,0.0,0.025390625,0.0,0.0,0.0054005400540054005,0.0054005400540054005,0.024714828897338406,0.0,0.0,0.0009051293690422153,0.008624602814344077,0.04962121212121212,0.06936838262139468,0
0.0,0.0,0.0,0.0,0.0,0.0,0.256,0.07200720072007201,0.0,0.0,0.0,0.0,0.0,0.0,0.0010732323232323232,0.0,0
0.036,0.0,0.0,0.0,0.0,0.0,0.010133333333333334,0.008100810081008101,0.0,0.0,0.0,0.0,0.00046118928733545163,0.02088061733999092,0.011742424242424242,0.03285870755750274,0
0.0,0.0,0.0,0.0,0.0,0.0,0.07946666666666667,0.0,0.0,0.0,0.0,0.0,0.001210167952791648,0.0040853381752156154,0.0030303030303030303,0.0,0
0.0,0.03673469387755102,0.0,0.0,0.017578125,0.0,0.06773333333333334,0.30423042304230424,0.032403240324032405,0.017110266159695818,0.011402508551881414,0.007360157016683023,0.0028978665456196096,0.021334543803903767,0.03566919191919192,0.049288061336254116,1
0.0,0.21632653061224488,0.0,0.022008253094910595,0.0,0.05331599479843952,0.19946666666666668,0.1476147614761476,0.018001800180018002,0.0,0.1927023945267959,0.2419038272816487,0.00418338629142079,0.05991829323649569,0.12563131313131312,0.5585980284775467,1
0.0,0.0,0.0,0.0,0.0,0.0,0.0,0.0,0.0,0.0,0.0,0.0,0.0006808896958692693,0.0013617793917385383,0.00037878787878787884,0.0,0
0.0,0.0,0.0,0.0,0.0,0.0,0.0176,0.0,0.0,0.06273764258555134,0.02128468263017864,0.0,0.0007153881071266455,0.0022696323195642307,0.005808080808080807,0.020445418035779483,0
0.0,0.0,0.0,0.5502063273727649,0.0,0.0,0.0,0.0,0.0,0.0,0.0,0.0,0.006505674080798911,0.008170676350431231,0.0030303030303030303,0.0,1
0.0,0.0,0.0,0.0,0.0,0.08842652795838751,0.21760000000000002,0.06120612061206121,0.0,0.0,0.0,0.0,0.0005510667271901951,0.0022696323195642307,0.002777777777777778,0.0,0
0.0,0.0,0.0,0.0,0.0,0.024707412223667097,0.010133333333333334,0.017101710171017102,0.0,0.0,0.04256936526035728,0.0,0.000999546073536087,0.007262823422605538,0.019570707070707072,0.04089083607155897,0
0.020000000000000004,0.008163265306122448,0.0,0.0,0.04296875,0.0,0.002666666666666667,0.0018001800180018,0.0018001800180018,0.028517110266159697,0.0,0.010794896957801767,0.00038402178847026793,0.008624602814344077,0.060858585858585855,0.033588901058780575,1
0.58,0.0,0.0,0.09903713892709767,0.0,0.0,0.0,0.0,0.0,0.0,0.04713036868110985,0.06084396467124633,0.0007090331366318656,0.004993191103041307,0.007133838383838384,0.619934282584885,1
0.264,0.0,0.0,0.0,0.0,0.0,0.1776,0.23942394239423945,0.0,0.0,0.04446978335233752,0.0,0.0013499773036768042,0.007262823422605538,0.006060606060606061,0.28368017524644035,0
0.336,0.0,0.0,0.0,0.05468750000000001,0.5864759427828348,0.13546666666666668,0.22862286228622863,0.025202520252025205,0.0,0.4359559103002661,0.02208047105004907,0.005608715388107127,0.04675442578302315,0.033017676767676765,0.7418765972982841,1
0.0,0.0,0.0,0.0,0.0,0.0,0.07253333333333334,0.0,0.0,0.0,0.0,0.0,0.0,0.0,0.00101010101010101,0.0,0
0.0,0.0,0.0,0.0,0.0,0.0,0.005333333333333334,0.0,0.009000900090009001,0.0,0.0,0.015210991167811582,0.0007199273717657739,0.004993191103041307,0.02462121212121212,0.011317999269806499,0
0.0,0.0,0.0,0.0,0.0,0.0,0.0,0.0,0.0531053105310531,0.0,0.0,0.0,0.0010013617793917387,0.0040853381752156154,0.012815656565656565,0.0,1
0.252,0.2571428571428571,0.0,0.0,0.060546875,0.4135240572171651,0.11840000000000002,0.1719171917191719,0.0,0.05893536121673004,0.020904599011782595,0.24582924435721298,0.0022778029959146617,0.04085338175215615,0.011679292929292928,0.6630156991602776,1
0.0,0.0,0.0,0.013755158184319122,0.01953125,0.0,0.0,0.0,0.04770477047704771,0.019011406844106467,0.006081337894336755,0.03189401373895977,0.0010022696323195644,0.012709940989559692,0.023989898989898988,0.029572836801752468,1
0.12,0.24489795918367344,0.0,0.0,0.0,0.0,0.14613333333333337,0.10891089108910891,0.0,0.11406844106463879,0.072595971113645,0.07016683022571149,0.0009450748978665455,0.013617793917385384,0.01231060606060606,0.4505293902884264,1
0.11200000000000002,0.0,0.0,0.0,0.0,0.0,0.06026666666666666,0.025202520252025205,0.05040504050405041,0.0,0.017483846446218167,0.0,0.0006000907852927827,0.0022696323195642307,0.007386363636363636,0.1190215407082877,1
0.0,0.0,0.0,0.0,0.0,0.0,0.0,0.0,0.0,0.0,0.06385404789053592,0.0,0.00041670449387199284,0.0040853381752156154,0.003345959595959596,0.06133625410733845,0
0.21200000000000002,0.06938775510204082,0.0,0.011004126547455298,0.015625,0.0,0.19093333333333334,0.08010801080108011,0.0,0.06653992395437262,0.1402508551881414,0.0534838076545633,0.003536995006808897,0.053563322741715845,0.08061868686868688,0.43008397225264694,1
0.0,0.0,0.0,0.0,0.0,0.0,0.0784,0.0,0.0,0.0,0.03686811098441657,0.0,0.0011802088061733996,0.007716749886518385,0.004292929292929293,0.035414384811975175,0
0.0,0.0,0.0,0.0,0.0,0.0,0.0,0.0,0.0,0.0,0.0,0.0,0.0009078529278256923,0.0018157058556513845,0.00044191919191919195,0.0,0
0.0,0.5265306122448979,0.0,0.0,0.0,0.0,0.0688,0.4671467146714672,0.0,0.0,0.0,0.10206084396467126,0.0029323649568769863,0.010894235133908307,0.003409090909090909,0.5469149324571012,1
0.0,0.0,0.0,0.0,0.0,0.0,0.0,0.0,0.0,0.0,0.0,0.0,0.00030231502496595546,0.0009078529278256922,0.00044191919191919195,0.0,0
0.0,0.0,0.0,0.0,0.0,0.0,0.0,0.0,0.0,0.0,0.0,0.0,0.0005919201089423512,0.003177485247389923,0.0023358585858585857,0.0,0
0.0,0.0,0.0,0.0,0.013671875000000002,0.0,0.04053333333333334,0.034203420342034205,0.041404140414041404,0.0,0.0,0.016192345436702654,0.0006400363141171131,0.015887426236949616,0.013825757575757575,0.012048192771084338,0
0.132,0.0,0.0,0.045392022008253104,0.0,0.0858257477243173,0.1424,0.09000900090009001,0.029702970297029705,0.252851711026616,0.021664766248574687,0.11285574092247304,0.003884702678166137,0.03676804357694054,0.014267676767676768,0.22526469514421327,1
0.0,0.0,0.0,0.0,0.0,0.027308192457737315,0.0,0.0,0.018901890189018902,0.0,0.0,0.0,0.0007172038129822969,0.006354970494779846,0.011805555555555555,0.0,0
0.384,0.0,0.0,0.0,0.0,0.06241872561768529,0.3088,0.17371737173717372,0.0,0.0,0.09882174078297226,0.042198233562316,0.00010621879255560604,0.0013617793917385383,0.0023358585858585857,0.47681635633442865,1
0.0,0.0,0.0,0.0,0.0,0.0,0.23680000000000004,0.0,0.0,0.0,0.0,0.0,0.0002723558783477078,0.0018157058556513845,0.0015782828282828283,0.0,0
0.0,0.0,0.0,0.0,0.0,0.1014304291287386,0.0,0.0702070207020702,0.0,0.0,0.0999619916381604,0.0,4.2669087607807464e-05,0.00045392646391284613,0.0013257575757575758,0.09602044541803578,0
0.0,0.0,0.0,0.0,0.0,0.0,0.0,0.0,0.0,0.0,0.0,0.0,0.00017249205628688152,0.0009078529278256922,0.0015151515151515152,0.0,0
0.20400000000000001,0.06938775510204082,0.0,0.011004126547455298,0.015625,0.010403120936280883,0.18293333333333336,0.06930693069306931,0.0,0.047528517110266164,0.1322690992018244,0.05053974484789009,0.003987290059010441,0.053563322741715845,0.09185606060606061,0.4129244249726178,1
0.5519999999999999,0.0,0.0,0.0,0.0,0.0,0.0736,0.0,0.0,0.0,0.0,0.0,0.000604630049931911,0.0036314117113027695,0.0021464646464646464,0.5038335158817087,0
0.0,0.0,0.0,0.0,0.0,0.0,0.008,0.0,0.0,0.0,0.0,0.0,0.0005356332274171585,0.016341352700862462,0.017108585858585858,0.0,0
0.0,0.10612244897959183,0.0,0.14718019257221462,0.0,0.2093628088426528,0.18666666666666668,0.12061206120612061,0.023402340234023402,0.04942965779467681,0.12314709236031927,0.0,0.005782115297321834,0.02315024965955515,0.021338383838383837,0.21321650237312892,1
0.1,0.03265306122448979,0.06296296296296297,0.034387895460797804,0.015625,0.12093628088426527,0.08586666666666667,0.037803780378037805,0.015301530153015303,0.11216730038022814,0.15507411630558723,0.05789990186457312,0.005946436677258284,0.3032228778937812,0.08907828282828284,0.37458926615553123,1
0.0,0.0,0.0,0.02475928473177442,0.0,0.0,0.03946666666666667,0.0333033303330333,0.016201620162016202,0.0,0.0,0.013248282630029442,0.0012038129822968678,0.004539264639128461,0.02285353535353535,0.009857612267250822,1
0.0,0.3142857142857143,0.0,0.0,0.0,0.0,0.08266666666666668,0.06930693069306931,0.0,0.0,0.07449638920562525,0.0,0.0019609623241034955,0.0040853381752156154,0.004924242424242424,0.35268346111719606,0
0.0,0.0,0.0,0.0,0.0,0.0,0.07893333333333334,0.0,0.0,0.0,0.0,0.0,0.0014480254198819794,0.013617793917385384,0.007638888888888889,0.0,0
0.0,0.0,0.0,0.0,0.0,0.0,0.07573333333333333,0.0846084608460846,0.0,0.0,0.0,0.0,0.001193826600090785,0.007262823422605538,0.005492424242424242,0.0,0
0.0,0.0,0.0,0.09353507565337003,0.1328125,0.08842652795838751,0.14506666666666668,0.18361836183618363,0.0,0.0,0.0,0.05397448478900884,0.005073082160689969,0.03041307308216069,0.007007575757575758,0.040160642570281124,1
0.0,0.0,0.0,0.0,0.0,0.2600780234070221,0.0,0.0,0.0,0.0,0.0,0.0,0.0009940989559691334,0.004539264639128461,0.0027146464646464648,0.0,0
0.0,0.0,0.0,0.0,0.0,0.0,0.05173333333333333,0.0,0.0,0.0,0.0,0.0,0.0007162959600544712,0.004993191103041307,0.004229797979797979,0.0,0
0.0,0.0,0.0,0.0,0.0,0.0,0.28053333333333336,0.0,0.0,0.0,0.3983276320790574,0.0,0.0021180208806173403,0.0040853381752156154,0.0018308080808080809,0.3826213946695875,1
0.0,0.0,0.0,0.0,0.0,0.0,0.0,0.0,0.0,0.0,0.06879513492968453,0.0,0.00025873808443032233,0.0013617793917385383,0.0016414141414141414,0.0660825118656444,0
0.0,0.0,0.0,0.0,0.0,0.0,0.08320000000000001,0.0,0.0,0.0,0.27556062333713416,0.0,0.0001697684975034045,0.0013617793917385383,0.0011363636363636363,0.2646951442132165,0
0.0,0.0,0.0,0.0,0.0,0.0,0.10400000000000001,0.018901890189018902,0.0,0.0,0.0,0.0,0.0,0.0,0.004229797979797979,0.0,0
0.0,0.0,0.0,0.0,0.0,0.0,0.1376,0.0774077407740774,0.0,0.0,0.08133789433675409,0.0,0.002683613254652746,0.022696323195642305,0.005681818181818181,0.07813070463672873,0
0.0,0.0,0.0,0.0,0.513671875,0.0,0.14026666666666668,0.4734473447344734,0.0,1.0,0.0,0.0,0.0009605083976395823,0.004539264639128461,0.0021464646464646464,0.0,0
0.07600000000000001,0.0,0.0,0.0,0.037109375,0.024707412223667097,0.1168,0.0531053105310531,0.0,0.0,0.0,0.018645731108930325,0.00011711302768951427,0.0013617793917385383,0.005997474747474747,0.0832420591456736,0
0.15200000000000002,0.06530612244897958,0.0,0.0,0.01953125,0.0,0.15200000000000002,0.10801080108010801,0.004500450045004501,0.0,0.007221588749524895,0.028459273797841026,0.0021688606445755786,0.02496595551520654,0.03396464646464646,0.22526469514421327,1
0.0,0.0,0.0,0.0,0.0,0.0,0.0,0.0,0.0,0.0,0.0,0.0,0.0037321833862914203,0.02587380844303223,0.0086489898989899,0.0,0
0.0,0.0,0.0,0.13204951856946356,0.0,0.12483745123537059,0.2048,0.08640864086408641,0.0,0.0,0.1755986316989738,0.0,0.000283250113481616,0.0022696323195642307,0.0012626262626262627,0.16867469879518074,1
0.20800000000000002,0.0,0.0,0.0,0.0,0.0,0.08320000000000001,0.0,0.0,0.0,0.3295324971493729,0.0,0.0011075805719473445,0.008624602814344077,0.008207070707070706,0.5063891931361811,1
0.20400000000000001,0.2897959183673469,0.04814814814814815,0.004126547455295736,0.06640625,0.044213263979193757,0.14666666666666667,0.12241224122412242,0.0855085508550855,0.07034220532319392,0.14405169137210186,0.06673209028459275,0.0021252837040399456,0.0817067635043123,0.12335858585858586,0.6809054399415846,1
0.8320000000000001,0.0,0.0,0.14305364511691887,0.0,0.0,0.11093333333333334,0.09360936093609361,0.09360936093609361,0.0,0.0,0.0,0.00879891057648661,0.029051293690422152,0.008712121212121211,0.7594012413289523,1
0.0,0.0,0.0,0.0,0.0,0.035110533159947985,0.11520000000000001,0.24302430243024303,0.14581458145814583,0.0,0.17597871531736983,0.0,0.0063014071720381305,0.029051293690422152,0.025505050505050506,0.16903979554581966,1
0.0,0.0,0.0,0.0,0.0,0.0,0.22186666666666668,0.0,0.0,0.0,0.28126187761307486,0.0,0.0005674080798910576,0.0022696323195642307,0.0007575757575757576,0.2701715954728003,0
0.0,0.0,0.0,0.0,0.0,0.0,0.2048,0.0,0.0,0.0,0.0,0.0,0.0,0.0,0.00031565656565656563,0.0,0
0.096,0.24081632653061222,0.0,0.004126547455295736,0.080078125,0.003901170351105331,0.1594666666666667,0.11251125112511251,0.0054005400540054005,0.09885931558935362,0.16153553781832003,0.28115799803729147,0.004322287789378121,0.05901044030867,0.14034090909090907,0.6673968601679445,1
0.0,0.0,0.0,0.030261348005502068,0.0,0.20156046814044212,0.15360000000000001,0.1989198919891989,0.0,0.0,0.02774610414291144,0.07163886162904809,0.0014289605083976395,0.009532455742169769,0.014078282828282829,0.07995618838992333,0
0.532,0.08979591836734693,0.0,0.0,0.0,0.0,0.04746666666666667,0.039603960396039604,0.039603960396039604,0.08365019011406845,0.14139110604332955,0.10942100098135428,0.0022015433499773035,0.01861098502042669,0.025883838383838384,0.783132530120482,0
0.0,0.0,0.0,0.0,0.0,0.0,0.0,0.0,0.0,0.0,0.0,0.0,0.0005183840217884702,0.0013617793917385383,0.0006313131313131314,0.0,0
0.0,0.0,0.0,0.0,0.22656249999999997,0.07542262678803639,0.030933333333333334,0.0,0.0,0.0,0.10718358038768529,0.0,0.0008461189287335451,0.004539264639128461,0.007133838383838384,0.10295728368017525,0
0.0,0.0,0.0,0.0,0.0,0.20156046814044212,0.12373333333333333,0.0,0.06930693069306931,0.0,0.03762827822120867,0.0,0.0012029051293690422,0.013163867453472538,0.005808080808080807,0.03614457831325302,0
0.0,0.0,0.0,0.0,0.0,0.0,0.0,0.0,0.0,0.0,0.0,0.0,0.0004539264639128461,0.0018157058556513845,0.001452020202020202,0.0,0
0.0,0.0,0.0,0.0,0.0,0.0,0.0,0.0,0.0,0.0,0.0,0.17369970559371933,0.002766227871084884,0.012709940989559692,0.0053030303030303025,0.12924424972617743,1
0.04000000000000001,0.13877551020408163,0.0,0.006877579092159561,0.091796875,0.0,0.17226666666666668,0.1341134113411341,0.023402340234023402,0.07984790874524715,0.12466742683390347,0.42100098135426894,0.004473899228325012,0.08987743985474353,0.19943181818181818,0.5936473165388829,1
0.12,0.12244897959183672,0.0,0.0,0.05859375,0.03901170351105331,0.11306666666666668,0.2727272727272727,0.027002700270027002,0.0,0.0,0.10353287536800786,0.0006827054017249206,0.004539264639128461,0.011553030303030303,0.29609346476816356,1
0.0,0.0,0.0,0.0,0.0,0.0,0.09546666666666667,0.0639063906390639,0.0,0.0,0.0,0.0,0.0002451202905129369,0.003177485247389923,0.003787878787878788,0.0,0
0.58,0.0,0.0,0.09903713892709767,0.0,0.0,0.0,0.0,0.0,0.0,0.04713036868110985,0.06084396467124633,0.0007090331366318656,0.004993191103041307,0.007133838383838384,0.619934282584885,1
0.0,0.0,0.0,0.0,0.0,0.0,0.0,0.0,0.0,0.0,0.0,0.12070657507360158,0.00032955061280072636,0.0013617793917385383,0.0018308080808080809,0.08981380065717415,0
0.0,0.0,0.0,0.0,0.0,0.0,0.0,0.0,0.0,0.0,0.0,0.0,0.0023604176123467996,0.004539264639128461,0.0022095959595959595,0.0,0
0.0,0.0,0.0,0.0,0.0,0.0,0.0,0.0,0.0,0.0,0.7168377042949449,0.0,0.0003404448479346346,0.0013617793917385383,0.0006313131313131314,0.6885724717050018,0
0.11599999999999999,0.0,0.0,0.0,0.0,0.037711313394018196,0.09546666666666667,0.0531053105310531,0.0,0.0,0.0,0.024043179587831212,0.0013345438039037679,0.013163867453472538,0.010542929292929293,0.12376779846659364,1
0.0,0.0,0.0,0.0,0.0,0.0,0.0,0.0,0.0,0.0,0.0,0.0,0.0018529278256922375,0.005901044030867,0.013762626262626263,0.0,0
0.0,0.6775510204081632,0.0,0.0,0.0,0.0,0.1776,0.1494149414941494,0.0,0.0,0.0,0.0,0.0006554698138901497,0.002723558783477077,0.001893939393939394,0.6060606060606061,0
0.0,0.0,0.0,0.24484181568088037,0.0,0.0,0.1904,0.0,0.0,0.0,0.2227290003800836,0.0,0.00027871084884248745,0.0013617793917385383,0.00101010101010101,0.2139466958744067,0
0.568,0.0,0.0,0.0,0.0,0.0,0.0,0.0,0.0,0.0,0.0,0.0,0.0009605083976395823,0.0018157058556513845,0.0021464646464646464,0.5184373859072654,1
0.196,0.19999999999999998,0.18148148148148147,0.0,0.0,0.0,0.0528,0.1791179117911791,0.0,0.0,0.23755226149752948,0.1530912659470069,0.003404448479346346,0.02088061733999092,0.01193181818181818,0.8787878787878789,1
0.328,0.13469387755102039,0.0,0.09078404401650621,0.064453125,0.020806241872561766,0.14986666666666668,0.0891089108910891,0.0,0.0,0.0942607373622197,0.024043179587831212,0.004685428960508398,0.1584203359055833,0.04583333333333333,0.5282949981745162,1
0.0,0.0,0.0,0.0,0.171875,0.11443433029908971,0.14133333333333334,0.15841584158415842,0.0,0.0,0.0,0.0,0.00033590558329550625,0.0009078529278256922,0.0022727272727272726,0.0,0
0.0,0.0,0.0,0.0,0.0,0.0,0.10666666666666667,0.11971197119711972,0.0,0.12547528517110268,0.0,0.0,0.0013881071266454831,0.004539264639128461,0.005366161616161616,0.0,0
0.032,0.0,0.0,0.0,0.0,0.0,0.050133333333333335,0.054005400540054004,0.015301530153015303,0.015209125475285173,0.019384264538198404,0.018645731108930325,0.0007607807535179302,0.01044030866999546,0.038131313131313134,0.06170135085797736,0
0.0,0.0,0.0,0.08115543328748281,0.0,0.15344603381014302,0.09440000000000001,0.0,0.0,0.0,0.0,0.0,0.006886972310485702,0.029505220154335,0.015656565656565657,0.0,1
0.12,0.12244897959183672,0.0,0.0,0.30078125,0.30169050715214557,0.09866666666666668,0.09720972097209722,0.05490549054905491,0.0,0.233751425313569,0.012266928361138373,0.0003422605537902859,0.005447117566954153,0.011679292929292928,0.45271997079225995,1
0.0,0.0,0.0,0.0,0.0,0.0,0.09493333333333334,0.24032403240324032,0.0,0.0,0.507791714177119,0.0,0.0050939627780299595,0.022696323195642305,0.014962121212121211,0.48776925885359623,1
0.36800000000000005,0.0,0.0,0.06327372764786797,0.0,0.11963589076723016,0.1472,0.1242124212421242,0.0,0.0,0.11326491828202205,0.10942100098135428,0.0010494779845665004,0.005447117566954153,0.0068813131313131305,0.5261044176706828,1
0.0,0.0,0.0,0.0,0.0,0.0,0.014933333333333335,0.0,0.0,0.0,0.0,0.0,0.0005819337267362687,0.003177485247389923,0.0068813131313131305,0.0,0
0.0,0.0,0.0,0.0,0.0,0.11703511053315993,0.24000000000000002,0.08100810081008102,0.0,0.0,0.0,0.0,0.0007008624602814344,0.0013617793917385383,0.002398989898989899,0.0,0
0.12,0.0,0.0,0.08390646492434664,0.05859375,0.07932379713914173,0.09813333333333335,0.08280828082808281,0.0,0.11596958174904944,0.039148612694792854,0.025024533856722278,0.004652746255106673,0.028597367226509306,0.02159090909090909,0.16575392479006937,1
0.43200000000000005,0.2204081632653061,0.0,0.0,0.0,0.035110533159947985,0.057600000000000005,0.024302430243024305,0.04860486048604861,0.0,0.1740782972253896,0.24730127576054958,0.001755787562414889,0.028597367226509306,0.036426767676767675,0.9426798101496898,1
0.0,0.5020408163265305,0.0,0.0,0.0,0.0,0.09813333333333335,0.08280828082808281,0.013501350135013501,0.0,0.19764348156594452,0.14180569185475958,0.0030231502496595552,0.03767589650476623,0.028093434343434344,0.7444322745527564,1
0.0,0.0,0.0,0.0,0.0,0.0,0.14773333333333336,0.0,0.0,0.0,0.0,0.0,0.0,0.0,0.0005681818181818182,0.0,0
0.268,0.0,0.0,0.18431911966987624,0.130859375,0.04291287386215865,0.03573333333333334,0.09000900090009001,0.029702970297029705,0.0,0.0201444317749905,0.0,0.0009405356332274172,0.004993191103041307,0.01047979797979798,0.2639649507119387,1
0.048,0.0,0.0,0.0,0.0,0.0,0.1168,0.04590459045904591,0.0,0.0,0.008741923223109084,0.0,0.0002242396731729461,0.0018157058556513845,0.008207070707070706,0.05220883534136546,0
0.144,0.4489795918367347,0.0,0.15130674002751035,0.359375,0.09492847854356305,0.1376,0.09900990099009901,0.0,0.0,0.16533637400228052,0.030421982335623165,0.0030966863368134356,0.08579210167952792,0.018876262626262626,0.7144943410003651,1
0.0,0.0,0.0,0.0,0.0,0.0,0.06346666666666667,0.0,0.0,0.0,0.0,0.0,0.0009750340444847934,0.006354970494779846,0.0034722222222222225,0.0,0
0.0,0.0,0.0,0.0,0.0,0.0,0.0,0.0,0.0,0.0,0.0,0.0,0.0009931911030413073,0.011348161597821153,0.006944444444444444,0.0,0
0.0,0.0,0.0,0.0,0.0,0.0,0.1632,0.0,0.0,0.0,0.06423413150893198,0.0829244357212954,0.0006146164321379938,0.002723558783477077,0.0032196969696969696,0.12340270171595474,0
0.572,0.2897959183673469,0.0,0.0,0.0,0.0,0.22986666666666666,0.12871287128712872,0.0639063906390639,0.0,0.05017103762827823,0.0,0.0012001815705855652,0.006808896958692692,0.004482323232323232,0.8294998174516246,1
0.7480000000000001,0.0,0.0,0.10316368638239341,0.072265625,0.0,0.14026666666666668,0.135013501350135,0.0,0.0,0.0919802356518434,0.0,0.007793009532455743,0.15024965955515207,0.032007575757575756,0.7710843373493976,1
0.1,0.0,0.0,0.034387895460797804,0.0,0.09882964889466839,0.12213333333333334,0.04590459045904591,0.0,0.0,0.1345496009122007,0.0,0.0014462097140263276,0.005901044030867,0.009595959595959595,0.22051843738590726,1
0.0,0.0,0.0,0.0,0.0,0.0,0.08053333333333335,0.0,0.0,0.14258555133079848,0.0,0.0,0.0007644121652292329,0.0022696323195642307,0.0021464646464646464,0.0,0
0.0,0.0,0.0,0.0,0.0,0.12873862158647592,0.0176,0.05940594059405941,0.0,0.0,0.11630558722919043,0.0,0.0041080344984112584,0.044938719927371765,0.027146464646464644,0.11171960569550932,0
0.044000000000000004,0.0,0.0,0.0,0.021484375,0.0,0.06506666666666668,0.0,0.0,0.0,0.006461421512732802,0.0,0.0018710848842487518,0.016795279164775308,0.037815656565656566,0.04636728733114276,0
0.12,0.12244897959183672,0.05555555555555555,0.0,0.0,0.19765929778933677,0.11413333333333335,0.21962196219621963,0.0,0.2889733840304183,0.3994678829342455,0.11040235525024536,0.005162051747616887,0.09804811620517477,0.056502525252525256,0.7396860167944505,1
0.188,0.0,0.17407407407407405,0.19669876203576342,0.0,0.24837451235370608,0.10186666666666667,0.12871287128712872,0.0,0.0,0.02774610414291144,0.14474975466143278,0.0021434407625964594,0.024058102587380847,0.009911616161616161,0.47754654983570644,1
0.08800000000000001,0.0,0.0,0.0,0.0,0.0,0.18133333333333335,0.1629162916291629,0.0,0.0,0.07563664006081339,0.0,0.0046218792555606,0.03722197004085338,0.033396464646464646,0.1529755385177072,1
0.0,0.27755102040816326,0.14074074074074072,0.0,0.037109375,0.1898569570871261,0.09333333333333334,0.06930693069306931,0.052205220522052204,0.11026615969581749,0.21626757886735082,0.10157016683022572,0.01004448479346346,0.31320926009986383,0.10656565656565657,0.6703176341730559,1
0.0,0.0,0.0,0.0,0.0,0.0,0.24213333333333334,0.24482448244824484,0.0,0.0,0.062333713416951736,0.0,0.0003549704947798457,0.003177485247389923,0.001957070707070707,0.05987586710478277,0
0.0,0.0,0.0,0.031636863823933985,0.0,0.0,0.012266666666666669,0.0,0.020702070207020702,0.0,0.0,0.0,0.001982750794371312,0.03313663186563777,0.013005050505050504,0.0,0
0.0,0.0,0.0,0.0,0.2109375,0.0,0.14400000000000002,0.04860486048604861,0.04860486048604861,0.0,0.0,0.0,0.0004448479346345892,0.008170676350431231,0.005113636363636364,0.0,1
0.0,0.0,0.0,0.0,0.0,0.0,0.10613333333333334,0.041404140414041404,0.0,0.0,0.0,0.0,0.001716749886518384,0.012256014525646846,0.021843434343434342,0.0,0
0.0,0.0,0.0,0.0,0.0,0.0,0.08693333333333333,0.0,0.0,0.0,0.0,0.0,0.001210167952791648,0.003177485247389923,0.0017045454545454547,0.0,0
0.0,0.0,0.0,0.0,0.0,0.0,0.0,0.0,0.0,0.0,0.0,0.0,0.0008061733999092147,0.0036314117113027695,0.00101010101010101,0.0,0
0.0,0.0,0.0,0.0,0.0,0.0,0.06453333333333333,0.0,0.0,0.0,0.0,0.0,0.00036858828869723093,0.0018157058556513845,0.002777777777777778,0.0,0
0.0,0.0,0.0,0.07840440165061899,0.0,0.07412223667100129,0.24373333333333336,0.1026102610261026,0.0,0.0,0.027366020524515394,0.14180569185475958,0.005911938266000908,0.051293690422151615,0.018434343434343435,0.13179992698064988,1
0.22000000000000003,0.08979591836734693,0.0,0.0,0.0,0.0,0.09386666666666667,0.09900990099009901,0.0,0.08365019011406845,0.1394906879513493,0.09470068694798824,0.0014153427144802545,0.033590558329550615,0.024494949494949493,0.48557867834976276,1
0.6880000000000001,0.11428571428571428,0.0,0.07840440165061899,0.0,0.1118335500650195,0.23040000000000002,0.1809180918091809,0.0,0.0,0.07221588749524896,0.0,0.005069450748978665,0.02496595551520654,0.02196969696969697,0.7995618838992333,1
0.0,0.24081632653061222,0.0,0.08115543328748281,0.0,0.07672301690507151,0.2538666666666667,0.1071107110711071,0.0,0.0,0.16229570505511212,0.0,0.008170676350431231,0.014525646845211076,0.010669191919191919,0.3713033953997809,1
0.0,0.0,0.0,0.0,0.0,0.057217165149544856,0.0704,0.11881188118811882,0.0,0.0,0.11060433295324971,0.0,0.0003159328188833409,0.0009078529278256922,0.0035984848484848487,0.10624315443592552,1
0.04000000000000001,0.0,0.0,0.0,0.01953125,0.0,0.005333333333333334,0.0,0.009000900090009001,0.0,0.0,0.02894995093228656,0.0013881071266454831,0.011348161597821153,0.037626262626262626,0.05805038335158817,0
0.0,0.0,0.0,0.0,0.0,0.0,0.11840000000000002,0.29972997299729975,0.0,0.0,0.0668947168377043,0.0,0.0009986382206082617,0.004993191103041307,0.003914141414141413,0.0642570281124498,0
0.0,0.03673469387755102,0.0,0.0,0.0,0.0,0.10719999999999999,0.30423042304230424,0.016201620162016202,0.017110266159695818,0.0935005701254276,0.014720314033366046,0.002515660463004993,0.03086699954607354,0.03327020202020202,0.13362541073384449,1
0.0,0.0,0.0,0.0,0.0,0.0,0.0176,0.0144014401440144,0.0,0.14448669201520914,0.0,0.010794896957801767,0.0027190195188379483,0.024512029051293693,0.050883838383838385,0.008032128514056224,0
0.32400000000000007,0.0,0.0,0.0,0.0,0.0,0.21813333333333335,0.0,0.0,0.0,0.26833903458760927,0.0,0.0067280980481162055,0.024512029051293693,0.008964646464646463,0.5534866739686017,1
0.0,0.0,0.0,0.0,0.0,0.0,0.038400000000000004,0.0,0.0,0.0,0.043329532497149374,0.0,0.0005855651384475716,0.004993191103041307,0.0031565656565656565,0.0416210295728368,0
0.196,0.0,0.0,0.1361760660247593,0.095703125,0.0,0.23733333333333337,0.0891089108910891,0.0,0.0,0.42493348536678077,0.11727183513248284,0.0038384021788470265,0.03086699954607354,0.01148989898989899,0.674333698430084,1
0.0,0.0,0.36296296296296293,0.04401650618982119,0.0,0.0,0.017066666666666667,0.05850585058505851,0.0,0.12357414448669203,0.3261117445838084,0.04955839057899903,0.305265546981389,0.5197458011802089,0.08510101010101011,0.7079225994888646,1
0.32000000000000006,0.0,0.14814814814814814,0.05502063273727649,0.0,0.0,0.10666666666666667,0.18001800180018002,0.0,0.0,0.04408969973394147,0.05691854759568205,0.0027762142532909667,0.024058102587380847,0.013005050505050504,0.5228185469149326,1
0.09200000000000001,0.0,0.0,0.16231086657496563,0.275390625,0.0,0.15093333333333334,0.1485148514851485,0.020702070207020702,0.0,0.030406689471683773,0.0,0.0007662278710848844,0.005447117566954153,0.005176767676767676,0.11317999269806499,1
0.0,0.0,0.0,0.0,0.0,0.0,0.1168,0.0,0.0,0.0,0.0,0.0,0.00010440308669995471,0.00045392646391284613,0.0017676767676767678,0.0,0
0.0,0.14693877551020407,0.0,0.0,0.142578125,0.0,0.1568,0.36363636363636365,0.032403240324032405,0.06844106463878327,0.2481946028126188,0.05789990186457312,0.000481162051747617,0.005447117566954153,0.0046717171717171714,0.4129244249726178,1
0.0,0.0,0.0,0.0,0.16015625,0.0,0.088,0.22232223222322234,0.1485148514851485,0.0,0.04294944887875333,0.0,0.0002269632319564231,0.0013617793917385383,0.0030934343434343434,0.04125593282219789,1
0.328,0.0,0.0,0.0,0.0,0.0,0.088,0.0738073807380738,0.0,0.155893536121673,0.0,0.0,0.0006981389014979572,0.004539264639128461,0.004292929292929293,0.2993793355239138,1
0.132,0.0,0.0,0.0,0.0,0.0,0.10773333333333335,0.06030603060306031,0.0,0.0,0.1839604713036868,0.0,0.0007226509305492511,0.008170676350431231,0.012752525252525251,0.29718875502008035,1
0.08800000000000001,0.0,0.0,0.0,0.04296875,0.0,0.0,0.0,0.0,0.0,0.0,0.0,0.0010730821606899682,0.01861098502042669,0.012752525252525251,0.08032128514056225,0
0.09200000000000001,0.2040816326530612,0.0,0.0,0.08203125,0.0,0.16426666666666667,0.12061206120612061,0.017101710171017102,0.10836501901140684,0.1273280121626758,0.6285574092247301,0.005630503858374943,0.2696323195642306,0.15227272727272725,0.8565169769989048,1
0.0,0.0,0.0,0.019257221458046772,0.0,0.036410923276983094,0.04533333333333334,0.012601260126012603,0.0,0.0,0.0,0.0,0.0008452110758057195,0.0036314117113027695,0.010542929292929293,0.0,0
0.148,0.30204081632653057,0.0,0.15405777166437418,0.0,0.19375812743823145,0.2394666666666667,0.16831683168316833,0.0,0.0,0.08475864690231852,0.10942100098135428,0.0009269178393100317,0.0040853381752156154,0.005808080808080807,0.5680905439941585,1
0.6240000000000001,0.0,0.0,0.2145804676753783,0.0,0.0,0.0,0.0,0.0,0.0,0.2922843025465603,0.0,0.0010213345438039039,0.004993191103041307,0.0020833333333333333,0.8503103322380432,1
0.0,0.02040816326530612,0.08518518518518518,0.006877579092159561,0.134765625,0.006501950585175552,0.2208,0.09810981098109811,0.004500450045004501,0.009505703422053233,0.0038008361839604716,0.07899901864573113,0.0009541534271448026,0.022696323195642305,0.032828282828282825,0.16465863453815263,1
0.0,0.11836734693877549,0.2518518518518519,0.02613480055020633,0.0,0.1521456436931079,0.1978666666666667,0.15751575157515751,0.08730873087308731,0.16539923954372626,0.15355378183200305,0.10991167811579983,0.002982296867907399,0.021788470267816613,0.05486111111111111,0.583424607520993,1
0.20400000000000001,0.0,0.0,0.0,0.0,0.0,0.05493333333333334,0.0,0.0,0.0,0.0330672748004561,0.0,0.00019791193826600086,0.0022696323195642307,0.002398989898989899,0.21796276013143484,0
0.44400000000000006,0.0,0.0,0.0,0.0,0.07152145643693107,0.08853333333333334,0.19981998199819984,0.04950495049504951,0.0,0.1839604713036868,0.039254170755642796,0.006695415342714481,0.038129822968679075,0.012626262626262626,0.611171960569551,1
0.0,0.0,0.0,0.0,0.0,0.0,0.2154666666666667,0.2727272727272727,0.0,0.0,0.0338274420372482,0.08734052993130521,0.0021933726736268725,0.023604176123467997,0.01029040404040404,0.09748083242059147,1
0.0,0.0,0.0,0.0,0.0,0.0,0.0,0.0,0.0072007200720072,0.015209125475285173,0.0,0.005397448478900883,0.0013163867453472537,0.010894235133908307,0.03566919191919192,0.004016064257028112,0
0.0,0.0,0.0,0.0,0.0,0.28218465539661897,0.0,0.0,0.0,0.0,0.0,0.0,0.0027235587834770767,0.004539264639128461,0.004229797979797979,0.0,0
0.6080000000000001,0.0,0.0,0.022008253094910595,0.064453125,0.020806241872561766,0.15360000000000001,0.21332133213321333,0.029702970297029705,0.0,0.01064234131508932,0.041216879293424935,0.0036050839763958242,0.017703132092601,0.033522727272727273,0.5958378970427164,1
0.0,0.5265306122448979,0.0,0.0,0.0,0.0,0.0688,0.4671467146714672,0.0,0.0,0.0,0.10206084396467126,0.0029323649568769863,0.010894235133908307,0.003409090909090909,0.5469149324571012,1
0.0,0.0,0.0,0.0,0.0,0.0,0.046400000000000004,0.0,0.0,0.0,0.0,0.0,0.0025882886972310483,0.022696323195642305,0.006502525252525252,0.0,1
0.0,0.0,0.0,0.0,0.0,0.0,0.0176,0.0,0.0,0.0,0.02242493348536678,0.0,0.0005737630503858375,0.02088061733999092,0.011994949494949494,0.02154070828769624,0
0.9880000000000001,0.0,0.0,0.22696011004126548,0.0,0.10663198959687904,0.13173333333333334,0.0738073807380738,0.0738073807380738,0.0,0.07563664006081339,0.0,0.013519745801180209,0.10213345438039038,0.02803030303030303,0.9744432274552757,1
0.04000000000000001,0.12244897959183672,0.18518518518518517,0.05502063273727649,0.0,0.14434330299089726,0.11893333333333334,0.1827182718271827,0.009000900090009001,0.2699619771863118,0.38388445458000764,0.19479882237487736,0.001996368588288697,0.02496595551520654,0.06578282828282829,0.842278203723987,1
0.0,0.0,0.0,0.0,0.0,0.0,0.029333333333333336,0.0,0.0,0.0,0.0,0.0,0.001398093508851566,0.02088061733999092,0.005871212121212121,0.0,0
0.0,0.0,0.0,0.0,0.0,0.0,0.054400000000000004,0.0,0.0,0.0,0.0,0.0,0.00047480708125283687,0.0022696323195642307,0.001957070707070707,0.0,0
0.0,0.0,0.0,0.22145804676753789,0.0,0.0,0.17173333333333335,0.0,0.0,0.0,0.08741923223109085,0.0,0.0035778483885610534,0.026781661370857923,0.00523989898989899,0.08397225264695145,1
0.08800000000000001,0.08979591836734693,0.0,0.0,0.0,0.0,0.07200000000000001,0.10081008100810082,0.0,0.12737642585551331,0.049030786773090085,0.09470068694798824,0.0056813436223331825,0.03177485247389923,0.03888888888888889,0.27820372398685655,1
0.0,0.636734693877551,0.0,0.0,0.228515625,0.1014304291287386,0.16693333333333335,0.1053105310531053,0.0,0.0,0.09920182440136831,0.0,0.00041852019972764417,0.008170676350431231,0.007133838383838384,0.6648411829134722,1
0.0,0.0,0.0,0.0,0.0,0.0,0.0752,0.0,0.0,0.0,0.0,0.0,0.0005083976395823877,0.0022696323195642307,0.002398989898989899,0.0,0
0.0,0.0,0.0,0.02338376891334251,0.033203125,0.09102730819245772,0.046933333333333334,0.063006300630063,0.046804680468046804,0.0,0.03230710756366401,0.02796859666339549,0.0023277349069450747,0.017249205628688154,0.026262626262626262,0.05184373859072655,1
0.0,0.0,0.28148148148148144,0.0,0.0,0.0,0.02026666666666667,0.0,0.0,0.07224334600760457,0.3831242873432155,0.02894995093228656,0.26690876078075354,0.5338175215615071,0.07443181818181818,0.6670317634173056,1
0.12,0.24489795918367344,0.0,0.0,0.0,0.0,0.14613333333333337,0.10891089108910891,0.0,0.11406844106463879,0.072595971113645,0.07016683022571149,0.0009450748978665455,0.013617793917385384,0.01231060606060606,0.4505293902884264,1
0.144,0.0,0.0,0.0,0.0703125,0.046814044213263975,0.057600000000000005,0.2277227722772277,0.032403240324032405,0.13688212927756654,0.4572405929304447,0.2291462217860648,0.015796640944167044,0.17793917385383567,0.04640151515151515,0.7411464037970064,1
0.0,0.0,0.0,0.0,0.0,0.007802340702210662,0.14880000000000002,0.09900990099009901,0.0,0.0,0.03534777651083239,0.0,9.986382206082615e-05,0.0036314117113027695,0.016414141414141412,0.033953997809419496,0
0.0,0.0,0.0,0.0,0.0,0.0,0.10880000000000001,0.0,0.0,0.0,0.053591790193842644,0.0,0.005002269632319564,0.019064911484339538,0.020075757575757577,0.05147864184008762,0
0.0,0.0,0.0,0.0,0.0,0.0,0.21973333333333336,0.0927092709270927,0.0,0.0,0.0,0.0,0.0,0.0,0.000946969696969697,0.0,0
0.0,0.0,0.0,0.0,0.0,0.0,0.2501333333333334,0.0,0.0,0.0,0.0,0.0,0.0021788470267816613,0.022696323195642305,0.007449494949494949,0.0,0
0.288,0.24489795918367344,0.059259259259259255,0.005502063273727649,0.078125,0.05201560468140442,0.16426666666666667,0.11881188118811882,0.1116111611161116,0.07604562737642587,0.15697453439756748,0.08047105004906772,0.002299591466182478,0.0817067635043123,0.10366161616161616,0.7510040160642569,1
0.0,0.0,0.0,0.022008253094910595,0.03125,0.020806241872561766,0.08533333333333334,0.0423042304230423,0.0,0.0,0.1136450019004181,0.08537782139352307,0.0008088969586926919,0.01044030866999546,0.010921717171717171,0.17269076305220885,1
0.0,0.0,0.0,0.0,0.0,0.0,0.2576,0.0,0.0,0.30608365019011413,0.0,0.0,0.0006981389014979572,0.003177485247389923,0.001388888888888889,0.0,0
0.0,0.0,0.0,0.0,0.0,0.0,0.0,0.05850585058505851,0.0,0.0,0.0,0.0,0.0025937358147980027,0.012256014525646846,0.010164141414141414,0.0,0
0.0,0.0,0.0,0.0,0.0,0.0,0.0,0.039603960396039604,0.0,0.0,0.0,0.0,0.0004357694053563323,0.002723558783477077,0.004608585858585858,0.0,0
0.0,0.0,0.0,0.06189821182943605,0.0,0.0,0.048,0.04050405040504051,0.0,0.0,0.07715697453439757,0.0,0.006824330458465729,0.03222877893781208,0.03005050505050505,0.07411464037970063,1
0.328,0.11020408163265305,0.0,0.11279229711141679,0.052734375,0.0,0.14666666666666667,0.09900990099009901,0.0,0.0,0.08931965032307107,0.09224730127576056,0.0041960962324103495,0.055832955061280075,0.01875,0.552391383716685,1
0.0,0.0,0.0,0.0,0.0,0.0,0.08,0.0,0.0,0.0,0.0,0.0,0.0007562414888788016,0.004993191103041307,0.004797979797979798,0.0,0
0.0,0.0,0.0,0.0,0.0,0.0,0.2048,0.0,0.0,0.0,0.0,0.0,0.0006600090785292783,0.0018157058556513845,0.0011363636363636363,0.0,0
0.272,0.0,0.12592592592592594,0.04676753782668502,0.06640625,0.044213263979193757,0.03626666666666667,0.030603060306030605,0.0,0.0,0.08513873052071456,0.027477919528949957,0.001141171130276895,0.007262823422605538,0.009911616161616161,0.4746257758305951,1
0.0,0.0,0.0,0.0,0.0,0.0,0.13813333333333333,0.0,0.0,0.0,0.0,0.0,0.0,0.0,0.0007575757575757576,0.0,0
0.0,0.0,0.037037037037037035,0.020632737276478682,0.00390625,0.016905071521456434,0.11146666666666667,0.1413141314131413,0.0018001800180018,0.10456273764258557,0.09502090459901179,0.022571148184494606,0.0014244212437585111,0.029505220154335,0.14255050505050504,0.14457831325301207,1
0.42400000000000004,0.0,0.0,0.0,0.0,0.0,0.05653333333333334,0.0,0.0,0.0,0.0,0.0,0.0014752610077167498,0.02088061733999092,0.00523989898989899,0.3870025556772545,0
0.0,0.0,0.0,0.0,0.0,0.0,0.1648,0.0,0.0,0.0,0.0733561383504371,0.0,0.0,0.0,0.001388888888888889,0.07046367287331143,0
0.256,0.0,0.0,0.0,0.0,0.0,0.034133333333333335,0.0,0.0,0.0,0.0,0.0,0.0006600090785292783,0.0018157058556513845,0.0035353535353535356,0.23366192040890837,0
0.0,0.29387755102040813,0.15185185185185182,0.0,0.0390625,0.2028608582574772,0.09973333333333334,0.0747074707470747,0.0558055805580558,0.11787072243346008,0.20828582288103387,0.09764474975466145,0.01205901044030867,0.31048570131638675,0.09551767676767678,0.6852866009492515,1
0.384,0.0,0.0,0.0,0.0,0.0,0.3589333333333334,0.17281728172817282,0.0,0.0,0.0661345496009122,0.042688910696761534,0.0005556059918293237,0.004993191103041307,0.0030934343434343434,0.4457831325301205,1
0.0,0.0,0.0,0.0,0.0,0.0,0.0,0.0,0.0,0.0,0.0,0.0,0.0013617793917385383,0.004539264639128461,0.0021464646464646464,0.0,0
0.0,0.0,0.0,0.0,0.0,0.0,0.0,0.0,0.0,0.0,0.0,0.0,0.0013309123921924648,0.005447117566954153,0.0022727272727272726,0.0,0
0.0,0.0,0.0,0.0,0.0,0.0,0.09493333333333334,0.24032403240324032,0.0,0.0,0.507791714177119,0.0,0.0050939627780299595,0.022696323195642305,0.014962121212121211,0.48776925885359623,1
0.6240000000000001,0.0,0.0,0.2145804676753783,0.0,0.0,0.0,0.0,0.0,0.0,0.2922843025465603,0.0,0.0010213345438039039,0.004993191103041307,0.0020833333333333333,0.8503103322380432,1
0.43200000000000005,0.0,0.0,0.0,0.0,0.0,0.057600000000000005,0.19531953195319532,0.0,0.0,0.5617635879893577,0.0,0.0009078529278256923,0.013163867453472538,0.006628787878787878,0.9339174881343556,1
0.0,0.07755102040816325,0.0,0.02613480055020633,0.0,0.024707412223667097,0.12586666666666665,0.1062106210621062,0.0,0.0,0.05777270999619916,0.0,0.00032410349523377213,0.008170676350431231,0.00928030303030303,0.1248630887185104,1
0.0,0.0,0.0,0.0,0.0,0.0,0.0,0.22502250225022502,0.0,0.0,0.0,0.0,0.0,0.0,0.0002525252525252525,0.0,0
0.0,0.0,0.0,0.0,0.0,0.0,0.0,0.012601260126012603,0.0,0.0,0.0,0.0,0.0031357240127099406,0.024512029051293693,0.05871212121212121,0.0,0
0.0,0.0,0.0,0.0,0.0,0.0,0.0816,0.06840684068406841,0.0,0.0,0.0,0.0,0.0002442124375851112,0.0013617793917385383,0.00202020202020202,0.0,0
0.0,0.0,0.0,0.0,0.0,0.0,0.0,0.08100810081008102,0.0,0.0,0.0,0.0,0.002244212437585111,0.012256014525646846,0.007828282828282828,0.0,0
0.0,0.0,0.0,0.0,0.0,0.0,0.1616,0.0,0.0,0.0,0.0,0.0,0.0001643213799364503,0.0009078529278256922,0.0007575757575757576,0.0,0
0.0,0.0,0.0,0.0,0.0,0.0,0.06666666666666667,0.0,0.0,0.0,0.1489927784112505,0.0,0.0026917839310031774,0.029959146618247844,0.0071969696969696965,0.14311792625045638,1
0.0,0.0,0.0,0.0,0.138671875,0.09232769830949283,0.15200000000000002,0.22502250225022502,0.0315031503150315,0.0,0.09122006841505131,0.11776251226692837,0.002191556967771221,0.010894235133908307,0.008775252525252525,0.17524644030668127,1
0.0,0.0,0.0,0.0,0.0,0.0,0.33333333333333337,0.0,0.0,0.0,0.0,0.0,0.00025873808443032233,0.0009078529278256922,0.000505050505050505,0.0,0
0.828,0.0,0.0,0.07015130674002752,0.0,0.2691807542262678,0.05493333333333334,0.0927092709270927,0.0,0.0,0.02546560243253516,0.0,0.0015215615070358602,0.007262823422605538,0.005681818181818181,0.7802117561153706,1
0.0,0.0,0.0,0.0,0.0,0.0,0.1024,0.0,0.0,0.0,0.12428734321550743,0.16045142296368992,0.0004375851112119836,0.0013617793917385383,0.0026515151515151517,0.23877327491785325,0
0.0,0.0,0.0,0.0,0.0,0.0,0.0,0.0,0.0,0.04942965779467681,0.0,0.0,0.0017439854743531544,0.02723558783477077,0.006944444444444444,0.0,0
0.0,0.0,0.0,0.0,0.0,0.0,0.128,0.4329432943294329,0.0,0.0,0.0,0.0,0.0027235587834770767,0.006808896958692692,0.004482323232323232,0.0,1
0.0,0.0,0.0,0.0,0.0,0.0,0.064,0.0,0.0,0.0,0.0,0.0,0.001191103041307308,0.004539264639128461,0.0022727272727272726,0.0,0
0.020000000000000004,0.0,0.07407407407407407,0.0,0.01953125,0.049414824447334194,0.0037333333333333337,0.015301530153015303,0.004500450045004501,0.0,0.04256936526035728,0.008832188420019628,0.002652746255106673,0.22151611438946892,0.20643939393939392,0.13873676524278936,1
0.32000000000000006,0.0,0.0,0.0,0.15625,0.0,0.08586666666666667,0.21692169216921695,0.0,0.0,0.5936906119346257,0.17664376840039256,0.0014870630957784835,0.009532455742169769,0.007765151515151515,0.9937933552391386,1
0.0,0.0,0.0,0.0,0.0,0.0,0.030933333333333334,0.0,0.0,0.0,0.0,0.0,0.004927825692237858,0.04403086699954607,0.019823232323232323,0.0,0
0.0,0.0,0.0,0.0,0.0,0.0,0.014400000000000001,0.024302430243024305,0.0,0.0,0.0,0.09077526987242396,0.0057312755333635956,0.04448479346345892,0.038257575757575754,0.06754289886820007,1
0.0,0.0,0.0,0.0,0.0,0.0,0.0,0.0,0.0,0.0,0.0,0.0,0.0030966863368134356,0.012256014525646846,0.11773989898989899,0.0,0
0.0,0.0,0.0,0.0,0.0,0.0,0.11200000000000002,0.0,0.0,0.0,0.02774610414291144,0.0,0.00470812528370404,0.019064911484339538,0.01672979797979798,0.026652062796641108,0
0.388,0.0,0.0,0.13342503438789546,0.0,0.0,0.0,0.08730873087308731,0.0,0.0,0.0,0.08194308145240434,0.0022696323195642307,0.005447117566954153,0.004797979797979798,0.4151150054764513,1
0.384,0.0,0.0,0.0,0.0,0.0,0.3589333333333334,0.17281728172817282,0.0,0.0,0.0661345496009122,0.042688910696761534,0.0005556059918293237,0.004993191103041307,0.0030934343434343434,0.4457831325301205,1
0.0,0.0,0.4888888888888889,0.0,0.0,0.0,0.05600000000000001,0.023402340234023402,0.0,0.0,0.06651463321930824,0.021099116781158,0.0066009986382206095,0.03086699954607354,0.05580808080808081,0.561518802482658,1
0.24,0.24489795918367344,0.0,0.0,0.0,0.0,0.0,0.0,0.0,0.0,0.03876852907639681,0.351324828263003,0.003188379482523831,0.019064911484339538,0.011616161616161616,0.7367652427893391,1
0.20400000000000001,0.0,0.0,0.0,0.0,0.0,0.08213333333333334,0.0927092709270927,0.04590459045904591,0.0,0.030026605853287727,0.0,0.0006454834316840674,0.006354970494779846,0.004797979797979798,0.21504198612632347,0
0.0,0.0,0.0,0.0,0.0,0.0,0.0,0.0,0.0,0.0,0.0,0.0,0.0024203359055832954,0.005447117566954153,0.0027146464646464648,0.0,1
0.0,0.0,0.0,0.08253094910591473,0.0,0.3159947984395318,0.09706666666666668,0.10891089108910891,0.0,0.11406844106463879,0.0,0.0,0.002751702224239673,0.03177485247389923,0.00808080808080808,0.0,1
0.0,0.0,0.0,0.0,0.0,0.0,0.013866666666666668,0.023402340234023402,0.0,0.0,0.03458760927404029,0.0,0.0011121198365864728,0.004993191103041307,0.014267676767676768,0.03322380430814166,0
0.0,0.0,0.0,0.0,0.0,0.0,0.2048,0.1152115211521152,0.0,0.0,0.588369441277081,0.0,0.002017249205628688,0.005901044030867,0.0035984848484848487,0.5651697699890471,0
0.0,0.0,0.0,0.0,0.0,0.0,0.05493333333333334,0.0,0.0,0.2946768060836502,0.0,0.06918547595682041,0.022525646845211078,0.04675442578302315,0.02601010101010101,0.05147864184008762,0
0.132,0.0,0.37037037037037035,0.045392022008253104,0.12890625,0.13003901170351104,0.05333333333333334,0.18001800180018002,0.0,0.06273764258555134,0.14139110604332955,0.07801766437684005,0.0008116205174761689,0.005901044030867,0.0101010101010101,0.6794450529390289,1
0.06,0.0,0.05555555555555555,0.020632737276478682,0.0,0.09752925877763327,0.008,0.054005400540054004,0.0,0.0,0.1337894336754086,0.009813542688910699,0.004482977757603268,0.06718111665910123,0.06666666666666668,0.24534501642935377,1
0.0,0.5224489795918367,0.0,0.0,0.0,0.0,0.06826666666666667,0.576957695769577,0.0,0.0,0.0,0.10009813542688911,0.0037957330912392197,0.010894235133908307,0.0035353535353535356,0.5418035779481563,1
0.0,0.0,0.0,0.0,0.0,0.0,0.0,0.1242124212421242,0.0,0.0,0.1847206385404789,0.0,0.0015261007716749885,0.004539264639128461,0.0036616161616161618,0.1774370208105148,1
0.0,0.0,0.0,0.0,0.0,0.0,0.0,0.0,0.0,0.0,0.0,0.0,0.0018157058556513843,0.007716749886518385,0.002398989898989899,0.0,0
0.26,0.0,0.0,0.0894085281980743,0.0,0.0,0.24533333333333332,0.0,0.0,0.0,0.08855948308627899,0.0,0.0013617793917385383,0.009986382206082615,0.008459595959595959,0.3223804308141658,1
0.0,0.0,0.0,0.0,0.0,0.0,0.4442666666666667,0.0,0.0,0.0,0.0,0.0,0.0,0.0,0.00044191919191919195,0.0,0
0.0,0.0,0.0,0.0,0.0,0.0,0.07200000000000001,0.019801980198019802,0.0,0.0,0.0,0.0,0.00011802088061733994,0.0009078529278256922,0.00486111111111111,0.0,0
0.0,0.0,0.0,0.0,0.0,0.0,0.10986666666666668,0.0765076507650765,0.027002700270027002,0.0,0.02774610414291144,0.0,0.0010948706309577847,0.021788470267816613,0.06470959595959597,0.026652062796641108,0
0.0,0.07346938775510203,0.0,0.0,0.072265625,0.0,0.14133333333333334,0.0846084608460846,0.016201620162016202,0.07034220532319392,0.11782592170277462,0.05495583905789991,0.0014053563322741717,0.014979573309123922,0.014898989898989898,0.21978824388462942,1
0.23199999999999998,0.0,0.0,0.0797799174690509,0.11328124999999999,0.07542262678803639,0.2288,0.0351035103510351,0.0,0.0,0.02546560243253516,0.06624141315014721,0.0018293236495687698,0.009078529278256923,0.01193181818181818,0.2855056589996349,1
0.0,0.0,0.0,0.0,0.0,0.0,0.0,0.0,0.0,0.0,0.0,0.0,0.0,0.0,0.00012626262626262626,0.0,0
0.0,0.0,0.0,0.0,0.0,0.013003901170351105,0.05173333333333333,0.009000900090009001,0.0,0.0,0.020904599011782595,0.0,0.002511121198365865,0.019064911484339538,0.11287878787878788,0.020080321285140562,0
0.336,0.0,0.0,0.0,0.05468750000000001,0.5864759427828348,0.13546666666666668,0.22862286228622863,0.025202520252025205,0.0,0.4359559103002661,0.02208047105004907,0.005608715388107127,0.04675442578302315,0.033017676767676765,0.7418765972982841,1
0.068,0.0,0.0,0.0,0.134765625,0.06762028608582574,0.009066666666666667,0.015301530153015303,0.0,0.0,0.0,0.0,0.0005456196096232411,0.004539264639128461,0.017424242424242425,0.06206644760861629,0
0.0,0.0,0.0,0.0,0.0,0.0,0.0,0.1629162916291629,0.0,0.0,0.11744583808437857,0.0,0.00030231502496595546,0.004539264639128461,0.0034722222222222225,0.11281489594742607,1
0.0,0.0,0.0,0.038514442916093544,0.11132812499999999,0.036410923276983094,0.15360000000000001,0.1809180918091809,0.0,0.0,0.08285822881033827,0.1069676153091266,0.002445755787562415,0.017703132092601,0.01369949494949495,0.15918218327856884,1
0.0,0.0,0.0,0.0,0.0,0.0,0.0,0.0,0.0,0.0,0.0,0.0,0.0003404448479346346,0.0013617793917385383,0.0006313131313131314,0.0,0
0.144,0.0,0.0,0.0,0.0703125,0.046814044213263975,0.057600000000000005,0.2277227722772277,0.032403240324032405,0.13688212927756654,0.4572405929304447,0.2291462217860648,0.015796640944167044,0.17793917385383567,0.04640151515151515,0.7411464037970064,1
0.0,0.0,0.0,0.0,0.0,0.0,0.05973333333333334,0.10081008100810082,0.0,0.0,0.07715697453439757,0.0,0.0011093962778029958,0.008624602814344077,0.002462121212121212,0.07411464037970063,0
0.0,0.0,0.0,0.0,0.0,0.0,0.0,0.0,0.0,0.0,0.0,0.0,0.002074443940081707,0.01044030866999546,0.004292929292929293,0.0,0
0.0,0.0,0.0,0.0,0.146484375,0.0,0.0,0.0,0.030603060306030605,0.0,0.0,0.026005888125613347,0.0007843849296413982,0.01407172038129823,0.05738636363636364,0.019350127783862723,0
0.0,0.0,0.0,0.0,0.0,0.0,0.1904,0.16021602160216022,0.0,0.0,0.45381984036488027,0.0,0.0011166591012256016,0.003177485247389923,0.0017676767676767678,0.4359255202628697,0
0.0,0.0,0.0,0.0,0.0,0.0,0.03946666666666667,0.0,0.0,0.0,0.11782592170277462,0.05053974484789009,0.0009387199273717656,0.004539264639128461,0.0036616161616161618,0.15078495801387368,0
0.652,0.0,0.0,0.0,0.0,0.0,0.1744,0.29432943294329433,0.0,0.30988593155893535,0.2884834663625998,0.12414131501472034,0.0009078529278256923,0.006808896958692692,0.0022095959595959595,0.9645856151880249,1
0.0,0.0,0.537037037037037,0.19944979367262725,0.283203125,0.0,0.11626666666666668,0.459045904590459,0.0,0.0,0.039908779931584946,0.0,0.0015333635950975943,0.010894235133908307,0.00486111111111111,0.5677254472435196,1
0.0,0.0,0.0,0.0,0.0234375,0.0,0.09493333333333334,0.04590459045904591,0.0,0.0,0.020904599011782595,0.0,0.0018883340898774399,0.02814344076259646,0.02638888888888889,0.020080321285140562,0
0.0,0.0,0.0,0.0,0.0,0.04291287386215865,0.07200000000000001,0.06030603060306031,0.0,0.06273764258555134,0.02128468263017864,0.0,0.0007862006354970495,0.007262823422605538,0.007007575757575758,0.020445418035779483,0
0.0,0.0,0.0,0.0,0.0,0.0,0.0,0.0,0.0,0.0,0.0,0.0,0.0011048570131638675,0.0036314117113027695,0.012815656565656565,0.0,0
0.0,0.0,0.0,0.0,0.0,0.0,0.10773333333333335,0.0,0.0,0.0,0.14291144051691373,0.0,0.0011892873354516567,0.006354970494779846,0.004166666666666667,0.13727637824023367,0
0.43200000000000005,0.0,0.0,0.0,0.0,0.0,0.057600000000000005,0.19531953195319532,0.0,0.0,0.5617635879893577,0.0,0.0009078529278256923,0.013163867453472538,0.006628787878787878,0.9339174881343556,1
0.0,0.03673469387755102,0.0,0.0,0.0,0.0,0.10666666666666667,0.29432943294329433,0.016201620162016202,0.017110266159695818,0.09578107183580388,0.015210991167811582,0.002556513844757149,0.03086699954607354,0.0341540404040404,0.1361810879883169,1
0.17600000000000002,0.17959183673469387,0.0,0.0,0.0,0.0,0.21493333333333337,0.16111611161116113,0.0,0.0,0.35879893576586847,0.07114818449460256,0.0013172945982750793,0.012256014525646846,0.009532828282828282,0.7188755020080321,1
0.08000000000000002,0.0,0.0,0.0,0.078125,0.02600780234070221,0.04266666666666667,0.036003600360036005,0.0,0.0,0.0,0.14818449460255154,0.0006600090785292783,0.004539264639128461,0.01193181818181818,0.1832785688207375,1
0.0,0.0,0.0,0.0,0.0,0.0,0.2048,0.0,0.0,0.0,0.0,0.0,0.0007262823422605537,0.0022696323195642307,0.0010732323232323232,0.0,0
0.31200000000000006,0.0,0.0,0.0,0.0,0.0507152145643693,0.2714666666666667,0.052205220522052204,0.0,0.0,0.16875712656784495,0.0,0.0005683159328188832,0.003177485247389923,0.007638888888888889,0.44687842278203727,0
0.0,0.0,0.0,0.0,0.0,0.0,0.0,0.0,0.12241224122412242,0.0,0.0,0.0,0.0004911484339536995,0.002723558783477077,0.0022727272727272726,0.0,0
0.0,0.0,0.0,0.0,0.0,0.0,0.20906666666666668,0.0,0.0,0.0,0.0,0.0,0.0007126645483431683,0.0022696323195642307,0.0015151515151515152,0.0,0
0.0,0.29387755102040813,0.15185185185185182,0.0,0.0390625,0.2028608582574772,0.09973333333333334,0.0747074707470747,0.0558055805580558,0.11787072243346008,0.20828582288103387,0.09764474975466145,0.01205901044030867,0.31048570131638675,0.09551767676767678,0.6852866009492515,1
0.512,0.0,0.0,0.0,0.0,0.0,0.2048,0.34563456345634563,0.0,0.0,0.08741923223109085,0.11285574092247304,0.004119836586472992,0.018157058556513846,0.004482323232323232,0.6352683461117197,1
0.0,0.0,0.0,0.0,0.05468750000000001,0.0,0.014933333333333335,0.025202520252025205,0.0,0.0,0.0,0.0,0.024039037675896505,0.34997730367680435,0.08320707070707072,0.0,1
0.0,0.0,0.0,0.0,0.0,0.0,0.10026666666666667,0.0,0.0,0.0,0.0,0.0,0.00041852019972764417,0.0022696323195642307,0.0011363636363636363,0.0,0
0.576,0.0,0.0,0.0,0.0,0.0,0.3088,0.12961296129612962,0.0,0.0,0.20600532117065756,0.13297350343473996,0.0010503858374943257,0.004539264639128461,0.0025252525252525255,0.8225629791894853,1
0.0,0.0,0.0,0.0,0.16015625,0.0,0.088,0.22232223222322234,0.1485148514851485,0.0,0.04294944887875333,0.0,0.0002269632319564231,0.0013617793917385383,0.0030934343434343434,0.04125593282219789,1
0.0,0.0,0.0,0.0,0.0,0.0,0.07253333333333334,0.0,0.0,0.0,0.0,0.0,0.0010767135724012709,0.006354970494779846,0.01029040404040404,0.0,0
0.0,0.0,0.0,0.0,0.0,0.0,0.0,0.0,0.0,0.0,0.0,0.0,0.014962324103495236,0.021788470267816613,0.029734848484848486,0.0,1
0.0,0.0,0.0,0.0,0.0,0.0,0.08426666666666667,0.0,0.0,0.0,0.0,0.0,0.0022342260553790284,0.004993191103041307,0.0056186868686868684,0.0,0
0.0,0.0,0.0,0.0,0.0,0.0,0.2048,0.0576057605760576,0.0,0.0,0.08551881413911061,0.0,0.0008188833408987744,0.004993191103041307,0.00486111111111111,0.08214676889375686,0
0.0,0.0,0.8370370370370369,0.0,0.0,0.0,0.13653333333333334,0.1899189918991899,0.0,0.0,0.09692132269099203,0.03729146221786065,0.0048116205174761695,0.016341352700862462,0.07670454545454546,0.9459656809054399,1
0.0,0.0,0.0,0.0,0.0,0.13524057217165147,0.05546666666666667,0.0,0.0,0.0,0.06803496769289244,0.0,0.0009414434861552428,0.005447117566954153,0.003409090909090909,0.06535231836436656,0
0.09200000000000001,0.09387755102040815,0.0,0.0,0.0,0.061118335500650184,0.14026666666666668,0.0423042304230423,0.0,0.04372623574144487,0.12428734321550743,0.6658488714425909,0.0043295506128007265,0.03222877893781208,0.028345959595959595,0.7827674333698431,1
0.0,0.0,0.0,0.0,0.0,0.10273081924577372,0.14880000000000002,0.1791179117911791,0.0,0.0,0.0068415051311288486,0.0,0.00246572855197458,0.02088061733999092,0.029734848484848486,0.0065717415115005475,0
0.0,0.0,0.0,0.0,0.0,0.0,0.0,0.0,0.0,0.0,0.0,0.0,0.0040853381752156154,0.0040853381752156154,0.0006313131313131314,0.0,0
0.0,0.0,0.0,0.0,0.173828125,0.0,0.0,0.0,0.0,0.0,0.0,0.0,0.0005537902859736723,0.005447117566954153,0.0059343434343434335,0.0,0
0.192,0.0,0.08888888888888888,0.0,0.09375,0.0,0.07680000000000001,0.043204320432043204,0.0,0.0,0.0,0.0,0.005286427598729007,0.06445755787562416,0.02922979797979798,0.2628696604600219,0
0.0,0.0,0.0,0.0,0.0,0.0,0.0,0.0,0.0,0.0,0.0,0.0,0.0014870630957784835,0.008624602814344077,0.007765151515151515,0.0,0
0.0,0.0,0.0,0.0,0.0,0.03381014304291287,0.22773333333333332,0.21602160216021601,0.0,0.10076045627376427,0.0,0.0,0.0005265546981389017,0.003177485247389923,0.008017676767676767,0.0,0
0.248,0.0,0.0,0.0,0.0,0.0,0.06613333333333334,0.0558055805580558,0.0,0.0,0.4009882174078297,0.0,0.0009378120744439399,0.006808896958692692,0.007512626262626262,0.6115370573201898,1
0.0,0.0,0.0,0.0,0.04296875,0.0,0.0,0.0,0.0,0.0,0.0,0.0,0.001288243304584657,0.011802088061734,0.035227272727272725,0.0,0
0.0,0.0,0.0,0.04951856946354884,0.0,0.0,0.15413333333333334,0.19531953195319532,0.0,0.0,0.0,0.0,0.005161143894689061,0.026781661370857923,0.014709595959595959,0.0,1
0.41600000000000004,0.0,0.12592592592592594,0.0,0.0,0.0,0.24106666666666665,0.0,0.0,0.0,0.0,0.0,0.0008742623694961417,0.02088061733999092,0.006755050505050504,0.5038335158817088,0
0.0,0.29387755102040813,0.0,0.0,0.0,0.0,0.038400000000000004,0.09810981098109811,0.0,0.0,0.02394526795895097,0.061825318940137396,0.001418066273263731,0.01543349977303677,0.007702020202020201,0.3318729463307777,1
0.0,0.0,0.0,0.0,0.0,0.0,0.0976,0.0,0.0,0.0,0.0,0.0,0.0008334089877439853,0.005447117566954153,0.004419191919191919,0.0,0
0.0,0.0,0.0,0.0,0.0703125,0.046814044213263975,0.0784,0.032403240324032405,0.0,0.0,0.0,0.0,0.0007199273717657739,0.009078529278256923,0.010921717171717171,0.0,0
0.0,0.0,0.0,0.0,0.0,0.0,0.0,0.0,0.0,0.0,0.0,0.0,0.000604630049931911,0.0013617793917385383,0.0008838383838383839,0.0,0
0.0,0.0,0.0,0.0,0.0,0.2028608582574772,0.08320000000000001,0.1404140414041404,0.0,0.0,0.0,0.0,0.0,0.0,0.0006313131313131314,0.0,0
0.08800000000000001,0.2571428571428571,0.0,0.004126547455295736,0.0859375,0.0,0.18293333333333336,0.13771377137713772,0.012601260126012603,0.10646387832699622,0.23261117445838086,0.26054955839057903,0.0057194734453018614,0.34589196550158874,0.1547979797979798,0.7276378240233662,1
0.132,0.1877551020408163,0.0,0.0027510316368638244,0.08203125,0.0026007802340702207,0.16266666666666665,0.12871287128712872,0.0315031503150315,0.06653992395437262,0.12352717597871533,0.25662414131501476,0.005195642305946437,0.2015433499773037,0.2605429292929293,0.5980284775465499,1
0.0,0.0,0.0,0.0,0.0,0.0,0.12693333333333334,0.0,0.0,0.0,0.0,0.0,0.001736722650930549,0.011802088061734,0.004166666666666667,0.0,1
0.0,0.0,0.0,0.0,0.0,0.0,0.06186666666666667,0.10441044104410441,0.0,0.0,0.05625237552261497,0.0,0.0008824330458465729,0.007716749886518385,0.004419191919191919,0.05403431909456006,0
0.0,0.0,0.0,0.0,0.0,0.0,0.0,0.0,0.0,0.0,0.0,0.0,0.0017857467090331368,0.004539264639128461,0.005744949494949495,0.0,0
0.068,0.02040816326530612,0.018518518518518517,0.0,0.0,0.0,0.06133333333333333,0.08280828082808281,0.0,0.10836501901140684,0.0338274420372482,0.038763493621197256,0.003552428506581934,0.042669087607807535,0.08276515151515153,0.15991237677984668,1
0.0,0.0,0.0,0.0,0.0,0.0,0.0,0.0,0.09630963096309632,0.0,0.07221588749524896,0.18645731108930327,0.0023604176123467996,0.006808896958692692,0.004482323232323232,0.20810514786418405,1
0.12,0.24489795918367344,0.0,0.0,0.0,0.0,0.14400000000000002,0.10801080108010801,0.0,0.11406844106463879,0.07183580387685291,0.06918547595682041,0.0008461189287335451,0.013617793917385384,0.012626262626262626,0.4490690032858708,1
0.0,0.0,0.0,0.31361760660247595,0.0,0.07412223667100129,0.1824,0.1026102610261026,0.0,0.0,0.18510072215887496,0.0,0.013814798002723559,0.06627326373127554,0.023484848484848483,0.17780211756115372,1
0.22400000000000003,0.0,0.0,0.15405777166437418,0.546875,0.0,0.2096,0.15121512151215122,0.0,0.0,0.41163055872291904,0.16339548577036314,0.003607807535179301,0.06309577848388562,0.012184343434343435,0.7214311792625046,1
0.0,0.0,0.0,0.0,0.0,0.0,0.0,0.0576057605760576,0.0,0.0,0.08855948308627899,0.0,0.007716749886518385,0.03767589650476623,0.020328282828282827,0.08506754289886821,1
0.0,0.0,0.0,0.0,0.0,0.006501950585175552,0.0112,0.013501350135013501,0.0,0.10836501901140684,0.0,0.006869479882237489,0.0022342260553790284,0.029505220154335,0.07380050505050506,0.005111354508944871,0
0.248,0.0,0.0,0.0,0.12109375,0.0,0.03306666666666667,0.0,0.0,0.0,0.039148612694792854,0.0,0.00031502496595551524,0.0013617793917385383,0.001893939393939394,0.26396495071193865,0
0.44400000000000006,0.0,0.0,0.18294360385144434,0.0,0.14434330299089726,0.1418666666666667,0.15931593159315932,0.0,0.0,0.02546560243253516,0.03287536800785084,0.0008588288697231049,0.009532455742169769,0.01148989898989899,0.45418035779481564,1
0.0,0.0,0.0,0.0,0.0,0.0,0.0,0.0,0.0,0.0,0.19384264538198406,0.16683022571148187,0.0025065819337267365,0.009986382206082615,0.004924242424242424,0.31033223804308147,1
0.0,0.0,0.0,0.0,0.0,0.0,0.04533333333333334,0.018901890189018902,0.0,0.0,0.0,0.0,0.0013835678620063548,0.007716749886518385,0.016351010101010102,0.0,0
0.0,0.0,0.0,0.0,0.0,0.0,0.12213333333333334,0.0,0.0,0.0,0.0,0.0,0.001171130276895143,0.006808896958692692,0.004419191919191919,0.0,0
0.0,0.0,0.0,0.0,0.0,0.0,0.08693333333333333,0.0,0.0,0.0,0.0,0.0,0.0004947798456650022,0.0018157058556513845,0.00101010101010101,0.0,0
0.0,0.0,0.0,0.0,0.0,0.0,0.088,0.0738073807380738,0.0,0.0,0.0,0.0,0.001008624602814344,0.008170676350431231,0.004734848484848484,0.0,0
0.0,0.0,0.0,0.09353507565337003,0.0,0.0,0.07306666666666668,0.1854185418541854,0.0,0.0,0.0,0.0,0.002150703586019065,0.008170676350431231,0.009722222222222222,0.0,0
0.0,0.08163265306122448,0.07407407407407407,0.027510316368638245,0.0390625,0.188556566970091,0.11093333333333334,0.11251125112511251,0.0558055805580558,0.19771863117870725,0.12694792854427975,0.0858684985279686,0.005845665002269633,0.31230140717203814,0.0811868686868687,0.3318729463307777,1
0.0,0.15918367346938775,0.2185185185185185,0.02613480055020633,0.037109375,0.024707412223667097,0.031466666666666664,0.0351035103510351,0.0,0.036121673003802285,0.0661345496009122,0.26889106967615317,0.0035996368588288694,0.04357694053563323,0.06262626262626263,0.6213946695874407,1
0.09200000000000001,0.0,0.08518518518518518,0.0,0.0,0.0,0.20320000000000002,0.1071107110711071,0.0,0.04372623574144487,0.386925123527176,0.017664376840039256,0.0027435315478892422,0.04357694053563323,0.034217171717171715,0.5527564804673238,1
0.336,0.0,0.0,0.11554332874828062,0.0,0.0,0.1792,0.07560756075607561,0.0,0.0,0.1972633979475485,0.0,0.003631411711302769,0.019064911484339538,0.007828282828282828,0.49616648411829134,1
0.148,0.0,0.0,0.05089408528198075,0.146484375,0.0,0.14133333333333334,0.1017101710171017,0.0,0.0,0.3352337514253136,0.0927379784102061,0.0027961870177031323,0.03495233772128915,0.015909090909090907,0.5261044176706827,1
0.09200000000000001,0.09387755102040815,0.0,0.0,0.0,0.061118335500650184,0.14026666666666668,0.0423042304230423,0.0,0.04372623574144487,0.12428734321550743,0.6658488714425909,0.0043295506128007265,0.03222877893781208,0.028345959595959595,0.7827674333698431,1
0.0,0.0,0.0,0.0,0.228515625,0.0,0.18773333333333334,0.0,0.0,0.0,0.33675408589889777,0.0,0.0008769859282796187,0.0040853381752156154,0.0036616161616161618,0.3234757210660825,1
0.328,0.13469387755102039,0.0,0.09078404401650621,0.064453125,0.020806241872561766,0.14986666666666668,0.0891089108910891,0.0,0.0,0.09578107183580388,0.024533856722276745,0.004783477076713573,0.1584203359055833,0.045454545454545456,0.5301204819277109,1
0.44400000000000006,0.0,0.0,0.020632737276478682,0.0,0.165149544863459,0.042133333333333335,0.0,0.0,0.11977186311787073,0.32763207905739267,0.34690873405299316,0.004015433499773037,0.022696323195642305,0.0711489898989899,0.9780941949616649,1
0.0,0.0,0.0,0.08253094910591473,0.0,0.3159947984395318,0.09706666666666668,0.10891089108910891,0.0,0.11406844106463879,0.0,0.0,0.002751702224239673,0.03177485247389923,0.00808080808080808,0.0,1
0.0,0.0,0.0,0.0,0.0390625,0.016905071521456434,0.06186666666666667,0.1107110711071107,0.0,0.14258555133079848,0.17939946788293423,0.04514229636898921,0.0009859282796187015,0.04675442578302315,0.04431818181818182,0.2059145673603505,1
0.0,0.0,0.0,0.0,0.0,0.11703511053315993,0.192,0.0,0.0,0.0,0.0,0.0,0.0006600090785292783,0.0018157058556513845,0.0011363636363636363,0.0,0
0.0,0.0,0.0,0.0,0.0,0.0,0.21333333333333335,0.0,0.0,0.0,0.0,0.0,0.0,0.0,0.00031565656565656563,0.0,0
0.268,0.0,0.0,0.0,0.0,0.0,0.216,0.18181818181818182,0.06030603060306031,0.0,0.0,0.0,0.0020608261461643215,0.008170676350431231,0.007575757575757575,0.24461482292807596,0
0.96,0.0,0.0,0.0,0.0,0.0,0.2986666666666667,0.14401440144014402,0.0,0.0,0.08931965032307107,0.0,0.0003449841125737629,0.0013617793917385383,0.0017676767676767678,0.9620299379335524,0
0.23199999999999998,0.1877551020408163,0.0,0.0,0.044921875,0.014304291287386214,0.2234666666666667,0.13591359135913592,0.0,0.0,0.2786012922843026,0.05103042198233563,0.0065292782569223795,0.147526100771675,0.08579545454545455,0.6852866009492516,1
0.0,0.0,0.0,0.0,0.017578125,0.0,0.18933333333333333,0.1116111611161116,0.0,0.0,0.0935005701254276,0.4386653581943082,0.0027235587834770767,0.031320926009986386,0.04034090909090909,0.4162102957283681,1
0.11599999999999999,0.11836734693877549,0.0,0.019257221458046772,0.28515625,0.2665799739921976,0.10133333333333333,0.09180918091809182,0.052205220522052204,0.0,0.21208665906499433,0.011776251226692838,0.00046935996368588286,0.004993191103041307,0.013636363636363636,0.42424242424242425,1
0.0,0.0,0.0,0.3094910591471802,0.0,0.07282184655396619,0.1802666666666667,0.10081008100810082,0.0,0.0,0.19080197643481567,0.0,0.013893781207444394,0.06672719019518839,0.02361111111111111,0.1832785688207375,1
0.0,0.0,0.0,0.0,0.0,0.0,0.11466666666666667,0.04770477047704771,0.0,0.0,0.0,0.0,0.0007780299591466183,0.006808896958692692,0.0032196969696969696,0.0,0
0.32000000000000006,0.0,0.0,0.11004126547455298,0.15625,0.10403120936280884,0.08533333333333334,0.14401440144014402,0.0,0.0,0.10262257696693274,0.0,0.0019201089423513391,0.008170676350431231,0.00505050505050505,0.3906535231836437,1
0.0,0.0,0.0,0.0,0.080078125,0.0,0.0,0.0,0.0072007200720072,0.015209125475285173,0.0,0.011285574092247303,0.0007970948706309578,0.01044030866999546,0.046654040404040406,0.008397225264695144,0
0.17200000000000001,0.0,0.0,0.0,0.0,0.027308192457737315,0.0112,0.0387038703870387,0.0,0.0,0.05549220828582288,0.07163886162904809,0.004750794371311848,0.04448479346345892,0.040467171717171714,0.26359985396129976,1
0.0,0.02040816326530612,0.08518518518518518,0.006877579092159561,0.125,0.006501950585175552,0.22453333333333333,0.09990999099909992,0.004500450045004501,0.009505703422053233,0.0038008361839604716,0.08194308145240434,0.0007426236949614164,0.005447117566954153,0.029103535353535354,0.16684921504198616,1
0.328,0.0,0.0,0.0,0.0,0.0,0.088,0.0738073807380738,0.0,0.155893536121673,0.0,0.0,0.0006981389014979572,0.004539264639128461,0.004292929292929293,0.2993793355239138,1
0.0,0.0,0.0,0.0,0.0,0.0871261378413524,0.03573333333333334,0.0,0.0,0.0,0.30482706195362985,0.05593719332679098,0.0013862914207898322,0.008624602814344077,0.008712121212121211,0.3344286235852501,1
0.0,0.0,0.0,0.0,0.0,0.0,0.12693333333333334,0.0,0.0,0.0,0.0,0.0,0.001736722650930549,0.011802088061734,0.004166666666666667,0.0,1
0.0,0.0,0.0,0.0,0.22656249999999997,0.0,0.06186666666666667,0.0,0.0,0.0,0.0,0.0,0.0014997730367680437,0.012256014525646846,0.003787878787878788,0.0,1
0.0,0.0,0.0,0.0,0.0,0.0,0.0,0.0,0.0,0.0,0.10528316229570507,0.0,0.001997276441216523,0.005447117566954153,0.002967171717171717,0.10113179992698067,1
0.0,0.0,0.5925925925925926,0.0,0.0,0.0,0.0,0.0,0.0,0.0,0.10376282782212087,0.0,0.0014416704493871993,0.012709940989559692,0.005492424242424242,0.683826213946696,0
0.0,0.0,0.0,0.0,0.0,0.04161248374512353,0.017066666666666667,0.05850585058505851,0.05850585058505851,0.0,0.0,0.0,0.0041352700862460285,0.01861098502042669,0.031502525252525254,0.0,0
0.0,0.0,0.0,0.013755158184319122,0.041015625,0.0,0.0,0.0,0.0,0.019011406844106467,0.012542759407069557,0.05789990186457312,0.0008960508397639584,0.005901044030867,0.019255050505050504,0.055129609346476816,1
0.0,0.0,0.0,0.0,0.0,0.0,0.17173333333333335,0.0,0.0,0.0,0.0,0.0,0.000628234226055379,0.0018157058556513845,0.0013257575757575758,0.0,0
0.0,0.06938775510204082,0.0,0.0,0.0,0.0,0.10346666666666667,0.063006300630063,0.0,0.0,0.011782592170277462,0.0,0.0005120290512936905,0.009078529278256923,0.012184343434343435,0.07338444687842278,0
0.0,0.0,0.0,0.0,0.0,0.0,0.0,0.0,0.0,0.0,0.0,0.0,0.002598275079437131,0.012256014525646846,0.007007575757575758,0.0,0
0.0,0.0,0.0,0.0,0.0,0.0,0.0,0.0,0.0,0.0,0.029646522234891677,0.0,0.0014089877439854744,0.006808896958692692,0.010732323232323232,0.028477546549835708,0
0.0,0.3224489795918367,0.0,0.10866574965612107,0.076171875,0.0,0.1264,0.2484248424842484,0.0,0.0,0.23261117445838086,0.08979391560353288,0.0015233772128915115,0.005447117566954153,0.0046717171717171714,0.5786783497626872,1
0.0,0.12244897959183672,0.0,0.0,0.0,0.09752925877763327,0.08053333333333335,0.04050405040504051,0.0,0.0,0.0330672748004561,0.0,0.0004902405810258739,0.007716749886518385,0.013068181818181817,0.14129244249726178,1
0.0,0.0,0.0,0.0,0.0,0.0026007802340702207,0.004266666666666667,0.0054005400540054005,0.0036003600360036,0.041825095057034224,0.0,0.0029440628066732095,0.0016686336813436222,0.02315024965955515,0.13112373737373736,0.002190580503833516,0
0.18000000000000002,0.0,0.0,0.06189821182943605,0.087890625,0.058517555266579965,0.09653333333333335,0.08100810081008102,0.0,0.0,0.05131128848346637,0.0,0.004149795733091239,0.020426690876078075,0.007323232323232323,0.21358159912376778,1
0.0,0.0,0.0,0.0,0.0,0.0,0.09493333333333334,0.24032403240324032,0.0,0.0,0.507791714177119,0.0,0.0050939627780299595,0.022696323195642305,0.014962121212121211,0.48776925885359623,1
0.0,0.0,0.0,0.0,0.0,0.0,0.09706666666666668,0.0,0.0,0.0,0.0,0.0,0.000560145256468452,0.004539264639128461,0.003409090909090909,0.0,0
0.0,0.0,0.0,0.0,0.0,0.11573472041612483,0.04746666666666667,0.0,0.0,0.0,0.0,0.0,0.0002414888788016342,0.0009078529278256922,0.0011363636363636363,0.0,0
0.0,0.0,0.0,0.0,0.0,0.0,0.09866666666666668,0.0,0.0,0.0,0.0,0.0,0.0012274171584203356,0.004539264639128461,0.002462121212121212,0.0,0
0.0,0.0,0.0,0.0,0.0,0.0,0.0,0.11791179117911792,0.0,0.0,0.0,0.0,0.0018529278256922375,0.014979573309123922,0.009154040404040404,0.0,0
0.0,0.0,0.0,0.0,0.0,0.0,0.1056,0.05940594059405941,0.0,0.0,0.0,0.0,0.001123921924648207,0.005447117566954153,0.011805555555555555,0.0,0
0.0,0.0,0.0,0.0,0.0,0.0,0.0,0.0,0.0,0.0,0.0,0.0,0.0004321379936450294,0.002723558783477077,0.001893939393939394,0.0,0
0.0,0.0,0.0,0.0,0.0,0.08842652795838751,0.07253333333333334,0.06120612061206121,0.0,0.0,0.0,0.0,0.0010004539264639126,0.004993191103041307,0.005113636363636364,0.0,0
0.0,0.03673469387755102,0.0,0.0,0.0,0.0,0.10666666666666667,0.29432943294329433,0.016201620162016202,0.017110266159695818,0.09578107183580388,0.015210991167811582,0.002556513844757149,0.03086699954607354,0.0341540404040404,0.1361810879883169,1
0.09200000000000001,0.2040816326530612,0.0,0.0,0.08203125,0.0,0.16426666666666667,0.12061206120612061,0.017101710171017102,0.10836501901140684,0.1273280121626758,0.6285574092247301,0.005630503858374943,0.2696323195642306,0.15227272727272725,0.8565169769989048,1
0.0,0.0,0.0,0.0,0.0,0.0,0.0432,0.0,0.0,0.0,0.0,0.0,0.0013372673626872444,0.004539264639128461,0.002904040404040404,0.0,0
0.0,0.0,0.0,0.0,0.0,0.0,0.3232,0.0,0.5454545454545454,0.0,0.18244013683010263,0.23552502453385674,0.0006209714026327735,0.0040853381752156154,0.001957070707070707,0.35049288061336253,1
0.7240000000000001,0.0,0.0,0.0,0.0,0.0,0.1936,0.1305130513051305,0.0,0.06844106463878327,0.047510452299505894,0.0,0.00026055379028597366,0.0018157058556513845,0.005871212121212121,0.7064622124863089,1
0.048,0.0,0.0,0.0,0.0234375,0.015604681404421323,0.0064,0.010801080108010801,0.0,0.0,0.0,0.0,0.0012137993645029506,0.018157058556513846,0.031818181818181815,0.04381161007667032,1
0.0,0.0,0.0,0.013755158184319122,0.01953125,0.0,0.0,0.0,0.04770477047704771,0.019011406844106467,0.006081337894336755,0.03189401373895977,0.0008179754879709488,0.012709940989559692,0.020707070707070705,0.029572836801752468,1
0.0,0.0,0.0,0.0,0.0,0.0,0.0,0.0,0.0,0.0,0.29836564044089703,0.0,0.0030258738084430327,0.005447117566954153,0.00486111111111111,0.28660094925155166,1
0.0,0.0,0.0,0.0,0.0,0.0,0.0,0.0,0.0,0.0,0.0,0.0,0.0009078529278256923,0.0013617793917385383,0.000946969696969697,0.0,0
0.144,0.0,0.0,0.0,0.0703125,0.046814044213263975,0.057600000000000005,0.2277227722772277,0.032403240324032405,0.13688212927756654,0.4572405929304447,0.2291462217860648,0.015796640944167044,0.17793917385383567,0.04640151515151515,0.7411464037970064,1
0.0,0.0,0.0,0.3067400275103164,0.0,0.07152145643693107,0.1786666666666667,0.09990999099909992,0.0,0.0,0.18206005321170657,0.0,0.014288697231048572,0.06627326373127554,0.024242424242424242,0.17488134355604235,1
0.036,0.07346938775510203,0.06666666666666667,0.10041265474552959,0.0,0.15604681404421325,0.0736,0.0576057605760576,0.008100810081008101,0.15779467680608367,0.16343595591030027,0.06575073601570168,0.006758965047662279,0.31547889241942806,0.0932449494949495,0.37020810514786423,1
0.0,0.0,0.0,0.0,0.0,0.0,0.0,0.1152115211521152,0.0,0.24334600760456276,0.0748764728240213,0.0,0.0012256014525646847,0.005447117566954153,0.005871212121212121,0.07192405987586711,0
0.46399999999999997,0.0,0.0,0.0,0.0,0.15084525357607279,0.06186666666666667,0.15751575157515751,0.0,0.0,0.25351577347016346,0.0,0.0001189287335451656,0.0018157058556513845,0.004292929292929293,0.6670317634173056,1
0.0,0.0,0.0,0.0,0.0,0.0,0.012266666666666669,0.0,0.0,0.0,0.06119346256176359,0.0,5.9010440308669915e-05,0.002723558783477077,0.009154040404040404,0.058780576852866015,0
0.0,0.0,0.34444444444444444,0.0,0.546875,0.0,0.2490666666666667,0.08370837083708371,0.0,0.0,0.1763587989357659,0.07556427870461237,0.0005556059918293237,0.0040853381752156154,0.0030934343434343434,0.5651697699890471,1
0.0,0.0,0.0,0.0,0.0,0.0,0.0,0.0,0.0,0.0,0.0,0.0,0.002334089877439855,0.012256014525646846,0.009406565656565656,0.0,0
0.0,0.11836734693877549,0.0,0.0,0.05664062499999999,0.0,0.11733333333333335,0.07920792079207921,0.0,0.1673003802281369,0.1474724439376663,0.023552502453385676,0.0011475261007716747,0.021788470267816613,0.026957070707070707,0.26506024096385544,1
0.0,0.0,0.0,0.0,0.0,0.0,0.0,0.0,0.0,0.0,0.0,0.0,0.0,0.0,0.0002525252525252525,0.0,0
0.07600000000000001,0.23265306122448975,0.0,0.0,0.083984375,0.06241872561768529,0.18986666666666668,0.07290729072907291,0.004500450045004501,0.06653992395437262,0.10186240973014064,0.07360157016683024,0.005230140717203813,0.08806173399909215,0.20909090909090908,0.43008397225264694,1
0.0,0.0,0.0,0.0,0.0,0.0,0.0,0.0,0.0,0.024714828897338406,0.0,0.0,0.0024121652292328644,0.01543349977303677,0.0336489898989899,0.0,0
0.032,0.03265306122448979,0.059259259259259255,0.0,0.0,0.14304291287386214,0.09920000000000001,0.037803780378037805,0.0072007200720072,0.12737642585551331,0.1353097681489928,0.04955839057899903,0.009369042215161145,0.3032228778937812,0.11571969696969697,0.28368017524644035,1
0.0,0.0,0.0,0.0,0.0,0.0,0.08906666666666667,0.0,0.0,0.0,0.1394906879513493,0.0,0.0010966863368134364,0.005447117566954153,0.006628787878787878,0.13399050748448338,0
0.0,0.0,0.0,0.0,0.0,0.24967490247074117,0.1024,0.17281728172817282,0.0,0.0,0.0,0.0,0.0003776668179754878,0.0022696323195642307,0.00101010101010101,0.0,1
0.22400000000000003,0.0,0.0,0.038514442916093544,0.0,0.07282184655396619,0.13440000000000002,0.025202520252025205,0.0,0.05323193916349811,0.01900418091980236,0.0,0.000983204720835225,0.014979573309123922,0.009406565656565656,0.22270901788974082,1
0.1,0.03265306122448979,0.06296296296296297,0.034387895460797804,0.015625,0.12223667100130037,0.0864,0.037803780378037805,0.015301530153015303,0.11216730038022814,0.15963511972633979,0.05593719332679098,0.005898320472083523,0.3032228778937812,0.0884469696969697,0.3775100401606426,1
0.07600000000000001,0.3142857142857143,0.4259259259259259,0.0,0.037109375,0.2756827048114434,0.11306666666666668,0.1035103510351035,0.0513051305130513,0.21863117870722434,0.16647662485746864,0.09371933267909717,0.012364049024058103,0.23785746709033137,0.05808080808080808,1.0,1
0.40800000000000003,0.0,0.0,0.0,0.0,0.0,0.0,0.0,0.0,0.0,0.1307487647282402,0.084396467124632,0.001058556513844757,0.004539264639128461,0.002398989898989899,0.56078860898138,0
0.0,0.16734693877551018,0.0,0.011004126547455298,0.0,0.0,0.15413333333333334,0.08100810081008102,0.021602160216021602,0.0,0.10300266058532878,0.09371933267909717,0.0035442578302315023,0.11938266000907853,0.042045454545454546,0.3183643665571377,1
0.15200000000000002,0.0,0.0,0.05226960110041266,0.0,0.0,0.18453333333333335,0.17281728172817282,0.034203420342034205,0.0,0.04446978335233752,0.0,0.0009632319564230595,0.004993191103041307,0.006313131313131313,0.1814530850675429,1
0.0,0.13061224489795917,0.0,0.0,0.0,0.0,0.1802666666666667,0.1251125112511251,0.0,0.019011406844106467,0.09958190801976435,0.09126594700686949,0.009798456650022696,0.1307308216068997,0.1443813131313131,0.28039430449069,1
0.0,0.0,0.0,0.0,0.0,0.057217165149544856,0.09386666666666667,0.19801980198019803,0.0,0.0,0.16875712656784495,0.18155053974484792,0.0013145710394916023,0.006808896958692692,0.008901515151515152,0.29718875502008035,1
0.0,0.0,0.0,0.0,0.0,0.3706111833550065,0.0,0.25652565256525656,0.0,0.0,0.0,0.0,0.002541988197911938,0.012709940989559692,0.0023358585858585857,0.0,0
0.0,0.0,0.0,0.0,0.0,0.0,0.0,0.0,0.0,0.0,0.0,0.0,0.0015887426236949613,0.004539264639128461,0.00202020202020202,0.0,0
0.124,0.0,0.0,0.06327372764786797,0.029296875,0.12093628088426527,0.14026666666666668,0.1809180918091809,0.0,0.0,0.0467502850627138,0.0,0.004782569223785747,0.08851566046300499,0.03832070707070707,0.15808689302665208,1
0.0,0.5346938775510204,0.0,0.0,0.0,0.0,0.06986666666666667,0.4734473447344734,0.0,0.0,0.0,0.10402355250245339,0.0034661824784384923,0.010894235133908307,0.0032828282828282827,0.5556772544724352,1
0.0,0.0,0.0,0.0,0.005859375,0.023407022106631988,0.005866666666666667,0.022502250225022502,0.006300630063006301,0.0,0.0015203344735841887,0.0,0.0012646391284611889,0.017703132092601,0.11325757575757577,0.0014603870025556773,0
0.0,0.0,0.0,0.0,0.0,0.0,0.1386666666666667,0.0774077407740774,0.0,0.0,0.06347396427213987,0.0,0.0004539264639128461,0.0013617793917385383,0.001452020202020202,0.06097115735669953,0
0.0,0.0,0.0,0.0,0.0,0.0,0.12960000000000002,0.0,0.0,0.0,0.09045990117825922,0.0,0.0,0.0,0.000946969696969697,0.08689302665206279,0
0.0,0.0,0.0,0.0,0.0,0.03250975292587776,0.013333333333333334,0.0,0.045004500450045004,0.0,0.0,0.0,0.0004947798456650022,0.002723558783477077,0.008522727272727272,0.0,0
0.10400000000000001,0.0,0.0,0.03576341127922972,0.0,0.0,0.0,0.046804680468046804,0.0,0.0,0.1402508551881414,0.0,0.011638674534725375,0.04675442578302315,0.06799242424242424,0.22964585615188027,1
0.15200000000000002,0.06530612244897958,0.0,0.0,0.01953125,0.0,0.15200000000000002,0.10801080108010801,0.004500450045004501,0.0,0.007221588749524895,0.028459273797841026,0.0021688606445755786,0.02496595551520654,0.03396464646464646,0.22526469514421327,1
0.32000000000000006,0.0,0.0,0.0,0.0,0.0,0.17173333333333335,0.14491449144914492,0.0,0.0,0.1942227290003801,0.0,0.0017330912392192464,0.008624602814344077,0.003977272727272727,0.4786418400876232,1
0.0,0.02857142857142857,0.0,0.0,0.029296875,0.0,0.008,0.006300630063006301,0.006300630063006301,0.013307984790874527,0.0,0.011285574092247303,0.000238765320018157,0.0040853381752156154,0.016603535353535353,0.033953997809419496,1
0.0,0.0,0.0,0.0,0.0,0.0,0.0,0.0,0.0,0.047528517110266164,0.0,0.0,0.0006963231956423058,0.002723558783477077,0.006186868686868687,0.0,0
0.0,0.0,0.0,0.0,0.0,0.0,0.16373333333333334,0.06840684068406841,0.0,0.0,0.0,0.0,0.0004030866999546074,0.0022696323195642307,0.0015782828282828283,0.0,0
0.0,0.0,0.0,0.053645116918844576,0.30859375,0.0507152145643693,0.2112,0.1782178217821782,0.1071107110711071,0.0,0.26795895096921324,0.10353287536800786,0.0008197911938266001,0.005447117566954153,0.007386363636363636,0.3344286235852501,1
0.8320000000000001,0.0,0.0,0.14305364511691887,0.0,0.0,0.11093333333333334,0.18721872187218722,0.0,0.0,0.0,0.0,0.0025528824330458464,0.004539264639128461,0.003787878787878788,0.7594012413289523,1
0.0,0.0,0.0,0.0,0.0,0.0,0.0,0.0621062106210621,0.0,0.0,0.0,0.0,0.00240671811166591,0.012256014525646846,0.009848484848484848,0.0,0
0.0,0.0,0.0,0.05089408528198075,0.146484375,0.0,0.2,0.30423042304230424,0.0,0.0,0.0,0.0,0.0010213345438039039,0.005447117566954153,0.0053030303030303025,0.0,0
0.0,0.0,0.0,0.0,0.0,0.0,0.0,0.0,0.0,0.0,0.0,0.0,0.0004738992283250114,0.004539264639128461,0.004166666666666667,0.0,0
0.8800000000000001,0.0,0.0,0.10041265474552959,0.0,0.0,0.0784,0.1323132313231323,0.0,0.0,0.03344735841885215,0.0,0.0018592827961870177,0.012709940989559692,0.007828282828282828,0.8353413654618476,1
0.0,0.0,0.0,0.0,0.0,0.0,0.049066666666666675,0.08280828082808281,0.0,0.0,0.0,0.0,0.0004539264639128461,0.002723558783477077,0.00202020202020202,0.0,0
0.0,0.0,0.0,0.0,0.0,0.0,0.0,0.0,0.0,0.0,0.0,0.0,0.0021606899682251476,0.002723558783477077,0.004419191919191919,0.0,0
0.0,0.0,0.0,0.0,0.0,0.0,0.04533333333333334,0.0,0.0,0.0,0.0,0.0,0.0026554698138901494,0.022696323195642305,0.006628787878787878,0.0,1
0.8800000000000001,0.0,0.0,0.10041265474552959,0.0,0.0,0.0784,0.1323132313231323,0.0,0.0,0.03344735841885215,0.0,0.0018592827961870177,0.012709940989559692,0.007828282828282828,0.8353413654618476,1
0.0,0.0,0.28148148148148144,0.0,0.0,0.0,0.02026666666666667,0.0,0.0,0.07224334600760457,0.38198403648802737,0.02894995093228656,0.26690876078075354,0.5338175215615071,0.07443181818181818,0.6659364731653888,1
0.296,0.0,0.0,0.1017881705639615,0.728515625,0.0,0.2384,0.0666066606660666,0.0,0.0,0.13492968453059673,0.05789990186457312,0.001044030866999546,0.002723558783477077,0.0026515151515151517,0.44286235852500916,1
0.0,0.0,0.0,0.0,0.0,0.0,0.0,0.0,0.0,0.0,0.0,0.0,0.0034416704493871997,0.03177485247389923,0.0071969696969696965,0.0,0
0.0,0.17959183673469387,0.0,0.060522696011004136,0.0859375,0.0,0.23573333333333335,0.2781278127812781,0.0,0.0,0.11440516913721019,0.0,0.0016223331820245119,0.008170676350431231,0.008207070707070706,0.27053669222343923,1
0.0,0.0,0.0,0.0,0.072265625,0.048114434330299084,0.168,0.08280828082808281,0.0,0.0,0.1763587989357659,0.0,0.00035587834770767137,0.0013617793917385383,0.00486111111111111,0.16940489229645858,1
0.0,0.0,0.0,0.0,0.0,0.10923276983094926,0.15733333333333335,0.2277227722772277,0.0,0.0,0.22805017103762829,0.14720314033366047,0.00274171584203359,0.03676804357694054,0.012373737373737374,0.32858707557502737,1
0.0,0.0,0.0,0.0,0.0,0.0,0.088,0.0,0.0,0.0,0.026605853287723302,0.0,0.005824784384929642,0.019064911484339538,0.02241161616161616,0.025556772544724354,0
0.032,0.13877551020408163,0.0,0.011004126547455298,0.0,0.0,0.1616,0.06930693069306931,0.022502250225022502,0.015209125475285173,0.0999619916381604,0.1290480863591757,0.0018847026781661372,0.027689514298683614,0.03314393939393939,0.3453815261044177,1
0.0,0.0,0.0,0.04951856946354884,0.0,0.0,0.15413333333333334,0.19531953195319532,0.0,0.0,0.0,0.0,0.005161143894689061,0.026781661370857923,0.014709595959595959,0.0,1
0.0,0.0,0.0,0.0,0.0,0.0,0.0,0.0,0.0,0.0,0.0,0.05152109911678116,0.0007862006354970495,0.009532455742169769,0.007007575757575758,0.03833515881708653,1
0.0,0.0,0.0,0.0,0.0,0.0,0.23146666666666668,0.0,0.0,0.0,0.27936145952109465,0.0,0.0014262369496141625,0.0040853381752156154,0.0010732323232323232,0.2683461117196057,0
0.0,0.0,0.0,0.0,0.0,0.21586475942782832,0.08853333333333334,0.0,0.0,0.0,0.06347396427213987,0.0,0.000483885610531094,0.0040853381752156154,0.002840909090909091,0.06097115735669953,0
0.0,0.0,0.0,0.0,0.0,0.0,0.12960000000000002,0.0,0.0,0.0,0.0,0.0,0.0011348161597821154,0.0040853381752156154,0.003914141414141413,0.0,0
0.12,0.12244897959183672,0.0,0.0,0.30078125,0.30169050715214557,0.09866666666666668,0.09720972097209722,0.05490549054905491,0.0,0.233751425313569,0.012266928361138373,0.0003422605537902859,0.005447117566954153,0.011679292929292928,0.45271997079225995,1
0.0,0.0,0.0,0.08115543328748281,0.0,0.15344603381014302,0.09440000000000001,0.0,0.0,0.0,0.0,0.0,0.006886972310485702,0.029505220154335,0.015656565656565657,0.0,1
0.05600000000000001,0.11836734693877549,0.0,0.009628610729023386,0.0,0.0,0.12533333333333335,0.11251125112511251,0.012601260126012603,0.12547528517110268,0.12124667426833904,0.1305201177625123,0.003349069450748979,0.06536541080344985,0.07335858585858586,0.37057320189850307,1
0.0,0.0,0.0,0.0,0.0,0.0,0.026133333333333335,0.0441044104410441,0.0,0.0,0.0,0.057409224730127585,0.000807989105764866,0.005447117566954153,0.011868686868686869,0.04271631982475357,0
0.128,0.13061224489795917,0.0,0.04401650618982119,0.0625,0.0,0.12106666666666667,0.29162916291629165,0.0576057605760576,0.0,0.0,0.08243375858684987,0.00044847934634589207,0.0040853381752156154,0.008712121212121211,0.2949981745162468,1
0.0,0.0,0.0,0.0,0.0,0.0,0.08320000000000001,0.0,0.0,0.0,0.0,0.0,0.0013363595097594188,0.004539264639128461,0.005555555555555555,0.0,0
0.192,0.0,0.0,0.0,0.0,0.0,0.10400000000000001,0.48244824482448245,0.043204320432043204,0.0,0.660965412390726,0.08488714425907753,0.05042033590558329,0.2882433045846573,0.04633838383838384,0.8733114275282952,1
0.0,0.0,0.0,0.0,0.0,0.0,0.09226666666666668,0.0774077407740774,0.0,0.0,0.050551121246674276,0.0,0.0014589196550158874,0.005447117566954153,0.004545454545454545,0.04855786783497627,0
0.0,0.0,0.06296296296296297,0.02338376891334251,0.033203125,0.04551365409622886,0.06613333333333334,0.1278127812781278,0.0,0.0,0.10566324591410112,0.10598626104023554,0.006829777576032683,0.02587380844303223,0.05643939393939394,0.24242424242424246,1
0.09200000000000001,0.0,0.08518518518518518,0.0,0.0,0.0,0.20320000000000002,0.1071107110711071,0.0,0.04372623574144487,0.39718738122386926,0.01815505397448479,0.0027435315478892422,0.04357694053563323,0.034217171717171715,0.5629791894852135,1
0.0,0.5142857142857142,0.0,0.0,0.0,0.0,0.0,0.11341134113411341,0.0,0.0,0.07525655644241734,0.2924435721295388,0.0025719473445301863,0.007262823422605538,0.004292929292929293,0.7499087258123402,1
0.0,0.0,0.0,0.0,0.0,0.0,0.0864,0.0,0.0,0.0,0.0,0.0,0.0001134816159782116,0.0009078529278256922,0.0010732323232323232,0.0,0
0.012,0.0,0.0,0.0,0.0,0.0,0.024,0.018001800180018002,0.015301530153015303,0.032319391634980994,0.011022424933485368,0.005397448478900883,0.0016459373581479801,0.011348161597821153,0.15839646464646465,0.02555677254472435,1
0.0,0.0,0.0,0.0,0.0,0.0,0.0,0.0,0.0,0.0,0.0,0.0,0.0011139355424421241,0.005901044030867,0.0030303030303030303,0.0,0
0.0,0.0,0.0,0.0,0.0,0.16384915474642392,0.13493333333333332,0.0,0.0,0.0,0.0,0.0,0.001672265093054925,0.004539264639128461,0.003345959595959596,0.0,0
0.192,0.0,0.0,0.0,0.0,0.0,0.12906666666666666,0.0,0.0,0.0,0.0,0.0,0.0021488878801634134,0.009078529278256923,0.010353535353535353,0.17524644030668127,0
0.0,0.0,0.0,0.0,0.0,0.003901170351105331,0.006933333333333334,0.008100810081008101,0.0,0.06083650190114069,0.0,0.004416094210009814,0.001592374035406264,0.014979573309123922,0.1696338383838384,0.0032858707557502738,0
0.0,0.0,0.0,0.0,0.0,0.0,0.0512,0.2304230423042304,0.0,0.0,0.022044849866970737,0.0,6.173399909214713e-05,0.0009078529278256922,0.002904040404040404,0.021175611537057323,0
0.11599999999999999,0.0,0.0,0.0,0.0,0.037711313394018196,0.09546666666666667,0.0531053105310531,0.0,0.0,0.0,0.024043179587831212,0.0013345438039037679,0.013163867453472538,0.010542929292929293,0.12376779846659364,1
0.0,0.0,0.0,0.0,0.0,0.0,0.0,0.0,0.0,0.0,0.0,0.0,0.0025301861098502043,0.012256014525646846,0.02361111111111111,0.0,0
0.128,0.0,0.0,0.0,0.0,0.16905071521456436,0.1392,0.11701170117011701,0.0,0.0,0.18129988597491448,0.0,0.0029714026327734904,0.05447117566954154,0.019633838383838382,0.29098211025921866,1
0.0,0.0,0.02222222222222222,0.0,0.0,0.015604681404421323,0.08906666666666667,0.063006300630063,0.0,0.011406844106463879,0.0927404028886355,0.03483807654563297,0.0006645483431684068,0.019064911484339538,0.047285353535353535,0.13691128148959475,1
0.1,0.0,0.0,0.0,0.0,0.1625487646293888,0.13386666666666666,0.15751575157515751,0.0,0.0,0.01596351197263398,0.0,0.00018520199727644108,0.002723558783477077,0.007386363636363636,0.10660825118656443,0
0.0,0.0,0.0,0.0,0.0,0.0,0.02826666666666667,0.09540954095409541,0.0,0.0,0.0,0.0,0.00012891511575124817,0.0009078529278256922,0.002462121212121212,0.0,0
0.0,0.0,0.0,0.09215955983493812,0.0,0.0,0.17973333333333336,0.06030603060306031,0.0,0.0,0.0,0.0,0.0007898320472083524,0.002723558783477077,0.0035984848484848487,0.0,0
0.0,0.0,0.0,0.0,0.0,0.24967490247074117,0.1024,0.17281728172817282,0.0,0.0,0.0,0.0,0.0003776668179754878,0.0022696323195642307,0.00101010101010101,0.0,1
0.0,0.0,0.0,0.0,0.0,0.0,0.2048,0.0,0.0,0.0,0.0,0.0,0.0,0.0,0.000505050505050505,0.0,0
0.0,0.0,0.0,0.0,0.0,0.0,0.03626666666666667,0.030603060306030605,0.0,0.0,0.020904599011782595,0.02698724239450442,0.0016976849750340445,0.006354970494779846,0.01534090909090909,0.040160642570281124,0
0.0,0.0,0.0,0.0,0.0,0.0,0.0,0.0,0.0,0.0,0.0,0.0,0.0018157058556513843,0.0018157058556513845,0.00031565656565656563,0.0,0
0.6880000000000001,0.0,0.0,0.0,0.0,0.0,0.05493333333333334,0.1854185418541854,0.030603060306030605,0.0,0.0,0.0,0.002128007262823422,0.04811620517476169,0.012184343434343435,0.6279664110989412,0
0.0,0.0,0.0,0.0,0.0,0.035110533159947985,0.07306666666666668,0.09810981098109811,0.024302430243024305,0.10266159695817492,0.17939946788293423,0.06280667320902847,0.008966863368134364,0.04176123467998184,0.03358585858585859,0.2190580503833516,1
0.032,0.03265306122448979,0.059259259259259255,0.0,0.0,0.14304291287386214,0.09920000000000001,0.037803780378037805,0.0072007200720072,0.12737642585551331,0.1353097681489928,0.04955839057899903,0.009369042215161145,0.3032228778937812,0.11571969696969697,0.28368017524644035,1
0.0,0.0,0.0,0.0,0.0,0.0,0.0528,0.0891089108910891,0.0,0.0,0.0,0.0,0.00043395369950068095,0.0018157058556513845,0.0020833333333333333,0.0,0
0.0,0.0,0.0,0.028885832187070155,0.0,0.05461638491547463,0.0224,0.0576057605760576,0.0,0.0,0.011782592170277462,0.6226692836113837,0.010909668633681344,0.082614616432138,0.09362373737373739,0.47462577583059506,1
0.0,0.0,0.0,0.0,0.0,0.0,0.13653333333333334,0.0,0.0,0.0,0.0,0.0,0.0021180208806173403,0.002723558783477077,0.0011994949494949494,0.0,0
0.532,0.0,0.0,0.0,0.0,0.0,0.11893333333333334,0.4014401440144014,0.0,0.0,0.0,0.0,0.0011348161597821154,0.004993191103041307,0.009027777777777777,0.48557867834976276,1
0.068,0.06938775510204082,0.01111111111111111,0.0,0.005859375,0.0,0.0432,0.12151215121512152,0.0027002700270027003,0.0,0.002280501710376283,0.03189401373895977,0.0010040853381752153,0.020426690876078075,0.20284090909090907,0.16100766703176342,1
0.0,0.0,0.0,0.0,0.0,0.0,0.0,0.0,0.0,0.0,0.0,0.0,0.0010367680435769406,0.003177485247389923,0.003724747474747475,0.0,0
0.0,0.0,0.0,0.0,0.0,0.0,0.5184000000000001,0.1242124212421242,0.0,0.0,0.0,0.0,0.0009550612800726283,0.009078529278256923,0.002398989898989899,0.0,0
0.0,0.0,0.0,0.0,0.0,0.024707412223667097,0.031466666666666664,0.017101710171017102,0.0,0.0,0.0,0.0,0.0014216976849750337,0.014979573309123922,0.02196969696969697,0.0,0
0.46399999999999997,0.0,0.0,0.0,0.0,0.0,0.04106666666666667,0.0,0.0,0.0,0.08171797795515014,0.0,0.005948252383113936,0.019064911484339538,0.03188131313131313,0.5020080321285141,1
0.0,0.0,0.0,0.0,0.0,0.0,0.0,0.0,0.0,0.0,0.0,0.0,0.0025320018157058556,0.0040853381752156154,0.004482323232323232,0.0,0
0.0,0.0,0.0,0.0,0.0,0.0,0.0,0.0,0.0,0.0,0.0,0.0,0.001270994098955969,0.004539264639128461,0.001452020202020202,0.0,0
0.0,0.0,0.0,0.0,0.0,0.0,0.0,0.20432043204320433,0.0,0.0,0.0,0.0,4.720835224693602e-05,0.00045392646391284613,0.0011994949494949494,0.0,0
0.236,0.024489795918367342,0.02222222222222222,0.008253094910591473,0.037109375,0.04291287386215865,0.18666666666666668,0.13681368136813682,0.029702970297029705,0.13688212927756654,0.03838844545800076,0.04955839057899903,0.0030848842487517015,0.035406264185202,0.0807449494949495,0.3329682365826944,1
0.0,0.1714285714285714,0.0,0.0,0.0,0.0,0.13440000000000002,0.2646264626462646,0.037803780378037805,0.0,0.049030786773090085,0.09519136408243377,0.0007798456650022697,0.008624602814344077,0.007449494949494949,0.2712668857247171,1
0.0,0.13061224489795917,0.0,0.0,0.0,0.0,0.1802666666666667,0.1251125112511251,0.0,0.019011406844106467,0.09958190801976435,0.09126594700686949,0.009798456650022696,0.1307308216068997,0.1443813131313131,0.28039430449069,1
0.0,0.0,0.0,0.0,0.0,0.0,0.0,0.0,0.0,0.0,0.0,0.0,0.00030231502496595546,0.0009078529278256922,0.000946969696969697,0.0,0
0.09200000000000001,0.0,0.0,0.0,0.0,0.0,0.08693333333333333,0.020702070207020702,0.0,0.0,0.031166856708475868,0.0,0.00023241034952337732,0.0018157058556513845,0.006123737373737373,0.11391018619934283,0
0.124,0.0,0.0,0.0,0.0,0.1625487646293888,0.13386666666666666,0.11251125112511251,0.0,0.0,0.29532497149372866,0.0,0.0021697684975034047,0.02723558783477077,0.017487373737373735,0.3968601679445053,1
0.0,0.0,0.0,0.0,0.0,0.02600780234070221,0.021333333333333336,0.0,0.0,0.0,0.0,0.0,0.0014616432137993644,0.01044030866999546,0.01938131313131313,0.0,0
0.0,0.0,0.0,0.0,0.0,0.0,0.09866666666666668,0.0,0.0,0.0,0.0,0.0,0.0013853835678620061,0.004539264639128461,0.002967171717171717,0.0,0
0.05600000000000001,0.0,0.05185185185185186,0.019257221458046772,0.0,0.09362808842652795,0.022933333333333333,0.052205220522052204,0.0,0.0,0.22234891676168758,0.022571148184494606,0.0036495687698592824,0.05946436677258284,0.061742424242424244,0.3326031398320555,1
0.41200000000000003,0.0,0.0,0.09353507565337003,0.06640625,0.022106631989596878,0.18346666666666667,0.12331233123312332,0.0,0.0,0.02128468263017864,0.09617271835132485,0.001143894689060372,0.023604176123467997,0.013068181818181817,0.4680540343190946,1
0.0,0.0,0.0,0.0,0.0,0.0,0.0,0.0,0.0,0.0,0.1676168757126568,0.3248282630029441,0.002783477076713572,0.007262823422605538,0.003787878787878788,0.40270171595472803,1
0.0,0.0,0.0,0.0,0.0,0.0,0.07466666666666667,0.05040504050405041,0.0,0.0,0.0,0.0,0.0013290966863368134,0.006354970494779846,0.013005050505050504,0.0,0
0.128,0.13061224489795917,0.0,0.04401650618982119,0.0625,0.0,0.1216,0.2934293429342934,0.0288028802880288,0.0,0.0,0.07752698724239451,0.00044847934634589207,0.0040853381752156154,0.008712121212121211,0.29134720700985767,1
0.0,0.0,0.2518518518518519,0.2806052269601101,0.0,0.26527958387516254,0.07253333333333334,0.18361836183618363,0.0,0.0,0.11744583808437857,0.0,0.001008624602814344,0.005901044030867,0.0059343434343434335,0.3610806863818913,1
0.16000000000000003,0.16326530612244897,0.0,0.05502063273727649,0.0,0.0,0.21333333333333335,0.18001800180018002,0.036003600360036005,0.0,0.0459901178259217,0.0,0.0008887880163413528,0.004993191103041307,0.0059343434343434335,0.33625410733844474,1
0.188,0.0,0.17407407407407405,0.1939477303988996,0.0,0.24447334200260074,0.0752,0.1269126912691269,0.0,0.0,0.055112124667426834,0.07114818449460256,0.0027607807535179303,0.024058102587380847,0.012184343434343435,0.4490690032858708,1
0.0,0.36734693877551017,0.0,0.1237964236588721,0.17578125,0.11703511053315993,0.09653333333333335,0.24482448244824484,0.0,0.0,0.20410490307867735,0.0,0.0016177939173853836,0.008170676350431231,0.003977272727272727,0.5246440306681271,1
0.0,0.0,0.0,0.0,0.0,0.0,0.47733333333333333,0.0,0.0,0.0,0.0,0.0,0.0005674080798910576,0.002723558783477077,0.0015782828282828283,0.0,0
0.34400000000000003,0.0,0.0,0.11829436038514445,0.0,0.2249674902470741,0.18506666666666668,0.1557155715571557,0.0,0.0,0.2884834663625998,0.0,0.0015887426236949613,0.0040853381752156154,0.003409090909090909,0.5910916392844104,1
0.472,0.11020408163265305,0.0,0.0,0.052734375,0.2730819245773732,0.1456,0.25472547254725475,0.032403240324032405,0.05133079847908746,0.2322310908399848,0.006869479882237489,0.0024575578756241487,0.05719473445301861,0.05517676767676768,0.7575757575757577,1
0.23199999999999998,0.0,0.0,0.0,0.0,0.0,0.09333333333333334,0.31503150315031503,0.0,0.0,0.03686811098441657,0.0,0.0010503858374943257,0.004539264639128461,0.0025252525252525255,0.24717050018254835,0
0.0,0.0,0.0,0.0,0.0,0.0,0.0,0.0,0.0,0.0,0.0,0.0,0.0006808896958692693,0.0013617793917385383,0.0012626262626262627,0.0,0
0.0,0.0,0.0,0.0,0.0,0.0,0.09493333333333334,0.08010801080108011,0.0,0.0,0.0,0.0,0.0007716749886518384,0.006354970494779846,0.0022727272727272726,0.0,0
0.0,0.0,0.0,0.0,0.0,0.0,0.1386666666666667,0.0,0.0,0.0,0.0,0.0,0.001420789832047208,0.008170676350431231,0.01856060606060606,0.0,0
0.0,0.0,0.0,0.0,0.0,0.0,0.2458666666666667,0.0,0.0,0.0,0.0,0.0,0.0011093962778029958,0.0018157058556513845,0.0011994949494949494,0.0,0
0.0,0.0,0.0,0.0,0.0,0.0,0.0,0.0,0.0,0.0,0.0,0.0,0.004409441670449388,0.007716749886518385,0.0025252525252525255,0.0,0
0.0,0.0,0.0,0.0,0.0,0.0,0.2048,0.0,0.0,0.0,0.0,0.0,0.001210167952791648,0.005447117566954153,0.0012626262626262627,0.0,0
0.0,0.08163265306122448,0.07407407407407407,0.027510316368638245,0.0390625,0.22106631989596875,0.11733333333333335,0.09000900090009001,0.045004500450045004,0.15209125475285173,0.12694792854427975,0.08537782139352307,0.005352700862460282,0.3032228778937812,0.07569444444444445,0.3315078495801388,1
0.0,0.0,0.0,0.0,0.095703125,0.0,0.015466666666666667,0.0,0.0351035103510351,0.0,0.0,0.012757605495583907,0.001132092600998638,0.007716749886518385,0.030303030303030304,0.009492515516611903,0
0.0,0.0,0.0,0.0,0.0,0.02990897269180754,0.012266666666666669,0.0,0.041404140414041404,0.0,0.0604332953249715,0.0,0.0005592374035406266,0.005447117566954153,0.010858585858585857,0.05805038335158817,0
0.0,0.0,0.0,0.0,0.0,0.0,0.022933333333333333,0.025202520252025205,0.0,0.0,0.0,0.0,0.0011257376305038587,0.004993191103041307,0.02342171717171717,0.0,0
0.0,0.024489795918367342,0.08888888888888888,0.008253094910591473,0.140625,0.007802340702210662,0.23893333333333336,0.1035103510351035,0.0054005400540054005,0.011406844106463879,0.0038008361839604716,0.08194308145240434,0.0006654561960962325,0.004993191103041307,0.02784090909090909,0.1741511500547645,1
0.292,0.0,0.0,0.10041265474552959,0.0,0.0,0.0784,0.0,0.0,0.0,0.33257316609654125,0.0534838076545633,0.0009804811620517475,0.004993191103041307,0.0032196969696969696,0.6257758305951078,1
0.0,0.0,0.0,0.0,0.0,0.0,0.0,0.06840684068406841,0.0,0.0,0.18510072215887496,0.0,0.0008679073990013618,0.009532455742169769,0.0056186868686868684,0.17780211756115372,0
0.0,0.0,0.0,0.0,0.0,0.0,0.0,0.0,0.0,0.0,0.0,0.0,0.00030231502496595546,0.0013617793917385383,0.0006944444444444445,0.0,0
0.0,0.0,0.0,0.0,0.0,0.0,0.05226666666666667,0.0,0.0,0.0,0.0,0.0,0.0011202905129369042,0.004539264639128461,0.0065656565656565654,0.0,0
0.0,0.0,0.0,0.0,0.0,0.0,0.0,0.0,0.0,0.0,0.0,0.0,0.0004947798456650022,0.0013617793917385383,0.00101010101010101,0.0,0
0.0,0.0,0.0,0.0,0.0,0.0,0.09013333333333334,0.15211521152115212,0.0,0.0,0.0,0.0,0.0021016795279164774,0.005447117566954153,0.003914141414141413,0.0,0
0.0,0.0,0.0,0.0,0.0,0.0,0.0,0.0,0.0,0.0,0.0,0.0,0.001985474353154789,0.002723558783477077,0.0031565656565656565,0.0,0
0.0,0.0,0.0,0.0,0.0,0.0,0.08053333333333335,0.0,0.0,0.0,0.22614975294564804,0.0,0.0004539264639128461,0.0013617793917385383,0.0008838383838383839,0.217232566630157,0
0.0,0.0,0.7925925925925926,0.019257221458046772,0.0,0.0,0.15253333333333333,0.18001800180018002,0.0,0.0,0.09160015203344736,0.03532875368007851,0.004755333635950976,0.016341352700862462,0.07752525252525252,0.8955823293172692,1
0.272,0.0,0.0,0.0,0.0,0.0,0.29173333333333334,0.0,0.0,0.0,0.0,0.0,9.078529278256926e-05,0.0009078529278256922,0.0013257575757575758,0.24826579043446517,0
0.576,0.0,0.0,0.0,0.0,0.0,0.3088,0.0,0.0,0.0,0.10528316229570507,0.0,0.000283250113481616,0.0009078529278256922,0.0012626262626262627,0.6268711208470246,1
0.476,0.0,0.0,0.0,0.0,0.0,0.06346666666666667,0.0,0.0,0.0,0.15317369821360702,0.0,0.007975487970948707,0.01861098502042669,0.008585858585858586,0.5815991237677984,1
0.0,0.0,0.0,0.0,0.0,0.0,0.0,0.0,0.0,0.0,0.0,0.0,0.0005147526100771675,0.0022696323195642307,0.026957070707070707,0.0,0
0.0,0.0,0.0,0.060522696011004136,0.0,0.0,0.046933333333333334,0.039603960396039604,0.0,0.0,0.07221588749524896,0.0,0.006384929641398094,0.03222877893781208,0.02986111111111111,0.06936838262139468,1
0.0,0.0,0.0,0.3094910591471802,0.0,0.07282184655396619,0.1802666666666667,0.10081008100810082,0.0,0.0,0.19080197643481567,0.0,0.013893781207444394,0.06672719019518839,0.02361111111111111,0.1832785688207375,1
0.496,0.0,0.0,0.0,0.12109375,0.0,0.03306666666666667,0.16741674167416742,0.0,0.0,0.12200684150513114,0.052502453385672235,0.00258374943259192,0.013163867453472538,0.009406565656565656,0.6089813800657174,1
0.20400000000000001,0.0,0.0,0.0,0.0,0.0,0.0816,0.13771377137713772,0.0,0.0,0.20600532117065756,0.0,0.0008824330458465729,0.008170676350431231,0.009154040404040404,0.38408178167214313,1
0.0,0.0,0.0,0.0,0.103515625,0.0,0.0,0.0,0.009000900090009001,0.0,0.0,0.0,0.0011084884248751701,0.007716749886518385,0.032196969696969696,0.0,0
0.188,0.0,0.0,0.0,0.0,0.0,0.10026666666666667,0.4662466246624662,0.0423042304230423,0.0,0.6385404789053591,0.08243375858684987,0.051048570131638674,0.2882433045846573,0.04690656565656565,0.846294267981015,1
0.0,0.0,0.0,0.0,0.1796875,0.0,0.0,0.0,0.4158415841584158,0.0,0.34929684530596733,0.18007850834151132,0.0016704493871992736,0.006808896958692692,0.004419191919191919,0.4695144213216503,1
0.0,0.0,0.0,0.0,0.0,0.0,0.10293333333333334,0.0288028802880288,0.0,0.0,0.0,0.0,0.00013345438039037672,0.0018157058556513845,0.00486111111111111,0.0,0
0.0,0.0,0.0,0.0,0.103515625,0.06892067620286085,0.14133333333333334,0.23852385238523852,0.04770477047704771,0.0,0.03534777651083239,0.22865554465161927,0.0036659101225601453,0.026781661370857923,0.008207070707070706,0.2040890836071559,1
0.17200000000000001,0.17551020408163262,0.0,0.028885832187070155,0.0,0.1131339401820546,0.1978666666666667,0.09810981098109811,0.018901890189018902,0.16539923954372626,0.36488027366020526,0.06280667320902847,0.006427598729005901,0.031320926009986386,0.03156565656565657,0.7112084702446149,1
0.0,0.0,0.0,0.0,0.0,0.0,0.1312,0.0441044104410441,0.0,0.0,0.015583428354237934,0.0,0.0007190195188379484,0.004993191103041307,0.014078282828282829,0.014968966776195693,0
0.044000000000000004,0.0,0.0,0.0,0.103515625,0.009102730819245773,0.0037333333333333337,0.0027002700270027003,0.0,0.0019011406844106466,0.0007601672367920944,0.0,0.0010040853381752153,0.02587380844303223,0.19103535353535353,0.04089083607155897,0
0.0,0.0,0.0,0.4291609353507566,0.0,0.0,0.33333333333333337,0.0,0.0,0.0,0.0,0.0,0.007651384475714935,0.026781661370857923,0.004103535353535353,0.0,1
0.0,0.0,0.0,0.0,0.0,0.0,0.0,0.0,0.0,0.0,0.0,0.0,0.0009078529278256923,0.0022696323195642307,0.001452020202020202,0.0,0
0.588,0.0,0.0,0.0,0.0,0.0,0.0,0.0,0.0,0.0,0.0,0.0,0.0012274171584203356,0.007262823422605538,0.002462121212121212,0.5366922234392114,0
0.0,0.0,0.0,0.0,0.0,0.10923276983094926,0.15733333333333335,0.2277227722772277,0.0,0.0,0.22805017103762829,0.14720314033366047,0.00274171584203359,0.03676804357694054,0.012373737373737374,0.32858707557502737,1
0.0,0.0,0.0,0.0,0.0,0.0,0.0,0.0,0.0,0.0,0.0,0.17909715407262022,0.0018302315024965954,0.0040853381752156154,0.011742424242424242,0.13326031398320556,0
0.22400000000000003,0.0,0.0,0.15405777166437418,0.66015625,0.0,0.2106666666666667,0.20252025202520252,0.0,0.0,0.42949448878753327,0.1702649656526006,0.0035179300953245576,0.06309577848388562,0.012247474747474747,0.7437020810514786,1
0.0,0.0,0.0,0.0,0.169921875,0.0,0.013866666666666668,0.0,0.030603060306030605,0.0,0.0,0.006378802747791954,0.0020018157058556514,0.025419881979119385,0.05700757575757576,0.004746257758305951,0
0.1,0.03265306122448979,0.06296296296296297,0.034387895460797804,0.015625,0.12223667100130037,0.0864,0.037803780378037805,0.015301530153015303,0.11216730038022814,0.16533637400228052,0.05789990186457312,0.005898320472083523,0.3032228778937812,0.0884469696969697,0.384446878422782,1
0.18000000000000002,0.0,0.0,0.0,0.0,0.0,0.096,0.48604860486048607,0.04050405040504051,0.0,0.6180159635119726,0.07948969578017666,0.06239400817067636,0.3200181570585565,0.04835858585858586,0.8170865279299014,1
0.6320000000000001,0.0,0.0,0.21733149931224213,0.0,0.0,0.16906666666666667,0.1422142214221422,0.0,0.0,0.1410110224249335,0.0,0.0023041307308216065,0.009078529278256923,0.002840909090909091,0.7123037604965317,1
0.0,0.0,0.0,0.0,0.0,0.0,0.03306666666666667,0.0,0.0,0.0,0.0,0.0,0.00025873808443032233,0.0013617793917385383,0.0016414141414141414,0.0,0
0.148,0.30204081632653057,0.0,0.15405777166437418,0.0,0.19375812743823145,0.2394666666666667,0.16831683168316833,0.0,0.0,0.08475864690231852,0.10942100098135428,0.0009269178393100317,0.0040853381752156154,0.005808080808080807,0.5680905439941585,1
0.0,0.0,0.0,0.0,0.0,0.0,0.16373333333333334,0.0,0.0,0.0,0.5450399087799316,0.0,0.005497049477984566,0.033590558329550615,0.007954545454545454,0.5235487404162102,1
0.32400000000000007,0.0,0.0,0.0,0.0,0.0,0.21813333333333335,0.0,0.0,0.0,0.26833903458760927,0.0,0.0067280980481162055,0.024512029051293693,0.008964646464646463,0.5534866739686017,1
0.0,0.0,0.4888888888888889,0.0,0.0,0.0,0.05600000000000001,0.023402340234023402,0.0,0.0,0.06651463321930824,0.021099116781158,0.0066009986382206095,0.03086699954607354,0.05580808080808081,0.561518802482658,1
0.18000000000000002,0.0,0.0,0.0,0.0,0.0,0.096,0.48604860486048607,0.04050405040504051,0.0,0.6180159635119726,0.07948969578017666,0.06239400817067636,0.3200181570585565,0.04835858585858586,0.8170865279299014,1
0.652,0.0,0.0,0.0,0.0,0.0,0.1744,0.29432943294329433,0.0,0.30988593155893535,0.30482706195362985,0.13101079489695783,0.0009078529278256923,0.006808896958692692,0.0022095959595959595,0.9853961299744433,1
0.5,0.0,0.0,0.0,0.0,0.0,0.26666666666666666,0.0,0.0,0.0,0.0,0.0,0.0001815705855651384,0.0013617793917385383,0.0022095959595959595,0.45637093829864916,1
0.0,0.0,0.0,0.0,0.0,0.0,0.03306666666666667,0.0,0.0,0.0,0.0,0.0,0.00012891511575124817,0.0009078529278256922,0.005492424242424242,0.0,0
0.0,0.0,0.0,0.0,0.0,0.0,0.0,0.0,0.0,0.0,0.0,0.10745829244357215,0.0008270540172492057,0.004539264639128461,0.00404040404040404,0.07995618838992333,0
0.0,0.0,0.0,0.0,0.0,0.0,0.0,0.0,0.0,0.0,0.0,0.0,0.0008352246935996369,0.0022696323195642307,0.002967171717171717,0.0,0
0.40800000000000003,0.0,0.0,0.0,0.0,0.0,0.054400000000000004,0.0,0.0,0.0,0.0,0.0,0.0005828415796640944,0.0013617793917385383,0.001388888888888889,0.3723986856516977,0
0.0,0.0,0.0,0.02613480055020633,0.0,0.024707412223667097,0.0736,0.0441044104410441,0.0,0.0,0.2227290003800836,0.0927379784102061,0.001224693599636859,0.013617793917385384,0.03005050505050505,0.28294998174516245,1
0.05600000000000001,0.11428571428571428,0.05185185185185186,0.0,0.027343750000000003,0.036410923276983094,0.23146666666666668,0.18901890189018902,0.07560756075607561,0.07984790874524715,0.14481185860889398,0.024533856722276745,0.0012001815705855652,0.006354970494779846,0.013573232323232322,0.3618108798831691,1
0.0,0.0,0.0,0.0,0.0,0.0,0.0,0.0,0.0,0.0,0.0,0.0,0.001008624602814344,0.0022696323195642307,0.0011363636363636363,0.0,0
0.0,0.0,0.0,0.0,0.027343750000000003,0.0,0.0,0.0,0.0,0.05323193916349811,0.0,0.0,0.0007444394008170677,0.007716749886518385,0.019128787878787877,0.0,0
0.0,0.0,0.0,0.0,0.0,0.0,0.1610666666666667,0.0927092709270927,0.0,0.0,0.03762827822120867,0.0,0.0002986836132546528,0.007716749886518385,0.013446969696969697,0.03614457831325302,0
0.0,0.0,0.0,0.0,0.0,0.0,0.0,0.0,0.023402340234023402,0.07414448669201522,0.0,0.03483807654563297,0.001677712210621879,0.011348161597821153,0.02727272727272727,0.02592186929536327,0
0.0,0.5959183673469387,0.0,0.01788170563961486,0.0,0.0,0.2122666666666667,0.04770477047704771,0.0,0.12547528517110268,0.1573546180159635,0.010304219823356234,0.004498411257376306,0.029051293690422152,0.042045454545454546,0.6918583424607521,1
0.0,0.0,0.0,0.0,0.0,0.037711313394018196,0.04746666666666667,0.026102610261026102,0.0,0.0,0.006081337894336755,0.0,0.0006164321379936451,0.007262823422605538,0.011174242424242423,0.005841548010222709,0
0.0,0.0,0.0,0.0,0.0,0.0,0.2906666666666667,0.0,0.0,0.0,0.0,0.0,0.0004539264639128461,0.00045392646391284613,0.00012626262626262626,0.0,0
0.0,0.27755102040816326,0.0,0.375515818431912,0.0,0.08842652795838751,0.21866666666666665,0.24572457245724572,0.0,0.0,0.47282402128468265,0.0,0.0013363595097594188,0.0036314117113027695,0.005555555555555555,0.7024461482292808,1
0.0,0.0,0.0,0.0,0.0,0.0,0.027200000000000002,0.04590459045904591,0.0,0.0,0.0,0.0,0.0027235587834770767,0.016341352700862462,0.013573232323232322,0.0,0
0.17600000000000002,0.17959183673469387,0.0,0.0,0.0,0.0,0.23786666666666667,0.16021602160216022,0.0,0.0,0.41163055872291904,0.07065750736015702,0.0012964139809350885,0.012256014525646846,0.009595959595959595,0.7692588535962032,1
0.17600000000000002,0.0,0.0,0.0,0.0,0.057217165149544856,0.023466666666666667,0.039603960396039604,0.0,0.0,0.0,0.0,0.0067889241942805266,0.05492510213345438,0.024558080808080807,0.1606425702811245,0
0.0,0.16734693877551018,0.0,0.056396148555708396,0.0,0.0,0.10933333333333332,0.1107110711071107,0.0,0.0,0.02546560243253516,0.0,0.0007834770767135723,0.005901044030867,0.0025252525252525255,0.1741511500547645,1
0.0,0.310204081632653,0.0,0.0,0.048828125,0.0,0.14986666666666668,0.022502250225022502,0.0,0.047528517110266164,0.07943747624477385,0.10255152109911679,0.0016123467998184291,0.033590558329550615,0.013257575757575758,0.43008397225264694,1
0.0,0.0,0.0,0.0,0.064453125,0.015604681404421323,0.016533333333333334,0.010801080108010801,0.0018001800180018,0.0,0.0,0.0,0.0011393554244212437,0.024512029051293693,0.11515151515151516,0.0,0
0.09200000000000001,0.2040816326530612,0.0,0.0,0.08203125,0.0,0.16426666666666667,0.12061206120612061,0.017101710171017102,0.10836501901140684,0.1273280121626758,0.6285574092247301,0.005630503858374943,0.2696323195642306,0.15227272727272725,0.8565169769989048,1
0.0,0.22857142857142856,0.0,0.0,0.0,0.0,0.11946666666666668,0.05040504050405041,0.0,0.0,0.0,0.0,0.0011221062187925556,0.005447117566954153,0.0053030303030303025,0.20445418035779483,0
0.0,0.0,0.0,0.0,0.0,0.0,0.0,0.0,0.0,0.0,0.0,0.0,0.0007698592827961871,0.0040853381752156154,0.003787878787878788,0.0,0
0.0,0.0,0.0,0.12929848693259974,0.0,0.0,0.1008,0.0423042304230423,0.0,0.0,0.0,0.0,0.0010213345438039039,0.004539264639128461,0.006376262626262626,0.0,1
0.0,0.0,0.0,0.0,0.0,0.05201560468140442,0.28053333333333336,0.14491449144914492,0.0,0.0,0.10262257696693274,0.0,0.0012346799818429414,0.01543349977303677,0.0036616161616161618,0.09857612267250823,0
0.0,0.0,0.0,0.0,0.0,0.0,0.1552,0.0369036903690369,0.0,0.0,0.0,0.0,0.0004884248751702225,0.0040853381752156154,0.002462121212121212,0.0,0
0.512,0.0,0.0,0.0,0.0,0.0,0.2048,0.34563456345634563,0.0,0.0,0.08741923223109085,0.11285574092247304,0.004119836586472992,0.018157058556513846,0.004482323232323232,0.6352683461117197,1
0.272,0.18367346938775508,0.0,0.030261348005502068,0.0,0.11703511053315993,0.20586666666666667,0.1017101710171017,0.019801980198019802,0.1711026615969582,0.41923223109084,0.06526005888125615,0.005597821152973219,0.024058102587380847,0.027083333333333334,0.8638189120116831,1
0.0,0.0,0.0,0.0,0.0,0.0,0.0,0.0,0.0,0.0,0.023185100722158875,0.0,0.00035587834770767137,0.004539264639128461,0.004419191919191919,0.02227090178897408,0
0.0,0.0,0.0,0.0,0.0,0.0,0.0,0.0702070207020702,0.0,0.0,0.050551121246674276,0.0,0.000512936904221516,0.0013617793917385383,0.0022095959595959595,0.04855786783497627,0
0.0,0.0,0.0,0.02613480055020633,0.0,0.011703511053315994,0.010133333333333334,0.008100810081008101,0.0,0.0,0.023185100722158875,0.0,0.002384021788470268,0.019518837948252384,0.062436868686868686,0.02227090178897408,1
0.0,0.0,0.0,0.013755158184319122,0.01953125,0.0,0.0,0.0,0.046804680468046804,0.019011406844106467,0.006081337894336755,0.031403336604514234,0.0008306854289605086,0.012709940989559692,0.021338383838383837,0.029207740051113547,1
0.0,0.11836734693877549,0.3222222222222222,0.0,0.05664062499999999,0.07542262678803639,0.1552,0.1566156615661566,0.026102610261026102,0.0,0.5450399087799316,0.0,0.002070812528370404,0.028597367226509306,0.022727272727272728,0.9470609711573567,1
0.0,0.0,0.0,0.0,0.0,0.0,0.0,0.0,0.0,0.0,0.0,0.0,0.0028960508397639587,0.011348161597821153,0.005492424242424242,0.0,0
0.0,0.0,0.0,0.0,0.0,0.0,0.06826666666666667,0.0,0.0,0.24334600760456276,0.0,0.0,0.0010985020426690873,0.004539264639128461,0.0025883838383838386,0.0,0
0.0,0.0,0.0,0.0,0.0,0.0,0.16640000000000002,0.0,0.0,0.0,0.17749904979095402,0.0,0.0,0.0,0.0002525252525252525,0.17050018254837535,0
0.0,0.0,0.0,0.0,0.12890625,0.0,0.1776,0.0,0.0,0.0,0.0,0.0,0.00041579664094416695,0.002723558783477077,0.0021464646464646464,0.0,0
0.0,0.0,0.4888888888888889,0.0,0.0,0.0,0.05600000000000001,0.023402340234023402,0.0,0.0,0.06651463321930824,0.021099116781158,0.0066009986382206095,0.03086699954607354,0.05580808080808081,0.561518802482658,1
0.0,0.0,0.0,0.0,0.49414062499999994,0.6579973992197657,0.13493333333333332,0.34113411341134114,0.0,0.0,0.7221588749524895,0.23307163886162907,0.0006926917839310032,0.004539264639128461,0.004166666666666667,0.8671047827674334,1
0.0,0.0,0.0,0.0,0.0,0.0,0.10026666666666667,0.1692169216921692,0.0,0.0,0.0,0.0,0.0,0.0,0.0006944444444444445,0.0,0
0.0,0.02857142857142857,0.0,0.0,0.029296875,0.0,0.008,0.006300630063006301,0.006300630063006301,0.013307984790874527,0.0,0.011285574092247303,0.000238765320018157,0.0040853381752156154,0.016603535353535353,0.033953997809419496,1
0.068,0.02040816326530612,0.018518518518518517,0.0,0.0,0.0,0.06133333333333333,0.08280828082808281,0.0,0.10836501901140684,0.0338274420372482,0.038763493621197256,0.003552428506581934,0.042669087607807535,0.08276515151515153,0.15991237677984668,1
0.0,0.0,0.0,0.0,0.0,0.0,0.11573333333333334,0.19531953195319532,0.0,0.0,0.15621436716077536,0.0,0.0030022696323195644,0.006354970494779846,0.0034722222222222225,0.15005476451259583,1
0.0,0.0,0.0,0.0,0.0,0.0,0.1568,0.0,0.0,0.0,0.0,0.0,0.0018492964139809349,0.006354970494779846,0.005113636363636364,0.0,0
0.0,0.0,0.0,0.0,0.037109375,0.0,0.21493333333333337,0.207020702070207,0.017101710171017102,0.036121673003802285,0.13264918282022045,0.0,0.004435769405356333,0.047208352246935995,0.019633838383838382,0.12741876597298285,1
0.0,0.07755102040816325,0.0,0.02613480055020633,0.0,0.024707412223667097,0.12586666666666665,0.1062106210621062,0.0,0.0,0.05777270999619916,0.0,0.00032410349523377213,0.008170676350431231,0.00928030303030303,0.1248630887185104,1
0.0,0.0,0.0,0.0,0.0,0.0,0.0,0.0,0.0,0.0,0.0,0.0,0.0019291874716295958,0.007262823422605538,0.0015151515151515152,0.0,0
0.15600000000000003,0.15918367346938775,0.0,0.0,0.076171875,0.0,0.12746666666666667,0.2502250225022502,0.0,0.0,0.24325351577347018,0.12561334641805694,0.0022696323195642307,0.013163867453472538,0.007007575757575758,0.6119021540708288,1
0.0,0.24081632653061222,0.0,0.08115543328748281,0.0,0.07672301690507151,0.2538666666666667,0.1071107110711071,0.0,0.0,0.16229570505511212,0.0,0.008170676350431231,0.014525646845211076,0.010669191919191919,0.3713033953997809,1
0.0,0.0,0.0,0.0,0.0,0.0,0.0,0.0,0.0,0.0,0.0,0.0,0.0003522469359963685,0.0018157058556513845,0.0015151515151515152,0.0,0
0.0,0.0,0.0,0.0,0.0,0.0,0.0,0.0,0.0,0.0,0.0,0.0,0.0005183840217884702,0.0018157058556513845,0.0006313131313131314,0.0,0
0.0,0.0,0.0,0.0,0.0,0.0,0.0,0.126012601260126,0.0,0.0,0.0,0.0,0.0019546073536087154,0.016795279164775308,0.005113636363636364,0.0,0
0.0,0.0,0.0,0.0,0.0,0.0,0.014933333333333335,0.0,0.0,0.0,0.0,0.0,0.0008606445755787562,0.024512029051293693,0.011994949494949494,0.0,0
0.0,0.0,0.0,0.0,0.0,0.0,0.0,0.0,0.0,0.0,0.0,0.0,0.00010077167498865182,0.00045392646391284613,0.0005681818181818182,0.0,0
0.0,0.0,0.0,0.0,0.0,0.16775032509752924,0.0,0.0,0.0,0.0,0.049030786773090085,0.0,0.0010367680435769406,0.0040853381752156154,0.009406565656565656,0.047097480832420595,0
0.0,0.0,0.0,0.0,0.025390625,0.0,0.006933333333333334,0.011701170117011701,0.0,0.0,0.0,0.0,0.001412619155696777,0.009986382206082615,0.01994949494949495,0.0,0
0.0,0.2530612244897959,0.0,0.08528198074277855,0.0,0.08062418725617684,0.19840000000000002,0.1116111611161116,0.0,0.0,0.040668947168377045,0.15799803729146225,0.0021044030866999544,0.013163867453472538,0.004545454545454545,0.38298649142022634,1
0.044000000000000004,0.21224489795918366,0.0,0.006877579092159561,0.044921875,0.014304291287386214,0.15466666666666667,0.09900990099009901,0.012601260126012603,0.08745247148288975,0.13797035347776512,0.26251226692836116,0.004694507489786655,0.07172038129822969,0.17487373737373738,0.5578678349762688,1
0.6880000000000001,0.11428571428571428,0.0,0.07840440165061899,0.0,0.1118335500650195,0.23040000000000002,0.1809180918091809,0.0,0.0,0.07221588749524896,0.0,0.005069450748978665,0.02496595551520654,0.02196969696969697,0.7995618838992333,1
0.0,0.0,0.0,0.0,0.0,0.0,0.0,0.0,0.35733573357335735,0.0,0.0,0.0,0.0016858828869723108,0.008170676350431231,0.007512626262626262,0.0,0
0.09200000000000001,0.0,0.0,0.0,0.0,0.0,0.025066666666666668,0.0,0.0,0.0,0.0,0.0,0.0005338175215615072,0.003177485247389923,0.008964646464646463,0.08397225264695145,0
0.016,0.19183673469387752,0.014814814814814814,0.0,0.076171875,0.024707412223667097,0.08533333333333334,0.0711071107110711,0.026102610261026102,0.055133079847908745,0.1353097681489928,0.04416094210009814,0.010287789378120745,0.53109396277803,0.578409090909091,0.36363636363636365,1
0.0,0.0,0.0,0.0,0.0,0.08062418725617684,0.13226666666666667,0.16741674167416742,0.0,0.0,0.8722919042189282,0.1069676153091266,0.003782115297321834,0.012256014525646846,0.009722222222222222,0.9174881343556043,1
0.0,0.0,0.0,0.0,0.0,0.0,0.0,0.0,0.09990999099909992,0.0,0.0790573926263778,0.20412168792934252,0.0026781661370857924,0.009986382206082615,0.004924242424242424,0.22782037239868566,1
0.0,0.0,0.0,0.0,0.0,0.0,0.20373333333333335,0.0,0.0,0.0,0.0,0.0,0.002299591466182478,0.014979573309123922,0.009974747474747475,0.0,0
0.0,0.0,0.0,0.0,0.072265625,0.048114434330299084,0.16746666666666668,0.08280828082808281,0.0,0.0,0.16495629038388446,0.0,0.0003422605537902859,0.0013617793917385383,0.004545454545454545,0.158451989777291,1
0.128,0.13061224489795917,0.0,0.08803301237964238,0.0625,0.04161248374512353,0.12106666666666667,0.29162916291629165,0.0288028802880288,0.0,0.0,0.0814524043179588,0.0006246028143440761,0.008170676350431231,0.009848484848484848,0.294267981014969,1
0.0,0.0,0.0,0.0,0.369140625,0.0,0.009600000000000001,0.0,0.0333033303330333,0.0,0.0,0.0,0.000601906491148434,0.0040853381752156154,0.010542929292929293,0.0,0
0.18000000000000002,0.0,0.0,0.0,0.0,0.0,0.096,0.4473447344734473,0.04050405040504051,0.0,0.6199163816039529,0.11972522080471051,0.0575724012709941,0.3209260099863822,0.04873737373737374,0.8488499452354875,1
0.0,0.0,0.0,0.1444291609353508,0.0,0.0,0.0,0.0,0.0,0.0,0.0,0.0,0.003177485247389923,0.014979573309123922,0.006755050505050504,0.0,1
0.504,0.0,0.0,0.0,0.0,0.0,0.13493333333333332,0.0,0.0,0.0,0.0,0.0,0.00025873808443032233,0.0018157058556513845,0.0010732323232323232,0.4600219058050384,0
0.472,0.11020408163265305,0.0,0.0,0.052734375,0.2730819245773732,0.1456,0.25472547254725475,0.032403240324032405,0.05133079847908746,0.2322310908399848,0.006869479882237489,0.0024575578756241487,0.05719473445301861,0.05517676767676768,0.7575757575757577,1
0.0,0.0,0.0,0.0,0.0,0.0,0.0,0.0,0.0,0.0,0.0,0.0,0.0027852927825692234,0.012256014525646846,0.014835858585858586,0.0,0
0.0,0.0,0.0,0.0,0.0,0.0,0.05226666666666667,0.1764176417641764,0.0,0.0,0.0,0.0,0.0009078529278256923,0.005447117566954153,0.0025883838383838386,0.0,0
0.652,0.0,0.0,0.0,0.0,0.0,0.08693333333333333,0.1467146714671467,0.0,0.0,0.0,0.0,0.0001643213799364503,0.0009078529278256922,0.0007575757575757576,0.5951077035414385,0
0.0,0.0,0.0,0.0,0.0,0.0,0.14026666666666668,0.0675067506750675,0.0,0.0,0.0,0.0,0.0003931003177485248,0.0018157058556513845,0.005366161616161616,0.0,0
0.0,0.0,0.0,0.0,0.0,0.0,0.0,0.0,0.0,0.0,0.0,0.0,0.001714026327734907,0.003177485247389923,0.0015782828282828283,0.0,0
0.0,0.03673469387755102,0.0,0.0,0.0,0.0,0.10719999999999999,0.30423042304230424,0.016201620162016202,0.017110266159695818,0.09768148992778412,0.015701668302257117,0.0024412165229232862,0.03086699954607354,0.033712121212121214,0.13837166849215043,1
0.032,0.03265306122448979,0.0,0.0,0.0,0.03250975292587776,0.24853333333333336,0.10801080108010801,0.0,0.015209125475285173,0.035727860129228434,0.007360157016683023,0.001389922832501135,0.03994552882433046,0.020075757575757577,0.09821102592186931,1
0.0,0.0,0.0,0.0,0.0,0.0,0.0,0.0,0.0,0.0,0.11174458380843785,0.0,0.002463912846118929,0.004539264639128461,0.00486111111111111,0.10733844468784227,0
0.05600000000000001,0.11428571428571428,0.05185185185185186,0.0,0.027343750000000003,0.036410923276983094,0.23146666666666668,0.18901890189018902,0.07560756075607561,0.07984790874524715,0.14481185860889398,0.024533856722276745,0.0012001815705855652,0.006354970494779846,0.013573232323232322,0.3618108798831691,1
0.0,0.0,0.0,0.0,0.0,0.0,0.03626666666666667,0.0,0.0,0.0,0.0,0.0,0.00156786200635497,0.004539264639128461,0.0056186868686868684,0.0,0
0.476,0.0,0.0,0.0,0.0,0.0,0.1904,0.3213321332133213,0.0,0.0,0.07753705815279362,0.0,0.0069323649568769855,0.018157058556513846,0.0059343434343434335,0.5089448703906535,1
0.288,0.24489795918367344,0.059259259259259255,0.005502063273727649,0.078125,0.05201560468140442,0.16426666666666667,0.11881188118811882,0.1116111611161116,0.07604562737642587,0.15697453439756748,0.08047105004906772,0.002299591466182478,0.0817067635043123,0.10366161616161616,0.7510040160642569,1
1.0,0.0,0.0,0.171939477303989,0.0,0.1625487646293888,0.26666666666666666,0.11251125112511251,0.0,0.0,0.08551881413911061,0.0,0.0012256014525646847,0.012709940989559692,0.008396464646464647,0.9948886454910552,1
0.0,0.0,0.0,0.02338376891334251,0.033203125,0.09102730819245772,0.046400000000000004,0.063006300630063,0.046804680468046804,0.0,0.04446978335233752,0.028459273797841026,0.00228869723104857,0.017249205628688154,0.02638888888888889,0.06389193136181089,1
0.1,0.03265306122448979,0.06296296296296297,0.034387895460797804,0.015625,0.12093628088426527,0.0864,0.037803780378037805,0.015301530153015303,0.11216730038022814,0.1847206385404789,0.05789990186457312,0.005956423059464367,0.3032228778937812,0.08920454545454547,0.403066812705367,1
0.0,0.16734693877551018,0.0,0.056396148555708396,0.0,0.0,0.10933333333333332,0.1107110711071107,0.0,0.0,0.02546560243253516,0.0,0.0007834770767135723,0.005901044030867,0.0025252525252525255,0.1741511500547645,1
0.196,0.0,0.0,0.0,0.0,0.0637191157347204,0.14453333333333335,0.1107110711071107,0.0,0.0,0.055872291904218926,0.0,0.0014407625964593736,0.024512029051293693,0.01773989898989899,0.2325666301569916,0
0.0,0.29387755102040813,0.15185185185185182,0.0,0.0390625,0.2028608582574772,0.09973333333333334,0.0747074707470747,0.0558055805580558,0.11787072243346008,0.20828582288103387,0.09764474975466145,0.012075351793009533,0.31048570131638675,0.0956439393939394,0.6852866009492515,1
0.0,0.0,0.0,0.0,0.0,0.0,0.1568,0.0,0.0,0.0,0.0,0.0,0.0005102133454380392,0.0018157058556513845,0.0015151515151515152,0.0,0
0.0,0.0,0.0,0.0,0.0,0.0,0.0,0.0,0.0,0.0,0.0,0.0,0.0019291874716295958,0.006354970494779846,0.0030934343434343434,0.0,0
0.13999999999999999,0.0,0.0,0.0,0.0,0.18595578673602078,0.09546666666666667,0.09630963096309632,0.0,0.0,0.47776510832383123,0.0,0.002628234226055379,0.02723558783477077,0.016414141414141412,0.5867104782767433,1
0.0,0.0,0.0,0.0,0.0,0.0,0.038400000000000004,0.0,0.0,0.0,0.0,0.0,0.0003694961416250568,0.0022696323195642307,0.0023358585858585857,0.0,0
0.0,0.0,0.0,0.0,0.072265625,0.048114434330299084,0.168,0.08280828082808281,0.0,0.0,0.1619156214367161,0.0,0.0002569223785746708,0.0013617793917385383,0.004229797979797979,0.15553121577217963,1
0.0,0.0,0.0,0.0,0.0,0.0,0.0,0.0,0.0,0.0,0.3169897377423033,0.0,0.0037494325919201084,0.011802088061734,0.007386363636363636,0.3044906900328587,1
0.0,0.0,0.0,0.0,0.0,0.24057217165149544,0.0,0.0,0.0,0.0,0.0,0.0,0.0006681797548797095,0.003177485247389923,0.00202020202020202,0.0,0
0.0,0.08163265306122448,0.07407407407407407,0.027510316368638245,0.0390625,0.22106631989596875,0.11733333333333335,0.09000900090009001,0.045004500450045004,0.15209125475285173,0.12694792854427975,0.08537782139352307,0.005352700862460282,0.3032228778937812,0.07569444444444445,0.3315078495801388,1
0.15200000000000002,0.0,0.0,0.0,0.150390625,0.0,0.14400000000000002,0.1035103510351035,0.0,0.0,0.37438236412010645,0.09028459273797843,0.0026536541080344985,0.03495233772128915,0.016035353535353535,0.565534866739686,1
0.0,0.0,0.0,0.0,0.0,0.057217165149544856,0.1408,0.039603960396039604,0.0,0.0,0.0,0.11334641805691857,0.004518384021788471,0.031320926009986386,0.01654040404040404,0.08433734939759037,1
0.0,0.0,0.0,0.013755158184319122,0.01953125,0.0,0.0,0.0,0.046804680468046804,0.019011406844106467,0.006081337894336755,0.031403336604514234,0.0008306854289605086,0.012709940989559692,0.021338383838383837,0.029207740051113547,1
0.0,0.0,0.0,0.0,0.0,0.0,0.11626666666666668,0.09810981098109811,0.0,0.0,0.0,0.0,0.0008797094870630959,0.006808896958692692,0.00404040404040404,0.0,0
0.0,0.0,0.0,0.0,0.0,0.0,0.0,0.06840684068406841,0.0,0.0,0.0,0.0,0.002451202905129369,0.012256014525646846,0.00928030303030303,0.0,0
0.0,0.0,0.0,0.0,0.091796875,0.061118335500650184,0.15093333333333334,0.21152115211521152,0.0423042304230423,0.0,0.031166856708475868,0.2011776251226693,0.00369859282796187,0.026781661370857923,0.008585858585858586,0.1796276013143483,1
0.0,0.0,0.0,0.0,0.40234375,0.0,0.027200000000000002,0.0,0.0,0.0,0.0,0.0,0.0005211075805719474,0.0013617793917385383,0.004608585858585858,0.0,0
0.0,0.0,0.0,0.0,0.0,0.0,0.30720000000000003,0.0,0.0,0.0,0.0,0.0,0.00015070358601906484,0.0009078529278256922,0.0008207070707070708,0.0,0
0.24,0.3918367346938775,0.0,0.0,0.046875,0.0,0.23680000000000004,0.16201620162016203,0.0,0.045627376425855515,0.03838844545800076,0.09911678115799806,0.0023132092600998636,0.024058102587380847,0.030176767676767677,0.6801752464403067,1
0.0,0.17551020408163262,0.0,0.0,0.33984375,0.0,0.046400000000000004,0.0783078307830783,0.0,0.0,0.30482706195362985,0.0,0.0037349069450748978,0.04811620517476169,0.011237373737373737,0.44979919678714864,1
0.06,0.22857142857142856,0.0,0.008253094910591473,0.048828125,0.0,0.13706666666666667,0.1269126912691269,0.010801080108010801,0.09505703422053233,0.13112884834663627,0.20608439646712465,0.006369496141625057,0.08034498411257376,0.20845959595959596,0.538517707192406,1
0.0,0.08979591836734693,0.08148148148148147,0.009628610729023386,0.013671875000000002,0.0,0.176,0.16831683168316833,0.0,0.12737642585551331,0.04979095400988218,0.03483807654563297,0.0022206082614616434,0.03313663186563777,0.06130050505050505,0.23439211391018622,1
0.0,0.0,0.0,0.0,0.0,0.0,0.05173333333333333,0.08730873087308731,0.0,0.0,0.0,0.0,0.0010866999546073537,0.006354970494779846,0.009785353535353534,0.0,0
0.0,0.0,0.0,0.04401650618982119,0.0,0.04161248374512353,0.05226666666666667,0.2367236723672367,0.0,0.06083650190114069,0.0,0.0,0.004206082614616432,0.053109396277803,0.021275252525252523,0.0,0
0.0,0.0,0.0,0.0,0.0,0.0,0.1568,0.0,0.0,0.0,0.0,0.0,0.0,0.0,0.00044191919191919195,0.0,0
0.44400000000000006,0.0,0.0,0.0,0.0,0.07152145643693107,0.08853333333333334,0.19981998199819984,0.04950495049504951,0.0,0.1839604713036868,0.039254170755642796,0.006695415342714481,0.038129822968679075,0.012626262626262626,0.611171960569551,1
0.0,0.0,0.0,0.0,0.0,0.21586475942782832,0.0,0.0,0.0,0.0,0.0,0.0,0.0027707671357240123,0.009532455742169769,0.004797979797979798,0.0,0
0.0,0.0,0.0,0.0,0.0,0.0,0.020800000000000003,0.0351035103510351,0.0,0.0,0.0,0.0,0.0013617793917385383,0.009078529278256923,0.008143939393939394,0.0,1
0.0,0.0,0.0,0.0,0.0,0.0,0.2048,0.0,0.0,0.0,0.0,0.0,0.002516568315932819,0.022696323195642305,0.005176767676767676,0.0,0
0.0,0.0,0.0,0.0,0.0,0.0,0.22666666666666668,0.0765076507650765,0.0,0.0,0.0,0.06084396467124633,0.0007008624602814344,0.007716749886518385,0.00486111111111111,0.045271997079225995,0
0.0,0.0,0.0,0.0,0.0,0.0,0.0688,0.0,0.0,0.12167300380228138,0.08817939946788295,0.0,0.0005002269632319564,0.0022696323195642307,0.002777777777777778,0.08470244614822929,0
0.21600000000000003,0.0,0.0,0.22420907840440166,0.533203125,0.07022106631989597,0.2618666666666667,0.19621962196219622,0.0,0.0,0.0,0.08390578999018647,0.001445301861098502,0.01407172038129823,0.0043560606060606055,0.25958378970427165,1
0.0,0.0,0.0,0.0,0.0,0.0,0.013866666666666668,0.023402340234023402,0.0,0.0,0.012542759407069557,0.0,0.0036395823876532005,0.024512029051293693,0.03188131313131313,0.012048192771084338,1
0.0,0.0,0.0,0.0,0.0,0.0,0.0256,0.021602160216021602,0.0,0.20532319391634984,0.0,0.016192345436702654,0.0028452110758057196,0.03495233772128915,0.040656565656565655,0.012048192771084338,0
0.0,0.0,0.0,0.0,0.0,0.0,0.22506666666666666,0.126012601260126,0.0,0.0,0.0870391486126948,0.0,0.0015006808896958694,0.006354970494779846,0.004292929292929293,0.08360715589631253,0
0.0,0.0,0.0,0.0,0.0,0.0,0.10986666666666668,0.0,0.0,0.0,0.08209806157354618,0.0,0.001592374035406264,0.010894235133908307,0.009848484848484848,0.07886089813800658,0
0.168,0.0,0.0,0.0,0.0,0.05461638491547463,0.11306666666666668,0.037803780378037805,0.0,0.0,0.05093120486507032,0.0,0.001091239219246482,0.007262823422605538,0.010227272727272727,0.20226359985396133,0
0.0,0.0,0.0,0.0,0.0,0.0,0.0,0.0,0.0,0.0,0.0,0.0,0.0008615524285065819,0.007262823422605538,0.014457070707070706,0.0,0
0.0,0.0,0.0,0.0,0.0,0.10273081924577372,0.0,0.0,0.0,0.0,0.0,0.0,0.0014298683613254656,0.006354970494779846,0.006439393939393939,0.0,0
0.0,0.0,0.0,0.0,0.0,0.0,0.0,0.0,0.0,0.0,0.058152793614595216,0.0,0.002103495233772129,0.004539264639128461,0.008522727272727272,0.05585980284775466,1
0.0,0.0,0.0,0.0,0.0,0.0,0.128,0.4329432943294329,0.0,0.0,0.0,0.0,0.0027235587834770767,0.006808896958692692,0.004482323232323232,0.0,1
0.036,0.0,0.0,0.0,0.0,0.0,0.0048000000000000004,0.008100810081008101,0.0,0.017110266159695818,0.012922843025465603,0.0,0.00038946890603722194,0.02088061733999092,0.019255050505050504,0.045271997079225995,0
0.32400000000000007,0.0,0.3,0.0,0.0,0.10533159947984394,0.12960000000000002,0.07290729072907291,0.0,0.0,0.0459901178259217,0.0,0.002755333635950976,0.019064911484339538,0.00707070707070707,0.6356334428623586,1
0.18400000000000002,0.0,0.0,0.0,0.0,0.0,0.09920000000000001,0.46264626462646263,0.041404140414041404,0.0,0.6396807297605474,0.08243375858684987,0.05090876078075352,0.2873354516568316,0.04678030303030303,0.8437385907265426,1
0.0,0.0,0.0,0.0,0.34765625,0.0,0.0,0.0,0.0,0.0,0.0,0.0,0.0006536541080344984,0.004539264639128461,0.0026515151515151517,0.0,0
0.0,0.2816326530612244,0.0,0.09491059147180193,0.0,0.0,0.0736,0.18721872187218722,0.0,0.0,0.26643861649562905,0.05691854759568205,0.007064003631411712,0.014979573309123922,0.017676767676767676,0.5502008032128514,1
0.0,0.0,0.0,0.0,0.0,0.0,0.0,0.0,0.0,0.0,0.0,0.0,0.003404448479346346,0.003177485247389923,0.0011363636363636363,0.0,0
0.252,0.0,0.0,0.0,0.0,0.04031209362808842,0.2522666666666667,0.05670567056705671,0.0,0.0,0.01710376282782212,0.0,0.006461189287335453,0.04357694053563323,0.02607323232323232,0.24644030668127057,0
0.0,0.0,0.0,0.0,0.0,0.0,0.0,0.0,0.0,0.0,0.0,0.0,0.0013617793917385383,0.0013617793917385383,0.0002525252525252525,0.0,0
0.0,0.0,0.0,0.0,0.0,0.0,0.06133333333333333,0.0513051305130513,0.0,0.0,0.039148612694792854,0.0,0.0003731275533363595,0.0013617793917385383,0.001452020202020202,0.03760496531580869,0
0.0,0.0,0.0,0.0,0.0,0.2093628088426528,0.17173333333333335,0.14491449144914492,0.0,0.0,0.0,0.0,0.0001643213799364503,0.0009078529278256922,0.0007575757575757576,0.0,0
0.0,0.0,0.0,0.0,0.0,0.0,0.22666666666666668,0.19081908190819083,0.0,0.0,0.0,0.0,0.003177485247389923,0.011348161597821153,0.002777777777777778,0.0,1
0.0,0.0,0.0,0.0,0.0,0.0,0.10880000000000001,0.0,0.0,0.0,0.10870391486126947,0.0,0.0013018610985020425,0.007262823422605538,0.0034722222222222225,0.10441767068273092,0
0.052000000000000005,0.0,0.0,0.0,0.0,0.0,0.10346666666666667,0.08730873087308731,0.0,0.0,0.00950209045990118,0.0,0.004262369496141625,0.03676804357694054,0.03768939393939394,0.056589996349032494,0
0.0,0.13061224489795917,0.0,0.0,0.0,0.0,0.2490666666666667,0.05850585058505851,0.0144014401440144,0.030418250950570346,0.13683010262257697,0.014720314033366046,0.0003812982296867907,0.0040853381752156154,0.01231060606060606,0.2592186929536327,1
0.328,0.06530612244897958,0.059259259259259255,0.0674002751031637,0.03125,0.20416124837451233,0.12373333333333333,0.10441044104410441,0.029702970297029705,0.12547528517110268,0.09502090459901179,0.10991167811579983,0.0044230594643667725,0.2632773490694508,0.08446969696969697,0.5892661555312158,1
0.0,0.0,0.037037037037037035,0.020632737276478682,0.00390625,0.016905071521456434,0.11146666666666667,0.1413141314131413,0.0018001800180018,0.10456273764258557,0.09502090459901179,0.022571148184494606,0.0014244212437585111,0.029505220154335,0.14255050505050504,0.14457831325301207,1
0.0,0.0,0.0,0.0,0.0,0.0,0.5669333333333334,0.19081908190819083,0.0,0.0,0.0,0.0,0.0,0.0,0.00037878787878787884,0.0,0
0.0,0.0,0.0,0.0,0.0,0.0,0.0,0.036003600360036005,0.0,0.0,0.0,0.0,0.004641852019972765,0.008624602814344077,0.03737373737373737,0.0,0
0.0,0.0,0.0,0.0,0.0,0.0,0.0,0.0,0.0,0.0,0.0,0.0,0.002621879255560599,0.003177485247389923,0.0021464646464646464,0.0,0
0.0,0.0,0.0,0.12929848693259974,0.091796875,0.0,0.050133333333333335,0.0423042304230423,0.0,0.0,0.08247814519194223,0.0,0.0004357694053563323,0.004539264639128461,0.004797979797979798,0.0792259948886455,1
0.0,0.11836734693877549,0.0,0.0,0.05664062499999999,0.0,0.11733333333333335,0.07920792079207921,0.0,0.1673003802281369,0.1474724439376663,0.023552502453385676,0.0011475261007716747,0.021788470267816613,0.026957070707070707,0.26506024096385544,1
0.0,0.08979591836734693,0.08148148148148147,0.009628610729023386,0.013671875000000002,0.0,0.176,0.16831683168316833,0.0,0.12737642585551331,0.04979095400988218,0.03483807654563297,0.0022206082614616434,0.03313663186563777,0.06130050505050505,0.23439211391018622,1
0.652,0.0,0.0,0.0,0.0,0.0,0.1744,0.29432943294329433,0.0,0.30988593155893535,0.30482706195362985,0.13101079489695783,0.0009078529278256923,0.006808896958692692,0.0022095959595959595,0.9853961299744433,1
0.0,0.0,0.0,0.0,0.0,0.0,0.0528,0.0,0.021602160216021602,0.0,0.0,0.07998037291462219,0.008058102587380845,0.106218792555606,0.07039141414141414,0.05951077035414385,0
0.020000000000000004,0.0,0.0,0.0,0.009765625,0.0,0.034133333333333335,0.0,0.0,0.0,0.0,0.003925417075564279,0.00028869723104857023,0.004993191103041307,0.01534090909090909,0.021175611537057323,0
0.0,0.0,0.0,0.0,0.046875,0.0,0.0256,0.043204320432043204,0.0,0.09125475285171103,0.0,0.0,0.001238311393554244,0.032682705401724924,0.014267676767676768,0.0,0
0.07600000000000001,0.024489795918367342,0.02222222222222222,0.0,0.0234375,0.0,0.09280000000000001,0.1107110711071107,0.0,0.0,0.02432535157734702,0.02698724239450442,0.0009296413980935089,0.010894235133908307,0.05656565656565656,0.1566265060240964,0
0.42000000000000004,0.0,0.0,0.0,0.0,0.0,0.11253333333333333,0.126012601260126,0.0,0.0,0.48802736602052454,0.0,0.0023958238765320015,0.02723558783477077,0.019696969696969695,0.8521358159912378,1
0.0,0.0,0.0,0.0,0.0,0.0,0.046400000000000004,0.0,0.0,0.0,0.0,0.0,0.0025882886972310483,0.022696323195642305,0.006502525252525252,0.0,1
0.20800000000000002,0.0,0.0,0.0,0.0,0.0,0.027733333333333336,0.0,0.0,0.0,0.0,0.0,0.00128551974580118,0.007716749886518385,0.00726010101010101,0.18985031033223806,0
0.0,0.0,0.0,0.0,0.0,0.0,0.0,0.0,0.0,0.0,0.0,0.0,0.0052655469813890155,0.007262823422605538,0.0020833333333333333,0.0,0
0.0,0.0,0.5518518518518518,0.0,0.08984375,0.0,0.0,0.0,0.024302430243024305,0.0,0.0,0.03238469087340531,0.0010494779845665004,0.011348161597821153,0.03478535353535354,0.5680905439941585,0
0.0,0.0,0.0,0.0,0.0,0.15474642392717813,0.031466666666666664,0.0,0.0,0.0,0.03344735841885215,0.0,0.0007262823422605537,0.0040853381752156154,0.00505050505050505,0.0321285140562249,0
0.0,0.0,0.0,0.0,0.0,0.0,0.0,0.0,0.0,0.0,0.0,0.0,0.002610077167498865,0.006808896958692692,0.001893939393939394,0.0,0
0.22400000000000003,0.0,0.0,0.15405777166437418,0.66015625,0.0,0.2106666666666667,0.20252025202520252,0.0,0.0,0.42949448878753327,0.1702649656526006,0.0035179300953245576,0.06309577848388562,0.012247474747474747,0.7437020810514786,1
0.0,0.0,0.0,0.0,0.0,0.04161248374512353,0.20533333333333334,0.0576057605760576,0.0,0.0,0.062333713416951736,0.026496565260058884,0.0006091693145710396,0.0013617793917385383,0.007007575757575758,0.07959109163928442,1
0.0,0.0,0.47407407407407404,0.3521320495185695,1.0,0.0,0.13653333333333334,0.4608460846084608,0.1152115211521152,0.24334600760456276,0.20600532117065756,0.0,0.09229777576032683,0.13753971856559238,0.01938131313131313,0.665206279664111,1
0.0,0.0,0.0,0.0,0.0,0.0,0.064,0.0,0.0,0.0,0.0,0.0,0.0010894235133908307,0.009532455742169769,0.003409090909090909,0.0,0
0.252,0.2571428571428571,0.0,0.0,0.060546875,0.4135240572171651,0.11840000000000002,0.1719171917191719,0.0,0.05893536121673004,0.020904599011782595,0.24582924435721298,0.0022778029959146617,0.04085338175215615,0.011679292929292928,0.6630156991602776,1
0.0,0.0,0.0,0.0,0.0,0.0,0.33333333333333337,0.37443744374437443,0.0,0.0,0.0,0.0,0.0,0.0,0.0,0.0,0
0.336,0.0,0.0,0.0,0.05468750000000001,0.5864759427828348,0.13546666666666668,0.22862286228622863,0.025202520252025205,0.0,0.4359559103002661,0.02208047105004907,0.005608715388107127,0.04675442578302315,0.033017676767676765,0.7418765972982841,1
0.0,0.29387755102040813,0.15185185185185182,0.0,0.0390625,0.2028608582574772,0.09973333333333334,0.0747074707470747,0.0558055805580558,0.11787072243346008,0.20828582288103387,0.09764474975466145,0.012075351793009533,0.31048570131638675,0.0956439393939394,0.6852866009492515,1
0.0,0.0,0.0,0.0,0.0,0.0,0.06613333333333334,0.09900990099009901,0.0,0.0,0.007601672367920943,0.0,0.0016159782115297318,0.014979573309123922,0.023106060606060606,0.007301935012778387,0
0.0,0.0,0.0,0.0,0.0,0.0,0.26133333333333336,0.10981098109810981,0.0657065706570657,0.0,0.20676548840744965,0.037782139352306184,0.0009577848388561055,0.009532455742169769,0.006944444444444444,0.2267250821467689,1
0.0,0.0,0.0,0.0,0.0,0.0,0.0,0.0,0.0,0.0,0.0,0.0,0.0007598729005901043,0.004993191103041307,0.004229797979797979,0.0,0
0.0,0.0,0.0,0.0,0.0,0.0,0.0,0.0,0.1053105310531053,0.0,0.0,0.0,0.00026690876078075355,0.0009078529278256922,0.0013257575757575758,0.0,0
0.332,0.0,0.0,0.0,0.0,0.21586475942782832,0.1552,0.0369036903690369,0.0,0.0,0.12504751045229953,0.0,0.001781207444394008,0.004539264639128461,0.009848484848484848,0.4231471339905075,0
0.0,0.0,0.0,0.0,0.0,0.0,0.05333333333333334,0.0,0.0,0.0,0.18510072215887496,0.0,0.0011720381298229686,0.009532455742169769,0.003409090909090909,0.17780211756115372,0
0.32400000000000007,0.0,0.0,0.22420907840440166,0.0,0.0,0.21813333333333335,0.0,0.0,0.0,0.4606613454960091,0.0,0.013541534271448026,0.03177485247389923,0.011994949494949494,0.738225629791895,1
0.036,0.012244897959183671,0.01111111111111111,0.0,0.03515625,0.016905071521456434,0.018666666666666668,0.013501350135013501,0.0,0.009505703422053233,0.006081337894336755,0.0,0.0011166591012256016,0.04584657285519746,0.1999368686868687,0.0606060606060606,0
0.0,0.0,0.0,0.0,0.0,0.0,0.07200000000000001,0.029702970297029705,0.0,0.0,0.0661345496009122,0.0,0.0009723104857013166,0.02088061733999092,0.00726010101010101,0.06352683461117196,0
0.0,0.03673469387755102,0.0,0.0,0.017578125,0.0,0.06773333333333334,0.30423042304230424,0.032403240324032405,0.017110266159695818,0.011022424933485368,0.006869479882237489,0.0028978665456196096,0.021334543803903767,0.03566919191919192,0.04855786783497627,1
0.0,0.0,0.0,0.0,0.0,0.0,0.0,0.0,0.2808280828082808,0.0,0.07525655644241734,0.09715407262021591,0.0025937358147980027,0.010894235133908307,0.00505050505050505,0.14457831325301207,1
0.0,0.20816326530612242,0.0,0.0,0.0,0.0,0.08213333333333334,0.0927092709270927,0.0,0.0,0.30406689471683773,0.08684985279685967,0.0019291874716295958,0.004993191103041307,0.0062499999999999995,0.542898868200073,1
0.032,0.0,0.0,0.0,0.0,0.0,0.017066666666666667,0.0144014401440144,0.0,0.155893536121673,0.0,0.016192345436702654,0.0016486609169314567,0.01407172038129823,0.03958333333333333,0.04125593282219789,0
0.0,0.0,0.0,0.0,0.0,0.0871261378413524,0.03573333333333334,0.06030603060306031,0.0,0.0,0.1353097681489928,0.05789990186457312,0.001193826600090785,0.004993191103041307,0.00827020202020202,0.17305585980284777,1
0.0,0.0,0.0,0.0,0.0,0.0,0.0128,0.0,0.0,0.0,0.056632459141011025,0.0,0.008181570585565139,0.11348161597821153,0.049873737373737376,0.05439941584519898,0
0.0,0.0,0.0,0.0,0.0,0.0,0.13493333333333332,0.0,0.0,0.0,0.0790573926263778,0.0,0.0006881525192918748,0.004539264639128461,0.0031565656565656565,0.07594012413289522,0
0.504,0.0,0.0,0.0,0.0,0.0,0.0,0.0,0.11341134113411341,0.0,0.35195743063473967,0.0,0.0023222877893781207,0.010894235133908307,0.007575757575757575,0.7981014968966776,1
0.18000000000000002,0.0,0.0,0.0,0.0,0.0,0.096,0.48604860486048607,0.04050405040504051,0.0,0.6180159635119726,0.07948969578017666,0.06239400817067636,0.3200181570585565,0.04835858585858586,0.8170865279299014,1
0.0,0.28571428571428564,0.0,0.0,0.13671875,0.04551365409622886,0.1408,0.1827182718271827,0.046804680468046804,0.11596958174904944,0.21132649182820223,0.03385672227674191,0.016553790285973674,0.5306400363141172,0.1966540404040404,0.4837531945965681,1
0.0,0.0,0.0,0.0,0.0,0.09752925877763327,0.33493333333333336,0.0675067506750675,0.0,0.0,0.0,0.0,0.0,0.0,0.0025883838383838386,0.0,0
0.868,0.0,0.0,0.0,0.0,0.28218465539661897,0.34773333333333334,0.19531953195319532,0.0,0.0,0.0,0.0,0.00030231502496595546,0.0018157058556513845,0.000946969696969697,0.7922599488864549,1
0.0,0.0,0.0,0.0,0.0,0.0,0.057600000000000005,0.0,0.0,0.0,0.023565184340554924,0.0,0.0003758511121198365,0.005447117566954153,0.00726010101010101,0.022635998539612998,0
0.0,0.0,0.0,0.0,0.0,0.0,0.0,0.0,0.0,0.0,0.0790573926263778,0.30716388616290485,0.002783477076713572,0.007262823422605538,0.003787878787878788,0.3044906900328587,1
0.04000000000000001,0.0,0.0,0.0,0.041015625,0.0,0.0,0.0,0.046804680468046804,0.0,0.015583428354237934,0.02011776251226693,0.0011992737176577395,0.013617793917385384,0.029545454545454545,0.06644760861628332,0
0.0,0.0,0.0,0.0,0.0,0.0,0.0,0.0,0.0,0.0,0.0,0.0,4.993191103041302e-05,0.0009078529278256922,0.0023358585858585857,0.0,1
0.0,0.0,0.0,0.0,0.0,0.0,0.0,0.0,0.0,0.0,0.07753705815279362,0.0,0.0001942805265546982,0.0009078529278256922,0.0020833333333333333,0.07447973713033954,0
0.0,0.0,0.0,0.0,0.0,0.0,0.18826666666666667,0.039603960396039604,0.0,0.0,0.0,0.0,0.0009650476622787111,0.02088061733999092,0.006060606060606061,0.0,0
0.0,0.0,0.0,0.0,0.0,0.04031209362808842,0.0,0.0279027902790279,0.0,0.0,0.0,0.0,0.001981842941443486,0.024512029051293693,0.011994949494949494,0.0,0
0.0,0.08979591836734693,0.08148148148148147,0.009628610729023386,0.013671875000000002,0.0,0.1754666666666667,0.16831683168316833,0.0,0.12737642585551331,0.04522995058912961,0.03483807654563297,0.002205174761688606,0.03313663186563777,0.06142676767676768,0.2300109529025192,1
0.136,0.0,0.0,0.09353507565337003,0.0,0.17685305591677503,0.1824,0.24572457245724572,0.0,0.0,0.018244013683010263,0.023552502453385676,0.0003676804357694055,0.006354970494779846,0.006060606060606061,0.15918218327856884,0
0.0,0.0,0.0,0.05914718019257222,0.0,0.0,0.046400000000000004,0.0,0.0387038703870387,0.0,0.15013302926643862,0.0,0.006339536995006809,0.03222877893781208,0.031186868686868686,0.14421321650237315,1
0.0,0.0,0.1,0.07565337001375518,0.21679687500000003,0.0,0.029333333333333336,0.0747074707470747,0.024302430243024305,0.05133079847908746,0.11440516913721019,0.0,0.016778937812074443,0.31457103949160237,0.07127525252525253,0.2084702446148229,1
0.0,0.0,0.0,0.0,0.0,0.0,0.0,0.0,0.0,0.14258555133079848,0.0,0.0,0.00258374943259192,0.017249205628688154,0.0062499999999999995,0.0,0
0.0,0.0,0.0,0.0,0.0,0.0,0.06346666666666667,0.09180918091809182,0.0,0.0,0.029646522234891677,0.0,0.0006790739900136177,0.005447117566954153,0.018813131313131313,0.028477546549835708,0
0.0,0.0,0.0,0.0,0.0,0.0,0.0,0.0,0.0,0.0,0.058152793614595216,0.0,0.000847026781661371,0.002723558783477077,0.0035984848484848487,0.05585980284775466,0
0.5,0.0,0.0,0.0,0.12109375,0.0,0.16746666666666668,0.11251125112511251,0.0,0.05893536121673004,0.18434055492208287,0.19038272816486754,0.0021080344984112575,0.02723558783477077,0.020075757575757577,0.7751004016064257,1
0.0,0.0,0.0,0.0,0.0,0.0,0.34026666666666666,0.0,0.0,0.0,0.0,0.0,0.00012074443940081716,0.0009078529278256922,0.00101010101010101,0.0,0
0.11599999999999999,0.0,0.0,0.0,0.05664062499999999,0.0,0.12693333333333334,0.026102610261026102,0.0,0.0,0.1307487647282402,0.0,0.0007653200181570585,0.007262823422605538,0.01332070707070707,0.23147133990507482,0
0.0,0.0,0.0,0.02338376891334251,0.033203125,0.09102730819245772,0.046933333333333334,0.063006300630063,0.046804680468046804,0.0,0.03230710756366401,0.02796859666339549,0.0023277349069450747,0.017249205628688154,0.026262626262626262,0.05184373859072655,1
0.0,0.0,0.0,0.0,0.0,0.0,0.0,0.0,0.0,0.0,0.0,0.0,0.002159782115297322,0.004539264639128461,0.006123737373737373,0.0,0
0.0,0.08163265306122448,0.07407407407407407,0.027510316368638245,0.0390625,0.20806241872561768,0.11733333333333335,0.09000900090009001,0.045004500450045004,0.15209125475285173,0.11668567084758648,0.0858684985279686,0.005389922832501136,0.3032228778937812,0.07657828282828283,0.32201533406352684,1
0.18000000000000002,0.0,0.0,0.0,0.0,0.0,0.096,0.48604860486048607,0.04050405040504051,0.0,0.6180159635119726,0.07948969578017666,0.06239400817067636,0.3200181570585565,0.04835858585858586,0.8170865279299014,1
0.0,0.0,0.0,0.0,0.0,0.0,0.08106666666666668,0.0,0.0,0.0,0.0,0.0,0.0003731275533363595,0.0018157058556513845,0.001452020202020202,0.0,0
0.0,0.47346938775510194,0.0,0.0,0.0,0.0,0.3098666666666667,0.10441044104410441,0.0,0.0,0.1862409730140631,0.0,0.0010213345438039039,0.002723558783477077,0.0020833333333333333,0.6024096385542169,0
0.0,0.0,0.0,0.0,0.0,0.0,0.0,0.0,0.0,0.0,0.0,0.0,0.001210167952791648,0.0018157058556513845,0.00037878787878787884,0.0,0
0.0,0.0,0.0,0.0,0.0,0.0,0.19733333333333336,0.0,0.0,0.0,0.13264918282022045,0.0,0.0004266908760780754,0.0013617793917385383,0.0015151515151515152,0.12741876597298285,0
0.12,0.12244897959183672,0.05555555555555555,0.0,0.0,0.19765929778933677,0.11413333333333335,0.21962196219621963,0.0,0.2889733840304183,0.3994678829342455,0.11040235525024536,0.005162051747616887,0.09804811620517477,0.056502525252525256,0.7396860167944505,1
0.0,0.0,0.0,0.0,0.0,0.0,0.08373333333333334,0.0,0.0,0.0,0.0,0.0,0.0017113027689514295,0.004539264639128461,0.006313131313131313,0.0,0
0.0,0.0,0.02222222222222222,0.05226960110041266,0.0,0.015604681404421323,0.08906666666666667,0.063006300630063,0.0,0.011406844106463879,0.09502090459901179,0.035819430814524045,0.0006935996368588288,0.016341352700862462,0.048295454545454544,0.13983205549470612,1
0.0,0.0,0.0,0.0,0.0,0.0,0.0,0.9999999999999999,0.9999999999999999,0.0,0.0,0.0,0.0,0.0,0.0001893939393939394,0.0,1
0.0,0.0,0.0,0.0,0.0,0.0,0.10346666666666667,0.08730873087308731,0.0,0.0,0.0,0.0,0.0012201543349977303,0.004539264639128461,0.004229797979797979,0.0,0
0.36800000000000005,0.0,0.0,0.0,0.0,0.0,0.03253333333333334,0.0,0.0,0.0,0.0,0.0,0.001035860190649115,0.016795279164775308,0.01332070707070707,0.3358890105878058,1
0.0,0.0,0.0,0.0,0.0,0.0,0.0,0.0,0.0,0.0,0.0,0.0,0.001218338629142079,0.003177485247389923,0.005555555555555555,0.0,0
0.0,0.0,0.0,0.0,0.0,0.0,0.0,0.0,0.0,0.0,0.0,0.0,0.00270812528370404,0.012256014525646846,0.015025252525252525,0.0,0
0.0,0.0,0.0,0.0,0.0,0.0,0.0,0.0,0.0,0.0,0.0,0.4229636898920511,0.006808896958692692,0.007262823422605538,0.0020833333333333333,0.31471339905074847,1
0.0,0.0,0.0,0.0,0.134765625,0.0,0.0,0.015301530153015303,0.0,0.0,0.0,0.0,0.0006218792555605991,0.002723558783477077,0.012815656565656565,0.0,0
0.0,0.0,0.0,0.0,0.0,0.0,0.057600000000000005,0.0,0.0,0.0,0.02394526795895097,0.0,0.00492328642759873,0.019064911484339538,0.021022727272727273,0.02300109529025192,0
0.0,0.0,0.0,0.0,0.0,0.0,0.22666666666666668,0.0,0.0,0.0,0.0,0.0,0.0007126645483431683,0.0022696323195642307,0.0015151515151515152,0.0,0
0.0,0.0,0.0,0.0,0.0,0.0,0.0,0.0,0.0,0.0,0.0,0.0,0.000604630049931911,0.0009078529278256922,0.0002525252525252525,0.0,0
0.0,0.0,0.0,0.0,0.0,0.0,0.07946666666666667,0.0,0.0,0.0,0.0,0.0,0.00044303222877893785,0.0018157058556513845,0.003977272727272727,0.0,0
0.024,0.0,0.02222222222222222,0.0,0.0234375,0.007802340702210662,0.049600000000000005,0.09450945094509451,0.0,0.011406844106463879,0.03800836183960472,0.0534838076545633,0.000964139809350885,0.009078529278256923,0.06660353535353536,0.12011683096020445,0
0.0,0.0,0.0,0.0,0.04296875,0.0,0.07253333333333334,0.0,0.019801980198019802,0.0,0.0,0.0,0.003598729005901044,0.06854289605083977,0.044444444444444446,0.0,0
0.256,0.0,0.0,0.0,0.0625,0.0,0.04266666666666667,0.043204320432043204,0.0,0.09125475285171103,0.225769669327252,0.0,0.004251475261007717,0.05764866091693146,0.0351010101010101,0.4505293902884264,1
0.0,0.0,0.0,0.0,0.0,0.0,0.06346666666666667,0.0531053105310531,0.0,0.0,0.080577727099962,0.0,0.0006354970494779846,0.004539264639128461,0.004229797979797979,0.07740051113545089,0
0.34400000000000003,0.0,0.0,0.11829436038514445,0.0,0.2249674902470741,0.18506666666666668,0.1557155715571557,0.0,0.0,0.17369821360699356,0.0,0.0015887426236949613,0.0040853381752156154,0.003409090909090909,0.48083242059145676,1
0.0,0.3551020408163265,0.0,0.0,0.0,0.0,0.3274666666666667,0.0387038703870387,0.0,0.0817490494296578,0.0,0.07409224730127577,0.003709487063095779,0.014525646845211076,0.007323232323232323,0.3727637824023366,1
0.0,0.0,0.0,0.0,0.0,0.0,0.0,0.0,0.0,0.06083650190114069,0.0,0.0,0.001262823422605538,0.015887426236949616,0.0068813131313131305,0.0,1
0.0,0.15918367346938775,0.2185185185185185,0.02613480055020633,0.037109375,0.024707412223667097,0.031466666666666664,0.0351035103510351,0.0,0.036121673003802285,0.0661345496009122,0.26889106967615317,0.0035996368588288694,0.04357694053563323,0.06262626262626263,0.6213946695874407,1
0.0,0.0,0.0,0.0,0.05468750000000001,0.0,0.014933333333333335,0.025202520252025205,0.0,0.0,0.0,0.0,0.024039037675896505,0.34997730367680435,0.08320707070707072,0.0,1
0.0,0.0,0.0,0.0,0.0,0.10793237971391416,0.13333333333333333,0.0,0.0,0.0,0.05739262637780312,0.0,0.00047026781661370853,0.003177485247389923,0.0025252525252525255,0.055129609346476816,0
0.0,0.0,0.0,0.0,0.0,0.0,0.0,0.0,0.0,0.0,0.0,0.0,0.0009078529278256923,0.003177485247389923,0.0022095959595959595,0.0,0
0.0,0.0,0.0,0.3026134800550207,0.0,0.07152145643693107,0.17653333333333335,0.09900990099009901,0.0,0.0,0.1885214747244394,0.0,0.014327734906945076,0.06672719019518839,0.024305555555555556,0.18108798831690398,1
0.0,0.0,0.0,0.0,0.0,0.0,0.0352,0.0,0.0,0.0,0.0395286963131889,0.0,0.0010458465728551973,0.007262823422605538,0.007954545454545454,0.03797006206644761,0
0.0,0.0,0.0,0.0,0.009765625,0.006501950585175552,0.002666666666666667,0.0,0.018001800180018002,0.0,0.0,0.0,0.0009051293690422153,0.03903767589650477,0.10220959595959597,0.0,0
0.05600000000000001,0.17959183673469387,0.05185185185185186,0.0,0.0,0.018205461638491547,0.12533333333333335,0.07920792079207921,0.0,0.22243346007604564,0.07753705815279362,0.062315996074582936,0.001781207444394008,0.032682705401724924,0.02518939393939394,0.3837166849215043,1
0.0,0.0,0.0,0.0,0.0,0.0,0.048,0.32403240324032406,0.0,0.1711026615969582,0.21246674268339039,0.0,0.001724920562868815,0.012256014525646846,0.005429292929292929,0.2040890836071559,1
0.0,0.0,0.0,0.0,0.0,0.0,0.0,0.0,0.0747074707470747,0.0,0.0,0.0,0.0006109850204266909,0.0018157058556513845,0.005113636363636364,0.0,0
0.27999999999999997,0.14285714285714282,0.0,0.09628610729023385,0.0,0.0,0.32,0.1269126912691269,0.0,0.0,0.14481185860889398,0.030912659470068698,0.0009269178393100317,0.004993191103041307,0.0059343434343434335,0.5454545454545454,1
0.0,0.0,0.0,0.0,0.0,0.0,0.0,0.0,0.0,0.0,0.0,0.0,0.0013917385383567862,0.004539264639128461,0.0023358585858585857,0.0,0
0.0,0.02040816326530612,0.08518518518518518,0.006877579092159561,0.134765625,0.006501950585175552,0.22666666666666668,0.09360936093609361,0.004500450045004501,0.009505703422053233,0.0038008361839604716,0.07948969578017666,0.0007208352246935997,0.004993191103041307,0.02859848484848485,0.16502373128879155,1
0.0,0.0,0.0,0.0,0.0,0.0,0.128,0.0,0.0,0.0,0.2694792854427974,0.0,0.006191556967771222,0.017249205628688154,0.01919191919191919,0.2588535962029938,1
0.012,0.0,0.0,0.0,0.0,0.0,0.048,0.05040504050405041,0.0,0.005703422053231939,0.01064234131508932,0.007850834151128559,0.0006945074897866545,0.008624602814344077,0.0855429292929293,0.02701715954728003,0
0.0,0.0,0.0,0.0,0.0,0.0,0.0,0.0,0.0,0.0,0.0,0.0,0.0011865637766681797,0.005901044030867,0.0056186868686868684,0.0,0
0.0,0.0,0.0,0.24484181568088037,0.0,0.0,0.33333333333333337,0.0,0.0,0.0,0.5108323831242874,0.0,0.003858374943259192,0.006808896958692692,0.00523989898989899,0.4906900328587076,1
0.168,0.0,0.0,0.11691884456671253,0.0,0.16644993498049412,0.18186666666666668,0.153015301530153,0.0,0.0,0.3112884834663626,0.0,0.003486155242850658,0.01861098502042669,0.02285353535353535,0.452354874041621,1
0.0,0.0,0.0,0.0,0.0,0.0,0.05973333333333334,0.10081008100810082,0.0,0.0,0.0,0.0,0.001349069450748979,0.004539264639128461,0.005744949494949495,0.0,0
0.0,0.0,0.0,0.0,0.0,0.0,0.08586666666666667,0.0,0.0,0.0,0.0,0.0,0.0001343622333182024,0.0009078529278256922,0.001893939393939394,0.0,0
0.24,0.3918367346938775,0.0,0.0,0.046875,0.0,0.23680000000000004,0.16201620162016203,0.0,0.045627376425855515,0.03838844545800076,0.10893032384690875,0.002339536995006809,0.024058102587380847,0.030429292929292927,0.6874771814530851,1
0.268,0.2040816326530612,0.0,0.0,0.130859375,0.010403120936280883,0.13440000000000002,0.08280828082808281,0.0072007200720072,0.030418250950570346,0.19878373242113268,0.1854759568204122,0.002388561053109396,0.029959146618247844,0.05656565656565656,0.756115370573202,1
0.5,0.0,0.0,0.0,0.0,0.0,0.26666666666666666,0.0,0.0,0.0,0.0,0.0,0.0001815705855651384,0.0013617793917385383,0.0022095959595959595,0.45637093829864916,1
0.22000000000000003,0.0,0.0,0.07565337001375518,0.7578125,0.0,0.20693333333333333,0.1494149414941494,0.0,0.0,0.45267958950969217,0.16683022571148187,0.003259192010894235,0.06309577848388562,0.01268939393939394,0.7597663380795913,1
0.0,0.0,0.0,0.0,0.0,0.05201560468140442,0.08693333333333333,0.036003600360036005,0.0,0.07604562737642587,0.026225769669327256,0.0,0.0013844757149341805,0.006354970494779846,0.006313131313131313,0.025191675794085436,0
0.0,0.016326530612244896,0.08888888888888888,0.01237964236588721,0.027343750000000003,0.005201560468140441,0.0816,0.1107110711071107,0.0,0.15019011406844107,0.16381603952869633,0.054465161923454374,0.0021516114389468904,0.03903767589650477,0.10378787878787879,0.30010952902519167,1
0.0,0.0,0.0,0.0,0.0,0.0,0.3978666666666667,0.1341134113411341,0.0,0.0,0.0,0.0,0.0015360871538810713,0.006354970494779846,0.0021464646464646464,0.0,1
0.068,0.0,0.06296296296296297,0.02338376891334251,0.0,0.13914174252275682,0.009066666666666667,0.0639063906390639,0.0,0.0,0.06347396427213987,0.013248282630029442,0.005925556059918294,0.06718111665910123,0.06029040404040404,0.19496166484118294,1
0.0,0.0,0.0,0.0,0.0,0.31989596879063714,0.0656,0.1107110711071107,0.0,0.0,0.10604332953249716,0.0,0.0006681797548797095,0.0040853381752156154,0.004103535353535353,0.10186199342825851,0
0.252,0.0,0.0,0.08665749656121047,0.0,0.0,0.033600000000000005,0.0,0.0,0.0,0.37210186240973014,0.0,0.006787108488424876,0.03041307308216069,0.02241161616161616,0.5874406717780212,1
0.0,0.0,0.0,0.0,0.0,0.0,0.09493333333333334,0.0,0.0,0.0,0.5134929684530597,0.0,0.02814344076259646,0.033590558329550615,0.010037878787878787,0.49324571011318,1
0.0,0.0,0.0,0.0,0.0,0.0,0.16640000000000002,0.0,0.0,0.0,0.0,0.0,0.0013917385383567862,0.004539264639128461,0.0023358585858585857,0.0,0
0.0,0.0,0.0,0.0,0.0,0.0,0.0,0.0,0.054005400540054004,0.0,0.0,0.0,0.00035315478892419436,0.003177485247389923,0.005113636363636364,0.0,0
0.0,0.0,0.0,0.06877579092159561,0.0,0.19765929778933677,0.10826666666666666,0.13681368136813682,0.045004500450045004,0.0,0.16457620676548843,0.2124631992149166,0.0013082160689968222,0.008170676350431231,0.015656565656565657,0.31617378605330415,1
0.0,0.0,0.0,0.0,0.0,0.0,0.17013333333333333,0.09540954095409541,0.0,0.0,0.15127328012162677,0.0,0.0001643213799364503,0.0018157058556513845,0.0015782828282828283,0.1453085067542899,0
0.0,0.03673469387755102,0.0,0.0,0.0,0.0,0.10613333333333334,0.30153015301530156,0.016201620162016202,0.017110266159695818,0.09616115545419993,0.015210991167811582,0.002515660463004993,0.03086699954607354,0.03327020202020202,0.13654618473895583,1
0.0,0.0,0.0,0.0,0.13671875,0.0,0.0,0.0,0.012601260126012603,0.0,0.0,0.0,0.0004557421697684974,0.0022696323195642307,0.01616161616161616,0.0,0
0.8880000000000001,0.0,0.0,0.1017881705639615,0.0,0.0,0.07893333333333334,0.1332133213321332,0.0,0.0,0.03344735841885215,0.0,0.0018592827961870177,0.012709940989559692,0.007828282828282828,0.8426433004746259,1
0.0,0.0,0.0,0.0,0.0,0.0,0.28053333333333336,0.0,0.0,0.0,0.3983276320790574,0.0,0.0021180208806173403,0.0040853381752156154,0.0018308080808080809,0.3826213946695875,1
0.0,0.0,0.0,0.0,0.0,0.0,0.0688,0.0576057605760576,0.0,0.0,0.0,0.0,9.350885156604626e-05,0.0009078529278256922,0.001957070707070707,0.0,1
0.26,0.0,0.0,0.0894085281980743,0.0,0.0,0.3136,0.05850585058505851,0.0,0.0,0.6708475864690232,0.0,0.0018384021788470264,0.009078529278256923,0.007386363636363636,0.8817086527929902,1
0.0,0.0,0.0,0.0,0.0,0.0,0.06346666666666667,0.0531053105310531,0.0,0.0,0.11858608893956671,0.0,0.0007426236949614164,0.009532455742169769,0.0049873737373737365,0.11391018619934283,0
0.0,0.0,0.0,0.0,0.0,0.06631989596879063,0.09546666666666667,0.06930693069306931,0.0,0.14638783269961977,0.09882174078297226,0.08488714425907753,0.0020862460281434406,0.006808896958692692,0.018055555555555554,0.15808689302665208,1
0.04000000000000001,0.04081632653061224,0.07407407407407407,0.06877579092159561,0.0,0.14434330299089726,0.06986666666666667,0.063006300630063,0.0,0.15209125475285173,0.1862409730140631,0.07752698724239451,0.006854289605083977,0.3032228778937812,0.08522727272727273,0.3826213946695875,1
0.26,0.26530612244897955,0.0,0.0,0.0,0.0,0.192,0.35373537353735374,0.0,0.0,0.20106423413150895,0.20166830225711482,0.0026908760780753518,0.05946436677258284,0.013952020202020202,0.8178167214311793,1
0.264,0.0,0.0,0.0,0.0,0.0,0.08106666666666668,0.1278127812781278,0.008100810081008101,0.0,0.22462941847206386,0.0,0.002069904675442578,0.013617793917385384,0.04861111111111111,0.45673603504928806,1
0.0,0.0,0.0,0.0,0.0,0.0,0.057600000000000005,0.09720972097209722,0.0,0.0,0.0,0.0,0.000238765320018157,0.0013617793917385383,0.001452020202020202,0.0,0
0.0,0.0,0.0,0.11829436038514445,0.0,0.223667100130039,0.04586666666666667,0.0,0.0,0.0,0.0,0.06673209028459275,0.0032147072174307767,0.013617793917385384,0.006818181818181818,0.04965315808689303,1
0.12,0.0,0.0,0.08390646492434664,0.05859375,0.07932379713914173,0.09813333333333335,0.08280828082808281,0.0,0.11596958174904944,0.039148612694792854,0.025024533856722278,0.004652746255106673,0.028597367226509306,0.02159090909090909,0.16575392479006937,1
0.0,0.24897959183673465,0.0,0.0,0.0,0.0,0.09866666666666668,0.05490549054905491,0.0,0.0,0.037248194602812625,0.0,0.0005692237857467091,0.006354970494779846,0.0043560606060606055,0.25848849945235486,0
0.0,0.0,0.0,0.0,0.0,0.0,0.0,0.0,0.0,0.0,0.0,0.0,0.009702224239673173,0.033590558329550615,0.011742424242424242,0.0,0
0.0,0.0,0.0,0.0,0.0,0.0,0.19093333333333334,0.09630963096309632,0.0,0.0,0.0,0.0,0.0007144802541988196,0.004539264639128461,0.007386363636363636,0.0,0
0.196,0.0,0.059259259259259255,0.1348005502063274,0.126953125,0.0,0.05226666666666667,0.11701170117011701,0.0882088208820882,0.06083650190114069,0.06803496769289244,0.330225711481845,0.0017448933272809805,0.05083976395823877,0.04034090909090909,0.5483753194596568,1
0.0,0.0,0.0,0.0,0.0,0.0,0.11946666666666668,0.0666066606660666,0.0,0.0,0.0,0.0,0.0007172038129822969,0.0018157058556513845,0.006944444444444444,0.0,0
0.0,0.0,0.0,0.03576341127922972,0.0,0.03381014304291287,0.08426666666666667,0.046804680468046804,0.023402340234023402,0.0,0.02926643861649563,0.0,0.0007262823422605537,0.012709940989559692,0.010732323232323232,0.02811244979919679,1
0.0,0.0,0.0,0.09078404401650621,0.0,0.0,0.0,0.0,0.0,0.0,0.0,0.0,0.0015188379482523832,0.007716749886518385,0.008712121212121211,0.0,0
0.0,0.0,0.0,0.0,0.0,0.0,0.128,0.0,0.0,0.0,0.0,0.0,0.0006318656377666817,0.006354970494779846,0.0034722222222222225,0.0,0
0.0,0.0,0.0,0.0,0.0,0.0,0.0,0.11971197119711972,0.0,0.12547528517110268,0.0,0.0,0.0008887880163413528,0.004993191103041307,0.006060606060606061,0.0,0
0.0,0.0,0.0,0.0,0.0,0.11443433029908971,0.0352,0.07920792079207921,0.0,0.12547528517110268,0.008741923223109084,0.02306182531894014,0.007044938719927372,0.07262823422605538,0.05523989898989899,0.025556772544724354,0
0.0,0.0,0.0,0.013755158184319122,0.01953125,0.0,0.0,0.0,0.04770477047704771,0.019011406844106467,0.006081337894336755,0.03189401373895977,0.0008179754879709488,0.012709940989559692,0.020707070707070705,0.029572836801752468,1
0.10800000000000001,0.0,0.0,0.0,0.0,0.035110533159947985,0.029333333333333336,0.04950495049504951,0.0,0.0,0.0,0.0,0.0026246028143440763,0.031320926009986386,0.020328282828282827,0.09857612267250823,0
0.0,0.0,0.0,0.0,0.0,0.2379713914174252,0.29333333333333333,0.0,0.0,0.0,0.0,0.0,0.0,0.0,0.0010732323232323232,0.0,0
0.0,0.02040816326530612,0.08518518518518518,0.006877579092159561,0.134765625,0.006501950585175552,0.2208,0.09810981098109811,0.004500450045004501,0.009505703422053233,0.0038008361839604716,0.07899901864573113,0.0009541534271448026,0.022696323195642305,0.032828282828282825,0.16465863453815263,1
0.0,0.0,0.0,0.0,0.0,0.21976592977893364,0.0,0.15211521152115212,0.0,0.0,0.10566324591410112,0.0,0.0007054017249205627,0.0013617793917385383,0.001957070707070707,0.10149689667761959,0
0.0,0.0,0.0,0.0,0.0,0.0,0.0,0.0,0.0,0.0,0.0,0.0,0.0018157058556513843,0.0018157058556513845,0.0008838383838383839,0.0,0
0.0,0.0,0.0,0.04951856946354884,0.0,0.0,0.15413333333333334,0.19531953195319532,0.0,0.0,0.0,0.0,0.005161143894689061,0.026781661370857923,0.014709595959595959,0.0,1
0.0,0.0,0.0,0.0,0.115234375,0.07672301690507151,0.1584,0.26732673267326734,0.0531053105310531,0.0,0.039908779931584946,0.20608439646712465,0.0022042669087607805,0.004993191103041307,0.004482323232323232,0.19167579408543264,1
0.0,0.0,0.0,0.0,0.0,0.0,0.0,0.0,0.0,0.0,0.0,0.0,0.0014852473899228326,0.0036314117113027695,0.0017676767676767678,0.0,0
0.124,0.0,0.0,0.0,0.12109375,0.0,0.14880000000000002,0.0558055805580558,0.0,0.0,0.0,0.0,0.0009895596913300046,0.009532455742169769,0.0071969696969696965,0.11317999269806499,1
0.396,0.0,0.0,0.022008253094910595,0.0,0.0,0.14933333333333335,0.2079207920792079,0.0,0.0,0.02888635499809958,0.03729146221786065,0.002179754879709487,0.016341352700862462,0.022916666666666665,0.41694048922964594,0
0.08800000000000001,0.0,0.08148148148148147,0.0,0.0,0.0,0.03626666666666667,0.0,0.0,0.0,0.0,0.0,0.0005891965501588742,0.005447117566954153,0.005871212121212121,0.1606425702811245,0
0.0,0.0,0.0,0.0,0.0,0.0,0.0,0.0,0.0,0.0,0.0,0.0,0.0011093962778029958,0.009532455742169769,0.0062499999999999995,0.0,1
0.0,0.0,0.0,0.0,0.0,0.0,0.0,0.28982898289828984,0.0,0.0,0.0,0.0,0.0,0.0,0.00044191919191919195,0.0,0
0.0,0.0,0.0,0.1141678129298487,0.0,0.1898569570871261,0.05546666666666667,0.018001800180018002,0.0,0.038022813688212934,0.06917521854808058,0.07163886162904809,0.002533817521561507,0.011348161597821153,0.022916666666666665,0.11975173420956553,1
0.15200000000000002,0.0,0.0,0.05226960110041266,0.0,0.0,0.18453333333333335,0.17281728172817282,0.034203420342034205,0.0,0.04446978335233752,0.0,0.0009632319564230595,0.004993191103041307,0.006313131313131313,0.1814530850675429,1
0.0,0.0,0.0,0.0,0.0,0.0,0.0,0.0,0.0,0.0,0.0,0.0,0.0008061733999092147,0.0018157058556513845,0.00101010101010101,0.0,0
0.0,0.08163265306122448,0.1111111111111111,0.0,0.0,0.06501950585175552,0.08266666666666668,0.0675067506750675,0.004500450045004501,0.019011406844106467,0.020524515393386546,0.05789990186457312,0.0012519291874716295,0.04312301407172038,0.03674242424242424,0.2453450164293538,1
0.0,0.0,0.0,0.0,0.0,0.0,0.053866666666666674,0.029702970297029705,0.0,0.0,0.0,0.0,0.0005846572855197457,0.005447117566954153,0.004608585858585858,0.0,0
0.0,0.0,0.0,0.22420907840440166,0.0,0.10533159947984394,0.08693333333333333,0.22052205220522053,0.0,0.0,0.0,0.0,0.002082614616432138,0.004539264639128461,0.0034722222222222225,0.0,1
0.0,0.0,0.0,0.0,0.1015625,0.0,0.0,0.0,0.0,0.0,0.0,0.0,0.0008306854289605086,0.008170676350431231,0.02436868686868687,0.0,0
0.144,0.14693877551020407,0.0,0.0,0.0,0.0,0.1968,0.0657065706570657,0.0,0.0,0.09045990117825922,0.02894995093228656,0.0017521561507035863,0.012709940989559692,0.013257575757575758,0.3713033953997809,1
0.0,0.0,0.0,0.0,0.0,0.0,0.0,0.1629162916291629,0.0,0.0,0.11744583808437857,0.0,0.00030231502496595546,0.004539264639128461,0.0034722222222222225,0.11281489594742607,1
0.0,0.0,0.0,0.0,0.0,0.0,0.16640000000000002,0.0,0.0,0.0,0.0,0.0,0.0,0.0,0.00044191919191919195,0.0,0
0.0,0.0,0.0,0.0,0.0,0.0,0.1312,0.0,0.0,0.0,0.0,0.05789990186457312,0.0005356332274171585,0.0018157058556513845,0.0021464646464646464,0.04308141657539248,0
0.0,0.0,0.0,0.0,0.0,0.0,0.0,0.0,0.0,0.0,0.08171797795515014,0.21148184494602554,0.0029750340444847936,0.011802088061734,0.004797979797979798,0.2358525009127419,1
0.18400000000000002,0.0,0.0,0.0,0.08984375,0.02990897269180754,0.16,0.0621062106210621,0.0,0.0,0.0,0.0,0.0014525646845211077,0.01861098502042669,0.011426767676767676,0.1679445052939029,1
0.0,0.0,0.0,0.0,0.0,0.0,0.1584,0.1071107110711071,0.0,0.0,0.03876852907639681,0.0,0.0004720835224693601,0.002723558783477077,0.0023358585858585857,0.03723986856516977,0
0.0,0.0,0.0,0.0,0.0,0.0,0.054400000000000004,0.09180918091809182,0.0,0.0,0.0,0.06967615309126594,0.0007780299591466183,0.0040853381752156154,0.00404040404040404,0.05184373859072654,0
0.0,0.0,0.0,0.0,0.0,0.0,0.0,0.0,0.0,0.0,0.0,0.0,0.0,0.0,0.00044191919191919195,0.0,0
0.0,0.0,0.0,0.0,0.0,0.0,0.1568,0.0,0.0,0.0,0.0,0.0,0.0,0.0,0.0002525252525252525,0.0,0
0.30800000000000005,0.1551020408163265,0.0,0.05226960110041266,0.150390625,0.1001300390117035,0.1232,0.1035103510351035,0.0,0.0,0.19384264538198406,0.0,0.0024375851112119836,0.027689514298683614,0.016224747474747475,0.6060606060606061,1
0.0,0.0,0.0,0.0,0.0,0.0,0.0,0.0,0.0,0.0,0.0,0.0,0.0005583295506128007,0.0013617793917385383,0.0012626262626262627,0.0,0
0.0,0.0,0.0,0.0,0.0,0.0,0.0,0.0,0.0,0.0,0.0,0.0,0.001014071720381298,0.004993191103041307,0.006755050505050504,0.0,0
0.0,0.0,0.0,0.0,0.0,0.0,0.10346666666666667,0.0,0.0,0.0,0.0,0.0,0.006468452110758058,0.033590558329550615,0.012247474747474747,0.0,0
0.0,0.0,0.0,0.0,0.0,0.0,0.2538666666666667,0.0,0.0,0.0,0.0,0.0,0.0,0.0,0.00012626262626262626,0.0,1
0.0,0.0,0.0,0.0,0.0,0.0,0.07573333333333333,0.0,0.0,0.0,0.02280501710376283,0.0,0.005868361325465275,0.019064911484339538,0.026325757575757575,0.02190580503833516,0
0.0,0.0,0.0,0.0,0.0,0.0,0.21866666666666665,0.2709270927092709,0.032403240324032405,0.0,0.007221588749524895,0.009322865554465163,0.0006482069904675442,0.014979573309123922,0.01130050505050505,0.013873676524278934,1
0.0,0.0,0.0,0.0,0.11328124999999999,0.0,0.0,0.0,0.0,0.0,0.0,0.05299313052011777,0.0014834316840671808,0.009986382206082615,0.019065656565656564,0.03943044906900329,0
0.0,0.0,0.0,0.0,0.0,0.0,0.16906666666666667,0.2853285328532853,0.0,0.0,0.0,0.0,0.0,0.0,0.0006944444444444445,0.0,0
0.256,0.0,0.0,0.17606602475928476,0.0,0.16644993498049412,0.06826666666666667,0.0576057605760576,0.0,0.0,0.03230710756366401,0.08341511285574094,0.0013309123921924648,0.007716749886518385,0.006944444444444444,0.3267615918218328,1
0.0,0.0,0.0,0.0,0.072265625,0.048114434330299084,0.16960000000000003,0.08370837083708371,0.0,0.0,0.1676168757126568,0.0,0.0003377212891511576,0.0013617793917385383,0.0043560606060606055,0.16100766703176342,1
0.17600000000000002,0.17959183673469387,0.0,0.060522696011004136,0.0,0.057217165149544856,0.1776,0.29972997299729975,0.039603960396039604,0.041825095057034224,0.21398707715697451,0.07360157016683024,0.07775760326827055,0.47072174307762144,0.10934343434343435,0.5815991237677984,1
0.0,0.0,0.0,0.0,0.0,0.0,0.2896,0.0,0.0,0.0,0.06423413150893198,0.0,0.0009550612800726283,0.009078529278256923,0.002398989898989899,0.06170135085797737,0
0.0,0.24081632653061222,0.0,0.08115543328748281,0.0,0.07672301690507151,0.2538666666666667,0.1071107110711071,0.0,0.0,0.16229570505511212,0.0,0.008170676350431231,0.014525646845211076,0.010669191919191919,0.3713033953997809,1
0.20400000000000001,0.06938775510204082,0.0,0.011004126547455298,0.015625,0.010403120936280883,0.18293333333333336,0.06930693069306931,0.0,0.047528517110266164,0.1322690992018244,0.05053974484789009,0.003987290059010441,0.053563322741715845,0.09185606060606061,0.4129244249726178,1
0.0,0.08163265306122448,0.07407407407407407,0.027510316368638245,0.0390625,0.22106631989596875,0.11733333333333335,0.09000900090009001,0.045004500450045004,0.15209125475285173,0.12694792854427975,0.08537782139352307,0.005352700862460282,0.3032228778937812,0.07569444444444445,0.3315078495801388,1
0.0,0.0,0.0,0.0,0.0,0.0,0.19893333333333335,0.252025202520252,0.08370837083708371,0.0,0.13036868110984418,0.08390578999018647,0.00112119836586473,0.006354970494779846,0.0023358585858585857,0.18765972982840454,1
0.0,0.0,0.0,0.0,0.0,0.0,0.0,0.0,0.0,0.0,0.0,0.0,0.0009241942805265545,0.004993191103041307,0.006691919191919192,0.0,0
0.0,0.0,0.0,0.0,0.0,0.0,0.0,0.021602160216021602,0.0,0.0,0.0,0.0,0.0012582841579664096,0.004993191103041307,0.013194444444444444,0.0,0
0.0,0.0,0.0,0.0,0.0,0.0,0.0,0.0,0.0,0.0,0.1619156214367161,0.10451422963689894,0.0032682705401724916,0.009986382206082615,0.004292929292929293,0.23329682365826945,1
0.128,0.13061224489795917,0.0,0.04401650618982119,0.0625,0.0,0.12106666666666667,0.29162916291629165,0.0576057605760576,0.0,0.0,0.07703631010794898,0.00044847934634589207,0.0040853381752156154,0.008712121212121211,0.2909821102592187,1
0.0,0.0,0.0,0.0,0.0,0.0,0.11946666666666668,0.0,0.0,0.0,0.0,0.0,0.0012364956876985927,0.006354970494779846,0.008585858585858586,0.0,0
0.892,0.0,0.0,0.0,0.0,0.0,0.07946666666666667,0.0,0.0666066606660666,0.0,0.04142911440516914,0.0,0.001146618247843849,0.01044030866999546,0.005366161616161616,0.8539612997444324,1
0.0,0.0,0.0,0.0,0.0,0.0,0.07680000000000001,0.0,0.0,0.0,0.0,0.0,0.0014135270086246027,0.006808896958692692,0.011237373737373737,0.0,0
0.0,0.0,0.0,0.0,0.0,0.0,0.17973333333333336,0.0,0.0,0.0,0.08285822881033827,0.0,0.0007507943713118474,0.004539264639128461,0.0032828282828282827,0.07959109163928442,1
0.0,0.0,0.0,0.0,0.0,0.0,0.23413333333333333,0.0,0.0,0.0,0.0,0.0,0.0002496595551520652,0.0009078529278256922,0.0022727272727272726,0.0,0
0.0,0.0,0.0,0.0,0.0,0.0,0.0,0.0,0.0,0.0,0.0,0.0,0.0004539264639128461,0.00045392646391284613,0.00012626262626262626,0.0,0
0.0,0.0,0.0,0.09903713892709767,0.0,0.0,0.07733333333333334,0.0,0.0,0.0,0.05093120486507032,0.0,0.00187562414888788,0.005901044030867,0.005744949494949495,0.048922964585615195,1
0.0,0.0,0.0,0.0,0.0,0.0,0.06186666666666667,0.0,0.0,0.0,0.5541619156214367,0.0,5.991829323649569e-05,0.00045392646391284613,0.000946969696969697,0.5323110624315444,0
0.11599999999999999,0.1551020408163265,0.0,0.0,0.037109375,0.0,0.13386666666666666,0.12151215121512152,0.0,0.036121673003802285,0.14215127328012164,0.02894995093228656,0.00729822968679074,0.06672719019518839,0.07241161616161616,0.4027017159547279,1
0.0,0.5346938775510204,0.0,0.0,0.0,0.0,0.06986666666666667,0.4734473447344734,0.0,0.0,0.0,0.09764474975466145,0.0034661824784384923,0.010894235133908307,0.0032828282828282827,0.5509309967141293,1
0.196,0.0,0.059259259259259255,0.1348005502063274,0.126953125,0.0,0.05226666666666667,0.11701170117011701,0.0882088208820882,0.06083650190114069,0.06803496769289244,0.330225711481845,0.0017448933272809805,0.05083976395823877,0.04034090909090909,0.5483753194596568,1
0.0,0.0,0.0,0.0,0.0,0.0,0.0256,0.0,0.0,0.0,0.13188901558342836,0.0,0.004663640490240581,0.04811620517476169,0.011174242424242423,0.126688572471705,0
0.0,0.0,0.0,0.0,0.0,0.0,0.0,0.0,0.0,0.0,0.0,0.0,0.000554698138901498,0.002723558783477077,0.0017676767676767678,0.0,0
0.20400000000000001,0.0,0.0,0.14167812929848697,0.0,0.06631989596879063,0.1104,0.13951395139513953,0.04590459045904591,0.0,0.22805017103762829,0.21050049067713447,0.0004058102587380846,0.0013617793917385383,0.003409090909090909,0.561883899233297,1
0.0,0.0,0.0,0.0,0.0,0.0,0.0,0.0,0.0,0.0,0.0,0.0,0.0008878801634135269,0.004993191103041307,0.005681818181818181,0.0,0
0.064,0.0,0.059259259259259255,0.022008253094910595,0.0,0.10403120936280884,0.008533333333333334,0.0576057605760576,0.0,0.0,0.10300266058532878,0.011776251226692838,0.004275079437131185,0.06718111665910123,0.06193181818181818,0.2245345016429354,1
0.0,0.0,0.0,0.0,0.0,0.2028608582574772,0.2912,0.351035103510351,0.0,0.0,0.10452299505891298,0.0,0.0005674080798910576,0.0036314117113027695,0.002398989898989899,0.10040160642570282,0
0.0,0.3795918367346939,0.1962962962962963,0.0,0.05078125,0.29388816644993493,0.128,0.09540954095409541,0.07200720072007201,0.15209125475285173,0.22538958570885595,0.10647693817468107,0.009498865183840218,0.23785746709033137,0.07013888888888889,0.8287696239503469,1
0.0,0.0,0.0,0.09215955983493812,0.0,0.0,0.03573333333333334,0.06030603060306031,0.0,0.0,0.08665906499429875,0.11187438665358196,0.0016768043576940537,0.006808896958692692,0.010542929292929293,0.1664841182913472,1
0.0,0.0,0.0,0.0,0.0,0.16384915474642392,0.0,0.0,0.0,0.0,0.055872291904218926,0.0,0.000873354516568316,0.0040853381752156154,0.0032828282828282827,0.05366922234392114,0
0.252,0.0,0.0,0.08665749656121047,0.123046875,0.0,0.06773333333333334,0.22862286228622863,0.0,0.0,0.19042189281641964,0.14720314033366047,0.0013236495687698594,0.009532455742169769,0.007386363636363636,0.5224534501642936,1
0.0,0.0,0.0,0.0,0.0,0.0,0.0,0.0,0.0747074707470747,0.0,0.0,0.0,0.0008797094870630959,0.005447117566954153,0.008143939393939394,0.0,0
0.0,0.0,0.0,0.0,0.0,0.0,0.11573333333333334,0.19531953195319532,0.0,0.0,0.1410110224249335,0.0,0.0006482069904675442,0.004539264639128461,0.001452020202020202,0.13545089448703906,0
0.04000000000000001,0.0,0.0,0.0,0.01953125,0.0,0.005333333333333334,0.0,0.009000900090009001,0.0,0.0,0.030912659470068698,0.0013999092147072172,0.011348161597821153,0.038131313131313134,0.05951077035414385,0
0.0,0.0,0.0,0.0,0.0,0.0,0.06986666666666667,0.2367236723672367,0.0,0.0,0.38274420372481943,0.0,0.0003994552882433045,0.003177485247389923,0.0022095959595959595,0.36765242789339175,1
0.0,0.0,0.0,0.0,0.0,0.0,0.04533333333333334,0.0,0.0,0.0,0.0,0.0,0.0010331366318656375,0.004993191103041307,0.004797979797979798,0.0,0
0.576,0.0,0.0,0.0,0.0,0.0,0.3088,0.12961296129612962,0.0,0.0,0.20638540478905362,0.13297350343473996,0.0010503858374943257,0.004539264639128461,0.0025252525252525255,0.8229280759401242,1
0.0,0.5346938775510204,0.0,0.0,0.0,0.0,0.06986666666666667,0.4734473447344734,0.0,0.0,0.0,0.10304219823356232,0.003177485247389923,0.010894235133908307,0.003345959595959596,0.5549470609711574,1
0.0,0.0,0.0,0.05777166437414031,0.0,0.16644993498049412,0.1594666666666667,0.1917191719171917,0.0,0.0,0.0,0.17124631992149167,0.005447117566954154,0.047208352246935995,0.027777777777777776,0.12741876597298285,1
0.0,0.0,0.37777777777777777,0.0,0.0,0.0,0.018133333333333335,0.06120612061206121,0.0,0.12927756653992398,0.3413150893196503,0.05152109911678116,0.4018756241488879,0.6009986382206083,0.08396464646464648,0.7385907265425339,1
0.0,0.0,0.0,0.0,0.130859375,0.0,0.16266666666666665,0.1827182718271827,0.0,0.0,0.0,0.0,0.0006191556967771221,0.009078529278256923,0.004292929292929293,0.0,1
0.0,0.0,0.0,0.04264099037138928,0.123046875,0.2899869960988296,0.17013333333333333,0.14311431143114312,0.0279027902790279,0.0,0.12276700874192323,0.0,0.001044030866999546,0.007716749886518385,0.005366161616161616,0.11792625045637095,1
0.0,0.0,0.0,0.0,0.0,0.0,0.24800000000000003,0.0,0.0,0.0,0.0604332953249715,0.0,0.00031411711302768957,0.0013617793917385383,0.0021464646464646464,0.05805038335158817,0
0.2,0.0,0.0,0.034387895460797804,0.1953125,0.03250975292587776,0.21493333333333337,0.1809180918091809,0.045004500450045004,0.0,0.14253135689851767,0.016683022571148187,0.0029051293690422154,0.026781661370857923,0.01452020202020202,0.3318729463307777,1
0.244,0.0,0.0,0.0,0.0,0.07932379713914173,0.06506666666666668,0.0,0.0,0.0,0.19650323071075637,0.05053974484789009,0.0017848388561053112,0.012256014525646846,0.011174242424242423,0.4490690032858708,1
0.0,0.02040816326530612,0.08518518518518518,0.006877579092159561,0.134765625,0.006501950585175552,0.22613333333333335,0.09360936093609361,0.004500450045004501,0.009505703422053233,0.007601672367920943,0.07998037291462219,0.0007226509305492511,0.004993191103041307,0.028977272727272727,0.1690397955458197,1
0.0,0.0,0.0,0.0,0.0,0.007802340702210662,0.013866666666666668,0.017101710171017102,0.0,0.1387832699619772,0.0,0.009322865554465163,0.0015578756241488882,0.016341352700862462,0.05549242424242424,0.006936838262139467,0
0.0,0.0,0.0,0.0,0.0,0.0,0.06826666666666667,0.0,0.0,0.0,0.0,0.0,0.0007380844303222879,0.005447117566954153,0.006691919191919192,0.0,0
0.256,0.0,0.0,0.08803301237964238,0.125,0.08322496749024706,0.1728,0.2331233123312331,0.0,0.4923954372623574,0.08855948308627899,0.0,0.00012346799818429416,0.0013617793917385383,0.0015151515151515152,0.3187294633077766,1
0.0,0.0,0.0,0.0,0.0,0.1378413524057217,0.0,0.0,0.0,0.0,0.0,0.0,0.0010449387199273717,0.0040853381752156154,0.004419191919191919,0.0,0
0.0,0.636734693877551,0.0,0.0,0.228515625,0.1014304291287386,0.16693333333333335,0.1053105310531053,0.0,0.0,0.09920182440136831,0.0,0.00041852019972764417,0.008170676350431231,0.007133838383838384,0.6648411829134722,1
0.0,0.0,0.0,0.0,0.0,0.0,0.0,0.0,0.0,0.0,0.0,0.0,0.0013200181570585568,0.0018157058556513845,0.0016414141414141414,0.0,0
0.0,0.0,0.0,0.0,0.0,0.0,0.06453333333333333,0.1638163816381638,0.0,0.0,0.016723679209426075,0.0,0.0011093962778029958,0.009532455742169769,0.007512626262626262,0.01606425702811245,0
0.0,0.0,0.0,0.13204951856946356,0.0,0.0,0.15360000000000001,0.25922592259225924,0.0,0.0,0.23413150893196505,0.0,0.0001643213799364503,0.0009078529278256922,0.0007575757575757576,0.22489959839357432,1
0.404,0.0,0.0,0.045392022008253104,0.0,0.21846553966189852,0.12586666666666665,0.3339333933393339,0.0,0.0,0.02280501710376283,0.029440628066732092,0.17476168860644575,0.4593735814798003,0.07323232323232323,0.4125593282219789,1
0.0,0.0,0.0,0.0,0.0,0.0,0.026133333333333335,0.0,0.0441044104410441,0.0,0.0,0.0,0.000873354516568316,0.0018157058556513845,0.006628787878787878,0.0,0
0.0,0.0,0.0,0.0,0.0,0.0,0.026133333333333335,0.021602160216021602,0.0,0.21292775665399244,0.0,0.016683022571148187,0.0020898774398547433,0.018157058556513846,0.033712121212121214,0.012413289521723258,0
0.1,0.03265306122448979,0.06296296296296297,0.034387895460797804,0.015625,0.12093628088426527,0.0864,0.037803780378037805,0.015301530153015303,0.11216730038022814,0.1847206385404789,0.05789990186457312,0.005956423059464367,0.3032228778937812,0.08920454545454547,0.403066812705367,1
0.192,0.09795918367346937,0.0,0.0,0.0,0.0,0.064,0.12961296129612962,0.0,0.045627376425855515,0.013683010262257697,0.09028459273797843,0.0012128915115751245,0.029505220154335,0.016603535353535353,0.34319094560058416,1
0.42000000000000004,0.0,0.0,0.0,0.0,0.0,0.05600000000000001,0.0,0.0,0.0,0.12846826301786396,0.0,0.00042487517022242384,0.004993191103041307,0.002904040404040404,0.50675428988682,0
0.0,0.17551020408163262,0.0,0.028885832187070155,0.013671875000000002,0.036410923276983094,0.18506666666666668,0.14311431143114312,0.006300630063006301,0.0,0.14139110604332955,0.08832188420019628,0.0037349069450748978,0.04539264639128461,0.0648358585858586,0.3585250091274188,1
0.32400000000000007,0.0,0.3,0.0,0.0,0.10533159947984394,0.12960000000000002,0.07290729072907291,0.0,0.0,0.0459901178259217,0.0,0.002755333635950976,0.019064911484339538,0.00707070707070707,0.6356334428623586,1
0.0,0.0,0.0,0.0,0.0,0.0,0.08426666666666667,0.0,0.0,0.0,0.056632459141011025,0.0,0.0004375851112119836,0.0040853381752156154,0.0026515151515151517,0.05439941584519898,0
0.0,0.16326530612244897,0.0,0.0,0.0,0.0,0.04266666666666667,0.0,0.0,0.0,0.0,0.0,0.0003377212891511576,0.0018157058556513845,0.0043560606060606055,0.14603870025556773,0
0.12,0.12244897959183672,0.0,0.0,0.30078125,0.30169050715214557,0.09866666666666668,0.09720972097209722,0.05490549054905491,0.0,0.233751425313569,0.012266928361138373,0.0003422605537902859,0.005447117566954153,0.011679292929292928,0.45271997079225995,1
0.0,0.0,0.0,0.09353507565337003,0.1328125,0.08842652795838751,0.14506666666666668,0.12241224122412242,0.0,0.0,0.0,0.054465161923454374,0.005073082160689969,0.03041307308216069,0.007007575757575758,0.040525739320920046,1
0.0,0.0,0.0,0.0,0.01953125,0.0,0.010666666666666668,0.0,0.0,0.019011406844106467,0.0,0.0,0.00012074443940081716,0.0040853381752156154,0.01654040404040404,0.0,0
0.0,0.0,0.0,0.0,0.0,0.0,0.06666666666666667,0.0,0.0,0.0,0.1489927784112505,0.0,0.0026917839310031774,0.029959146618247844,0.0071969696969696965,0.14311792625045638,1
0.0,0.0,0.0,0.0,0.0,0.0,0.09333333333333334,0.15751575157515751,0.0,0.0,0.0,0.0,0.0001134816159782116,0.00045392646391284613,0.000505050505050505,0.0,0
0.0,0.0,0.0,0.0,0.0,0.0,0.0,0.0,0.0,0.0,0.0,0.0,0.0007780299591466183,0.0018157058556513845,0.0007575757575757576,0.0,0
0.0,0.0,0.0,0.0,0.0,0.0,0.0,0.0,0.0,0.0,0.09083998479665527,0.0,0.0008379482523831139,0.002723558783477077,0.0030934343434343434,0.08725812340270171,0
0.0,0.0,0.0,0.0,0.203125,0.0,0.0,0.0,0.0,0.0,0.0,0.0,0.002079891057648661,0.009078529278256923,0.004924242424242424,0.0,0
0.0,0.0,0.0,0.0,0.0,0.0,0.24000000000000002,0.0,0.0,0.0,0.0,0.0,0.00020154334997730375,0.0013617793917385383,0.0013257575757575758,0.0,0
0.0,0.0,0.0,0.0,0.0,0.0,0.14400000000000002,0.24302430243024303,0.0,0.0,0.16875712656784495,0.0,0.001634135270086246,0.002723558783477077,0.0017045454545454547,0.16210295728368018,0
0.0,0.05714285714285714,0.0,0.009628610729023386,0.027343750000000003,0.057217165149544856,0.18933333333333333,0.16651665166516652,0.0,0.013307984790874527,0.0604332953249715,0.07801766437684005,0.0022296867907399,0.019518837948252384,0.05056818181818182,0.16721431179262508,1
0.0,0.0,0.0,0.0,0.0,0.0,0.06186666666666667,0.10441044104410441,0.0,0.22053231939163498,0.0,0.0,0.0001815705855651384,0.0009078529278256922,0.0006944444444444445,0.0,0
0.0,0.0,0.0,0.0,0.0,0.0,0.0,0.0,0.0,0.0,0.0,0.0,0.0004357694053563323,0.0022696323195642307,0.0022727272727272726,0.0,0
0.0,0.0,0.0,0.0,0.0,0.0,0.0,0.09810981098109811,0.09810981098109811,0.0,0.0,0.33954857703631014,0.0035778483885610534,0.010894235133908307,0.00523989898989899,0.2526469514421322,1
0.0,0.02857142857142857,0.0,0.0,0.029296875,0.0,0.008,0.006300630063006301,0.006300630063006301,0.013307984790874527,0.0,0.011285574092247303,0.000238765320018157,0.0040853381752156154,0.016603535353535353,0.033953997809419496,1
0.0,0.0,0.0,0.0,0.0,0.0,0.0,0.0,0.0,0.0,0.10528316229570507,0.0,0.001997276441216523,0.005447117566954153,0.002967171717171717,0.10113179992698067,1
0.0,0.0,0.0,0.0,0.0,0.0,0.0,0.0,0.0,0.0,0.0,0.0,0.0009369042215161145,0.0040853381752156154,0.003914141414141413,0.0,0
0.0,0.0,0.0,0.0,0.0,0.0,0.0,0.0,0.0,0.0,0.0,0.0,0.0009078529278256923,0.0009078529278256922,0.0001893939393939394,0.0,0
0.0,0.0,0.0,0.0,0.0,0.0,0.10773333333333335,0.019801980198019802,0.0,0.0,0.01710376282782212,0.0,0.0002505674080798911,0.006808896958692692,0.006060606060606061,0.01642935377875137,0
0.0,0.0,0.0,0.0,0.115234375,0.07672301690507151,0.1584,0.26732673267326734,0.0531053105310531,0.0,0.039908779931584946,0.20608439646712465,0.0022042669087607805,0.004993191103041307,0.004482323232323232,0.19167579408543264,1
0.0,0.0,0.0,0.0,0.0,0.0,0.0,0.0,0.0,0.0,0.0,0.0,0.0008896958692691785,0.026327734906945077,0.012815656565656565,0.0,0
0.0,0.048979591836734684,0.0,0.0,0.1171875,0.0,0.0,0.0,0.032403240324032405,0.0,0.0,0.007850834151128559,0.001188379482523831,0.010894235133908307,0.026767676767676767,0.04965315808689303,0
0.0,0.0,0.0,0.0,0.103515625,0.06892067620286085,0.14133333333333334,0.23852385238523852,0.04770477047704771,0.0,0.03534777651083239,0.22865554465161927,0.0036659101225601453,0.026781661370857923,0.008207070707070706,0.2040890836071559,1
0.0,0.19591836734693874,0.0,0.06602475928473178,0.0,0.0,0.0512,0.08640864086408641,0.0,0.09125475285171103,0.16343595591030027,0.21099116781158,0.02266364049024058,0.13799364502950523,0.04583333333333333,0.48922964585615186,1
0.0,0.0,0.0,0.0,0.0,0.0,0.0688,0.0576057605760576,0.0,0.0,0.0,0.0,9.350885156604626e-05,0.0009078529278256922,0.001957070707070707,0.0,1
0.128,0.13061224489795917,0.0,0.04401650618982119,0.0625,0.0,0.1216,0.2934293429342934,0.0288028802880288,0.0,0.0,0.07801766437684005,0.00044847934634589207,0.0040853381752156154,0.008712121212121211,0.29171230376049656,1
0.0,0.0,0.0,0.0,0.0,0.0,0.0,0.0,0.0,0.0,0.499809958190802,0.0,0.0,0.0,0.00037878787878787884,0.4801022270901789,0
0.0,0.0,0.0,0.0,0.0,0.0,0.0,0.0,0.0,0.0,0.0,0.0,0.0002723558783477078,0.0009078529278256922,0.0007575757575757576,0.0,0
0.0,0.0,0.0,0.019257221458046772,0.0,0.0,0.014933333333333335,0.0,0.012601260126012603,0.0,0.0,0.0,0.003931911030413074,0.035860190649114845,0.0648989898989899,0.0,0
0.0,0.0,0.0,0.0,0.0,0.0,0.1744,0.0,0.0,0.0,0.0,0.0,0.0005065819337267363,0.004539264639128461,0.0032828282828282827,0.0,1
0.0,0.07755102040816325,0.07037037037037036,0.008253094910591473,0.01171875,0.0,0.20373333333333335,0.2232223222322232,0.0,0.10836501901140684,0.050551121246674276,0.02011776251226693,0.0020789832047208353,0.03313663186563777,0.06496212121212122,0.20226359985396133,1
0.048,0.0,0.0,0.016506189821182946,0.0,0.07802340702210663,0.12853333333333336,0.021602160216021602,0.0,0.0,0.02128468263017864,0.04612365063788028,0.0002233318202451202,0.005901044030867,0.024494949494949493,0.09857612267250823,1
0.18400000000000002,0.0,0.0,0.0,0.0,0.0,0.09866666666666668,0.49954995499549953,0.041404140414041404,0.0,0.6320790573926264,0.12217860647693819,0.04436314117113028,0.2882433045846573,0.04715909090909091,0.8660094925155166,1
0.07600000000000001,0.0,0.07037037037037036,0.0,0.0,0.024707412223667097,0.02026666666666667,0.0,0.0,0.0,0.008361839604713038,0.02208047105004907,0.0006718111665910122,0.009078529278256923,0.024873737373737374,0.16319824753559695,0
0.064,0.0,0.0,0.0,0.0,0.0,0.16213333333333335,0.15841584158415842,0.0144014401440144,0.0,0.0,0.02698724239450442,0.0007244666364049024,0.002723558783477077,0.01231060606060606,0.07849580138736766,0
0.296,0.0,0.0,0.1017881705639615,0.728515625,0.0,0.2384,0.0666066606660666,0.0,0.0,0.13492968453059673,0.05789990186457312,0.001044030866999546,0.002723558783477077,0.0026515151515151517,0.44286235852500916,1
0.0,0.0,0.37777777777777777,0.0,0.0,0.0,0.018133333333333335,0.06120612061206121,0.0,0.12927756653992398,0.3416951729380464,0.05152109911678116,0.604630049931911,0.604630049931911,0.08415404040404041,0.7389558232931728,1
0.6440000000000001,0.0,0.0,0.11004126547455298,0.0,0.0,0.08586666666666667,0.10891089108910891,0.0,0.0,0.07981755986316989,0.0,0.0031684067181116664,0.01044030866999546,0.014393939393939393,0.6644760861628332,1
0.0,0.0,0.0,0.0,0.0,0.0,0.0,0.0,0.0,0.0,0.0,0.0,0.0002088061733999093,0.0009078529278256922,0.000946969696969697,0.0,0
0.0,0.0,0.0,0.0,0.0,0.08062418725617684,0.13226666666666667,0.16741674167416742,0.0,0.0,0.8722919042189282,0.1069676153091266,0.003782115297321834,0.012256014525646846,0.009722222222222222,0.9174881343556043,1
0.0,0.0,0.0,0.0,0.0,0.0,0.0,0.0,0.0,0.0,0.0,0.0,0.0011575124829777575,0.003177485247389923,0.005681818181818181,0.0,0
0.068,0.06938775510204082,0.01111111111111111,0.0,0.005859375,0.0,0.0432,0.12151215121512152,0.0027002700270027003,0.0,0.002280501710376283,0.03189401373895977,0.0010040853381752153,0.020426690876078075,0.20284090909090907,0.16100766703176342,1
0.0,0.0,0.0,0.0,0.0,0.0,0.0,0.0,0.0,0.0,0.28126187761307486,0.0,0.0004539264639128461,0.0013617793917385383,0.0010732323232323232,0.2701715954728003,0
0.0,0.0,0.0,0.0,0.0,0.0,1.0,0.0,0.0,0.0,0.0,0.0,0.0,0.0,0.00031565656565656563,0.0,0
0.0,0.0,0.0,0.0,0.0,0.45773732119635885,0.12533333333333335,0.31683168316831684,0.0,0.0,0.1573546180159635,0.0,0.0,0.0,0.0008207070707070708,0.1511500547645126,0
0.0,0.0,0.0,0.0,0.0,0.0,0.16426666666666667,0.1107110711071107,0.0,0.0,0.0,0.0,0.0,0.0,0.0011994949494949494,0.0,0
0.0,0.0,0.0,0.0,0.0,0.0,0.18773333333333334,0.0,0.0,0.0,0.03800836183960472,0.0,0.0006191556967771221,0.009532455742169769,0.004292929292929293,0.03650967506389193,0
0.0,0.0,0.0,0.0,0.0,0.0,0.09866666666666668,0.0,0.0,0.0,0.0,0.0,0.0006482069904675442,0.0013617793917385383,0.0006944444444444445,0.0,0
0.0,0.21632653061224488,0.0,0.022008253094910595,0.0,0.05331599479843952,0.19946666666666668,0.1476147614761476,0.018001800180018002,0.0,0.1927023945267959,0.2419038272816487,0.00418338629142079,0.05991829323649569,0.12563131313131312,0.5585980284775467,1
0.0,0.0,0.0,0.0,0.0,0.0,0.2773333333333334,0.0,0.0,0.0,0.1603952869631319,0.0,0.00014525646845211062,0.0013617793917385383,0.0017676767676767678,0.15407082876962394,0
0.0,0.0,0.0,0.0,0.0,0.0,0.0,0.05670567056705671,0.0,0.0,0.0,0.0,0.0008906037221970041,0.004993191103041307,0.0065656565656565654,0.0,0
0.0,0.0,0.0,0.0,0.0,0.046814044213263975,0.09813333333333335,0.0,0.0,0.06844106463878327,0.0,0.0,0.00025147526100771677,0.0009078529278256922,0.004292929292929293,0.0,0
0.0,0.0,0.0,0.0,0.072265625,0.0,0.0,0.0,0.0,0.0,0.0,0.16241413150147205,0.001168406718111666,0.005901044030867,0.01047979797979798,0.12084702446148231,0
0.0,0.0,0.0,0.0,0.0,0.0,0.0224,0.1899189918991899,0.0,0.0,0.01064234131508932,0.041216879293424935,0.002823422605537903,0.027689514298683614,0.025883838383838384,0.04089083607155897,0
0.0,0.17551020408163262,0.0,0.0,0.33984375,0.0,0.046400000000000004,0.0783078307830783,0.0,0.0,0.31736982136069936,0.0,0.0037349069450748978,0.04811620517476169,0.011237373737373737,0.4618473895582329,1
0.0,0.0,0.0,0.0,0.0,0.019505851755526656,0.03306666666666667,0.0279027902790279,0.0,0.0,0.0,0.0,0.0008579210167952792,0.004993191103041307,0.020328282828282827,0.0,0
0.0,0.11020408163265305,0.0,0.03713892709766163,0.0,0.0,0.13066666666666668,0.12241224122412242,0.09720972097209722,0.0,0.18586088939566706,0.019627085377821398,0.0010177031320926012,0.008170676350431231,0.014267676767676768,0.2917123037604965,1
0.0,0.0,0.0,0.0,0.0,0.0,0.057066666666666675,0.09630963096309632,0.0,0.0,0.07297605473204105,0.0,0.001210167952791648,0.008170676350431231,0.0030303030303030303,0.0700985761226725,1
0.0,0.0,0.0,0.0,0.0,0.0,0.05173333333333333,0.08730873087308731,0.0,0.0,0.0,0.0,0.0019773036768043575,0.006354970494779846,0.005555555555555555,0.0,0
0.0,0.06530612244897958,0.18518518518518517,0.022008253094910595,0.0,0.0,0.13440000000000002,0.13591359135913592,0.0144014401440144,0.0,0.030026605853287727,0.05152109911678116,0.0009078529278256923,0.01407172038129823,0.016351010101010102,0.3081416575392479,1
0.0,0.0,0.0,0.0,0.0,0.0,0.0,0.0,0.0,0.0,0.0,0.0,0.00038856105310939627,0.0013617793917385383,0.0005681818181818182,0.0,0
0.0,0.03265306122448979,0.0,0.011004126547455298,0.033203125,0.010403120936280883,0.064,0.2853285328532853,0.037803780378037805,0.015209125475285173,0.03610794374762448,0.006378802747791954,0.0027871084884248756,0.021334543803903767,0.03617424242424242,0.06863818912011684,1
0.0,0.27755102040816326,0.0,0.0,0.0,0.0,0.18133333333333335,0.12241224122412242,0.12241224122412242,0.0,0.09045990117825922,0.1167811579980373,0.001118474807081253,0.008170676350431231,0.005997474747474747,0.4220518437385908,1
0.084,0.0,0.0,0.0,0.0,0.0,0.0,0.0,0.0,0.0,0.0,0.0,0.0016404902405810257,0.017249205628688154,0.023863636363636365,0.07667031763417306,1
0.0,0.0,0.0,0.0,0.0,0.0,0.06346666666666667,0.0,0.0531053105310531,0.0,0.0,0.0,0.0007589650476622789,0.002723558783477077,0.0056186868686868684,0.0,0
0.0,0.0,0.0,0.0,0.13671875,0.0,0.07466666666666667,0.126012601260126,0.0,0.0,0.0,0.0,0.01543349977303677,0.09033136631865638,0.02380050505050505,0.0,0
0.0,0.17551020408163262,0.0,0.0,0.33984375,0.0,0.046400000000000004,0.0783078307830783,0.0,0.0,0.31736982136069936,0.0,0.0037349069450748978,0.04811620517476169,0.011237373737373737,0.4618473895582329,1
0.0,0.0,0.0,0.0,0.0,0.0,0.0,0.0,0.0,0.0,0.0,0.0,0.002471175669541534,0.008624602814344077,0.016856060606060607,0.0,0
0.284,0.0,0.0,0.0,0.0,0.0,0.07573333333333333,0.0639063906390639,0.0,0.0,0.4158114785252756,0.0,0.0009269178393100317,0.006808896958692692,0.0059343434343434335,0.6586345381526105,1
0.0,0.0,0.0,0.0,0.0,0.0,0.19733333333333336,0.0,0.0,0.0,0.0,0.0,0.0004539264639128461,0.0018157058556513845,0.0010732323232323232,0.0,0
0.42000000000000004,0.0,0.0,0.07152682255845944,0.0,0.0,0.14026666666666668,0.0,0.0,0.0,0.11060433295324971,0.0,0.0021180208806173403,0.019064911484339538,0.007512626262626262,0.4895947426067908,1
0.044000000000000004,0.0,0.0,0.0,0.03125,0.0,0.07200000000000001,0.0657065706570657,0.0,0.009505703422053233,0.01596351197263398,0.0,0.0009359963685882888,0.009532455742169769,0.061237373737373736,0.05549470609711574,0
0.0,0.0,0.0,0.0,0.0,0.0,0.0,0.1629162916291629,0.0,0.0,0.11744583808437857,0.0,0.00030231502496595546,0.004539264639128461,0.0034722222222222225,0.11281489594742607,1
0.0,0.0,0.0,0.06327372764786797,0.0,0.0,0.14933333333333335,0.16741674167416742,0.126012601260126,0.0,0.14063093880653743,0.0,0.004663640490240581,0.024058102587380847,0.019696969696969695,0.13508579773640014,1
0.0,0.0,0.0,0.0,0.0,0.0,0.0,0.0,0.09720972097209722,0.0,0.0,0.19087340529931307,0.0023604176123467996,0.006808896958692692,0.004482323232323232,0.14202263599853962,1
0.0,0.0,0.0,0.0,0.0,0.0,0.13653333333333334,0.153015301530153,0.0,0.0,0.056632459141011025,0.0,3.631411711302768e-05,0.00045392646391284613,0.0015782828282828283,0.05439941584519898,0
0.132,0.1877551020408163,0.0,0.0027510316368638244,0.08203125,0.0026007802340702207,0.16266666666666665,0.12871287128712872,0.0315031503150315,0.06653992395437262,0.12352717597871533,0.25662414131501476,0.005195642305946437,0.2015433499773037,0.2605429292929293,0.5980284775465499,1
0.0,0.0,0.0,0.0,0.0,0.0,0.054400000000000004,0.0,0.0,0.0,0.0668947168377043,0.0,0.00021879255560599187,0.0009078529278256922,0.0022095959595959595,0.0642570281124498,0
0.0,0.0,0.0,0.0,0.0,0.0,0.09066666666666667,0.0765076507650765,0.0,0.0,0.0,0.0,0.00020699046754425775,0.0013617793917385383,0.0026515151515151517,0.0,0
0.0,0.0,0.44814814814814813,0.16643741403026135,0.951171875,0.0,0.12960000000000002,0.4383438343834383,0.10891089108910891,0.23003802281368824,0.21094640820980617,0.0,0.09411348161597821,0.1407172038129823,0.01976010101010101,0.6443957648776927,1
0.0,0.0,0.0,0.0,0.0,0.0,0.06133333333333333,0.0513051305130513,0.036003600360036005,0.0,0.0201444317749905,0.014720314033366046,0.0014053563322741717,0.021788470267816613,0.07152777777777779,0.0303030303030303,0
0.0,0.10612244897959183,0.0,0.008253094910591473,0.0,0.0,0.192,0.1017101710171017,0.018001800180018002,0.0,0.15583428354237933,0.0942100098135427,0.003408079891057648,0.12119836586472992,0.05126262626262626,0.31471339905074847,1
0.0,0.11020408163265305,0.0,0.008253094910591473,0.0,0.0,0.1962666666666667,0.07290729072907291,0.018001800180018002,0.0,0.18015963511972635,0.09666339548577038,0.0020753517930095326,0.023604176123467997,0.03832070707070707,0.3435560423512231,1
0.0,0.0,0.0,0.0,0.244140625,0.0,0.0,0.0,0.22502250225022502,0.0,0.0,0.08930323846908735,0.0023104857013163866,0.009078529278256923,0.00486111111111111,0.06644760861628332,1
0.0,0.0,0.0,0.0,0.0,0.0,0.0,0.0,0.0,0.0,0.0,0.0,0.002966863368134362,0.012256014525646846,0.01799242424242424,0.0,0
0.132,0.1877551020408163,0.0,0.0027510316368638244,0.08203125,0.0026007802340702207,0.16266666666666665,0.12871287128712872,0.0315031503150315,0.06653992395437262,0.12352717597871533,0.25662414131501476,0.005195642305946437,0.2015433499773037,0.2605429292929293,0.5980284775465499,1
0.0,0.0,0.0,0.06877579092159561,0.0,0.19765929778933677,0.10826666666666666,0.13681368136813682,0.045004500450045004,0.0,0.15659445077917142,0.20215897939156036,0.0013082160689968222,0.008170676350431231,0.015656565656565657,0.3008397225264695,1
0.24,0.24489795918367344,0.0,0.0,0.0,0.0,0.0,0.0,0.0,0.0,0.03876852907639681,0.3532875368007851,0.003188379482523831,0.019064911484339538,0.011616161616161616,0.7382256297918948,1
0.0,0.0,0.0,0.0,0.0,0.0,0.21760000000000002,0.18361836183618363,0.0,0.0,0.0,0.0,0.0,0.0,0.00044191919191919195,0.0,0
0.05600000000000001,0.0,0.05185185185185186,0.019257221458046772,0.0,0.09362808842652795,0.022933333333333333,0.052205220522052204,0.0,0.0,0.22234891676168758,0.022571148184494606,0.0036495687698592824,0.05946436677258284,0.061742424242424244,0.3326031398320555,1
0.0,0.0,0.0,0.0,0.0,0.0,0.0,0.0,0.0,0.0,0.0,0.0,0.0011992737176577395,0.009532455742169769,0.00404040404040404,0.0,0
0.0,0.0,0.0,0.0,0.0,0.0,0.10026666666666667,0.0,0.0,0.0,0.0,0.0,0.0022696323195642307,0.006354970494779846,0.0030303030303030303,0.0,1
0.34800000000000003,0.06938775510204082,0.06296296296296297,0.0,0.0,0.0,0.07413333333333333,0.0783078307830783,0.046804680468046804,0.0,0.12998859749144814,0.351324828263003,0.0017911938266000904,0.01543349977303677,0.0211489898989899,0.8280394304490689,1
0.0,0.0,0.0,0.0,0.0,0.0,0.28053333333333336,0.0,0.0,0.0,0.3983276320790574,0.0,0.0021180208806173403,0.0040853381752156154,0.0018308080808080809,0.3826213946695875,1
0.0,0.0,0.0,0.0,0.0,0.0,0.09333333333333334,0.0,0.0,0.0,0.09502090459901179,0.0,0.00025873808443032233,0.0009078529278256922,0.0010732323232323232,0.09127418765972983,0
0.0,0.0,0.0,0.0,0.0,0.0,0.05653333333333334,0.0,0.0,0.0,0.06385404789053592,0.0,0.0006808896958692693,0.002723558783477077,0.003914141414141413,0.06133625410733845,0
0.0,0.0,0.0,0.0,0.080078125,0.0,0.08853333333333334,0.11251125112511251,0.0,0.0779467680608365,0.0,0.0,0.007665910122560146,0.024058102587380847,0.016035353535353535,0.0,1
0.0,0.0,0.0,0.1348005502063274,0.19140625,0.0,0.13066666666666668,0.1764176417641764,0.0,0.0,0.24515393386545042,0.031403336604514234,0.0023168406718111667,0.010894235133908307,0.008459595959595959,0.2588535962029938,1
0.0,0.0,0.0,0.0,0.0,0.0,0.0784,0.0,0.0,0.0,0.0,0.0,0.001262823422605538,0.009078529278256923,0.003409090909090909,0.0,0
0.34400000000000003,0.13877551020408163,0.06296296296296297,0.011004126547455298,0.06640625,0.0,0.09706666666666668,0.11701170117011701,0.09360936093609361,0.09885931558935362,0.13606993538578488,0.1280667320902846,0.002324103495233772,0.024058102587380847,0.061742424242424244,0.7261774370208105,1
0.0,0.0,0.0,0.0,0.0,0.0,0.0368,0.0621062106210621,0.0,0.0,0.0,0.039254170755642796,0.0013508851566046299,0.006354970494779846,0.007007575757575758,0.029207740051113547,0
0.0,0.0,0.0,0.0,0.0,0.0,0.22453333333333333,0.18901890189018902,0.0,0.0,0.0,0.0,0.0013990013617793916,0.004993191103041307,0.003787878787878788,0.0,0
0.0,0.0,0.0,0.0,0.05859375,0.0,0.016,0.027002700270027002,0.0,0.0,0.0,0.047595682041216884,0.0020245120290512935,0.03449841125737631,0.013194444444444444,0.035414384811975175,1
0.0,0.0,0.0,0.0,0.0,0.15474642392717813,0.0,0.1071107110711071,0.0,0.0,0.10870391486126947,0.0,0.0015651384475714935,0.005447117566954153,0.004924242424242424,0.10441767068273092,0
0.0,0.0,0.0,0.0,0.0,0.0,0.13493333333333332,0.0,0.0,0.0,0.04484986697073356,0.0,0.00027871084884248745,0.002723558783477077,0.004229797979797979,0.04308141657539248,1
0.0,0.0,0.0,0.0,0.0,0.0,0.07733333333333334,0.018001800180018002,0.0,0.038022813688212934,0.04142911440516914,0.0,0.0001697684975034045,0.004539264639128461,0.007133838383838384,0.03979554581964221,0
0.0,0.0,0.0,0.0,0.0,0.0,0.12533333333333335,0.0,0.0,0.0,0.0,0.0,0.0005002269632319564,0.0040853381752156154,0.002777777777777778,0.0,0
0.0,0.0,0.0,0.0,0.0,0.0,0.1552,0.1494149414941494,0.0,0.0,0.10756366400608133,0.0,0.0009278256922378574,0.005447117566954153,0.005681818181818181,0.10332238043081417,0
0.0,0.0,0.0,0.0,0.0,0.0,0.0,0.0,0.0,0.0,0.0,0.0,0.0005873808443032229,0.0013617793917385383,0.0017045454545454547,0.0,0
0.44400000000000006,0.0,0.0,0.0,0.0,0.0,0.08906666666666667,0.15031503150315031,0.0,0.0,0.03268719118206005,0.042198233562316,0.002874262369496142,0.007716749886518385,0.007828282828282828,0.46805403431909465,1
0.0,0.0,0.0,0.0,0.33203125,0.0,0.06026666666666666,0.0,0.0,0.0,0.0,0.0,0.0009332728098048116,0.005447117566954153,0.004419191919191919,0.0,0
0.536,0.0,0.0,0.0,0.0,0.0,0.11946666666666668,0.4032403240324033,0.0,0.0,0.0,0.0,0.00087880163413527,0.004539264639128461,0.007765151515151515,0.4892296458561519,1
0.0,0.0,0.0,0.0,0.130859375,0.0,0.16266666666666665,0.1827182718271827,0.0,0.0,0.0,0.0,0.0006191556967771221,0.009078529278256923,0.004292929292929293,0.0,1
0.0,0.0,0.0,0.0,0.0,0.0,0.05493333333333334,0.04590459045904591,0.0,0.0,0.0,0.0,0.0014525646845211077,0.017703132092601,0.008143939393939394,0.0,0
0.05600000000000001,0.0,0.0,0.0,0.0,0.018205461638491547,0.0074666666666666675,0.012601260126012603,0.0,0.0,0.008361839604713038,0.0,0.0014716295960054472,0.031320926009986386,0.02657828282828283,0.059145673603504936,0
0.404,0.0,0.0,0.0,0.0,0.13133940182054615,0.2693333333333333,0.09090909090909091,0.0,0.0,0.0,0.0,0.008170676350431231,0.024512029051293693,0.003724747474747475,0.36874771814530855,0
0.05600000000000001,0.11428571428571428,0.05185185185185186,0.0,0.027343750000000003,0.036410923276983094,0.23146666666666668,0.18901890189018902,0.07560756075607561,0.07984790874524715,0.14481185860889398,0.024533856722276745,0.0012001815705855652,0.006354970494779846,0.013573232323232322,0.3618108798831691,1
0.0,0.0,0.0,0.0,0.0,0.0,0.14026666666666668,0.2367236723672367,0.0,0.0,0.0,0.0,0.0005447117566954154,0.0013617793917385383,0.000946969696969697,0.0,0
0.04000000000000001,0.13877551020408163,0.0,0.006877579092159561,0.091796875,0.0,0.17226666666666668,0.1341134113411341,0.023402340234023402,0.07984790874524715,0.12466742683390347,0.42100098135426894,0.004473899228325012,0.08987743985474353,0.19943181818181818,0.5936473165388829,1
0.0,0.0,0.0,0.0,0.0,0.0,0.10880000000000001,0.0,0.0,0.0,0.0,0.0,9.078529278256926e-05,0.00045392646391284613,0.0006313131313131314,0.0,0
0.0,0.0,0.0,0.0,0.0,0.0,0.0,0.0,0.0,0.0,0.0,0.0,0.0005292782569223787,0.003177485247389923,0.0023358585858585857,0.0,0
0.0,0.17551020408163262,0.0,0.028885832187070155,0.013671875000000002,0.036410923276983094,0.18506666666666668,0.14311431143114312,0.006300630063006301,0.0,0.14139110604332955,0.08832188420019628,0.0037349069450748978,0.04539264639128461,0.0648358585858586,0.3585250091274188,1
0.0,0.0,0.0,0.0,0.0,0.0,0.16053333333333333,0.0,0.0,0.0,0.03230710756366401,0.0,0.0006672719019518838,0.009532455742169769,0.005744949494949495,0.031033223804308147,0
0.0,0.0,0.0,0.0,0.0,0.0,0.2634666666666667,0.09810981098109811,0.0,0.0,0.24933485366780694,0.0,0.00044303222877893785,0.0018157058556513845,0.004166666666666667,0.2395034684191311,0
0.2,0.0,0.0,0.034387895460797804,0.0,0.0,0.08106666666666668,0.09090909090909091,0.0,0.0,0.031166856708475868,0.02011776251226693,0.000807989105764866,0.007716749886518385,0.01414141414141414,0.22745527564804674,1
0.0,0.0,0.0,0.0,0.0,0.0,0.057066666666666675,0.09630963096309632,0.0,0.0,0.07297605473204105,0.0,0.001210167952791648,0.008170676350431231,0.0030303030303030303,0.0700985761226725,1
0.388,0.0,0.0,0.13342503438789546,0.0,0.0,0.0,0.08730873087308731,0.0,0.0,0.0,0.08194308145240434,0.0022696323195642307,0.005447117566954153,0.004797979797979798,0.4151150054764513,1
0.0,0.23265306122448975,0.0,0.07840440165061899,0.0,0.07412223667100129,0.2464,0.1035103510351035,0.0,0.0,0.19688331432915243,0.0,0.008276895142986837,0.014525646845211076,0.010795454545454546,0.39722526469514424,1
0.0,0.36734693877551017,0.0,0.1237964236588721,0.17578125,0.11703511053315993,0.09653333333333335,0.24482448244824484,0.0,0.0,0.20410490307867735,0.0,0.0016177939173853836,0.008170676350431231,0.003977272727272727,0.5246440306681271,1
0.0,0.0,0.0,0.02475928473177442,0.072265625,0.048114434330299084,0.168,0.08280828082808281,0.0,0.0,0.17293804637020146,0.0,0.00029051293690422156,0.0013617793917385383,0.0043560606060606055,0.1661190215407083,1
0.0,0.0,0.0,0.0,0.0,0.0,0.0,0.0,0.2871287128712871,0.0,0.07867730900798175,0.10157016683022572,0.0025065819337267365,0.010894235133908307,0.004924242424242424,0.1511500547645126,1
0.0,0.0,0.0,0.0,0.0,0.0,0.176,0.024302430243024305,0.0,0.05133079847908746,0.018244013683010263,0.0,0.0007925556059918294,0.02088061733999092,0.007386363636363636,0.017524644030668127,0
0.0,0.0,0.0,0.0,0.0,0.0,0.08,0.0,0.0,0.0,0.0,0.06280667320902847,0.0024121652292328644,0.012256014525646846,0.008017676767676767,0.046732384081781674,0
0.0,0.0,0.0,0.0,0.0,0.0,0.11573333333333334,0.12961296129612962,0.0,0.0,0.0,0.0,0.00034407625964593747,0.002723558783477077,0.002462121212121212,0.0,1
0.0,0.0,0.0,0.0,0.103515625,0.06892067620286085,0.14133333333333334,0.23852385238523852,0.04770477047704771,0.0,0.03534777651083239,0.22865554465161927,0.0036659101225601453,0.026781661370857923,0.008207070707070706,0.2040890836071559,1
0.0,0.0,0.0,0.0,0.0,0.0,0.04373333333333333,0.0,0.0,0.0,0.09122006841505131,0.0,0.0033281888334089882,0.014979573309123922,0.00789141414141414,0.08762322015334063,0
0.0,0.0,0.0,0.0,0.044921875,0.0,0.0,0.020702070207020702,0.0,0.04372623574144487,0.009882174078297225,0.0,0.0011093962778029958,0.009986382206082615,0.03023989898989899,0.009492515516611903,0
0.0,0.0,0.0,0.0,0.0,0.0,0.0,0.0,0.0,0.0,0.0,0.0,0.00043667725828415796,0.0018157058556513845,0.002462121212121212,0.0,0
0.0,0.1020408163265306,0.0,0.0,0.0,0.06501950585175552,0.16,0.24752475247524752,0.0,0.0,0.15469403268719117,0.4892051030421983,0.002194280526554698,0.021788470267816613,0.01698232323232323,0.6038700255567725,1
0.1,0.03265306122448979,0.06296296296296297,0.034387895460797804,0.015625,0.12093628088426527,0.08586666666666667,0.037803780378037805,0.015301530153015303,0.11216730038022814,0.15317369821360702,0.057409224730127585,0.005886518384021789,0.3032228778937812,0.08876262626262627,0.3723986856516977,1
0.084,0.02040816326530612,0.018518518518518517,0.0,0.01953125,0.0,0.0864,0.09720972097209722,0.0,0.0,0.023565184340554924,0.022571148184494606,0.0009142078983204722,0.01407172038129823,0.06470959595959597,0.15261044176706828,0
0.0,0.0,0.0,0.0,0.05664062499999999,0.0,0.015466666666666667,0.026102610261026102,0.0,0.055133079847908745,0.01976434815659445,0.0,0.0015624148887880165,0.016795279164775308,0.03566919191919192,0.018985031033223805,0
0.5,0.0,0.0,0.0,0.0,0.1625487646293888,0.13333333333333333,0.11251125112511251,0.0,0.0,0.0,0.0,0.0028833408987743985,0.024512029051293693,0.004419191919191919,0.45637093829864916,0
0.0,0.0,0.0,0.0,0.0078125,0.0,0.009066666666666667,0.0072007200720072,0.0,0.08365019011406845,0.0,0.005397448478900883,0.0025882886972310483,0.028597367226509306,0.09987373737373738,0.004016064257028112,0
0.0,0.0,0.0,0.0,0.0,0.0,0.0,0.21872187218721872,0.0,0.0,0.0,0.0,0.0039037675896504763,0.017703132092601,0.0032828282828282827,0.0,0
0.0,0.0,0.0,0.0,0.0,0.0,0.1418666666666667,0.023402340234023402,0.0,0.0,0.0,0.0,0.00020154334997730375,0.0018157058556513845,0.004797979797979798,0.0,0
0.0,0.0,0.0,0.0,0.0,0.0,0.2730666666666667,0.0,0.0,0.0,0.5864690231851007,0.0,0.0016132546527462552,0.0022696323195642307,0.0015151515151515152,0.5633442862358525,1
0.0,0.0,0.0,0.0,0.0,0.23537061118335498,0.0,0.28622862286228623,0.0,0.0,0.0,0.0,0.002162505674080799,0.023604176123467997,0.009974747474747475,0.0,0
0.0,0.0,0.0,0.0,0.001953125,0.009102730819245773,0.0005333333333333334,0.0009000900090009,0.0009000900090009,0.005703422053231939,0.0007601672367920944,0.04416094210009814,0.0014316840671811165,0.03676804357694054,0.34053030303030307,0.033588901058780575,0
0.0,0.0,0.0,0.0,0.0,0.0,0.13653333333333334,0.0,0.0,0.0,0.0,0.0,0.0009387199273717656,0.005447117566954153,0.0036616161616161618,0.0,0
0.0,0.0,0.0,0.0,0.0,0.0,0.3136,0.0,0.0,0.0,0.0,0.0,0.0013617793917385383,0.0013617793917385383,0.0002525252525252525,0.0,0
0.0,0.0,0.0,0.0,0.0,0.0,0.038933333333333334,0.0,0.0,0.0,0.0,0.0,0.0010258738084430322,0.004993191103041307,0.014330808080808081,0.0,1
